Age,Attrition,BusinessTravel,DailyRate,Department,DistanceFromHome,Education,EducationField,EmployeeCount,EmployeeNumber,EnvironmentSatisfaction,Gender,HourlyRate,JobInvolvement,JobLevel,JobRole,JobSatisfaction,MaritalStatus,MonthlyIncome,MonthlyRate,NumCompaniesWorked,Over18,OverTime,PercentSalaryHike,PerformanceRating,RelationshipSatisfaction,StandardHours,StockOptionLevel,TotalWorkingYears,TrainingTimesLastYear,WorkLifeBalance,YearsAtCompany,YearsInCurrentRole,YearsSinceLastPromotion,YearsWithCurrManager
41,Yes,Travel_Rarely,1102,Sales,1,2,Life Sciences,1,1,2,e8cca808ae5a,94,3,2,Sales Executive,4,Single,5a2398a2ea27,19479,8,Y,Yes,4fc82b26aecb,3,6b86b273ff34,80,0,8,0,1,6,4,0,5
49,No,Travel_Frequently,279,Research & Development,8,1,Life Sciences,1,2,3,03f8c1273e3d,61,2,2,Research Scientist,2,Married,ec34d6f17350,24907,1,Y,No,535fa30d7e25,4,4b227777d4dd,80,1,10,3,3,10,7,1,7
37,Yes,Travel_Rarely,1373,Research & Development,2,2,Other,1,4,4,03f8c1273e3d,92,2,1,Laboratory Technician,3,Single,6589ed9b9dd4,2396,6,Y,Yes,e629fa6598d7,3,d4735e3a265e,80,0,7,3,3,0,0,0,0
33,No,Travel_Frequently,1392,Research & Development,3,4,Life Sciences,1,5,4,e8cca808ae5a,56,3,1,Research Scientist,3,Married,69e62ea6ec1e,23159,1,Y,Yes,4fc82b26aecb,3,4e07408562be,80,0,8,3,3,8,7,3,0
27,No,Travel_Rarely,591,Research & Development,2,1,Medical,1,7,1,03f8c1273e3d,40,3,1,Laboratory Technician,2,Married,11f4138f4d6e,16632,9,Y,No,6b51d431df5d,3,4b227777d4dd,80,1,6,3,3,2,2,2,2
32,No,Travel_Frequently,1005,Research & Development,2,2,Life Sciences,1,8,4,03f8c1273e3d,79,3,1,Laboratory Technician,4,Single,e12868d1f396,11864,0,Y,No,3fdba35f04dc,3,4e07408562be,80,0,8,2,2,7,7,3,6
59,No,Travel_Rarely,1324,Research & Development,3,3,Medical,1,10,3,e8cca808ae5a,81,4,1,Laboratory Technician,1,Married,363341185eb0,9964,4,Y,Yes,f5ca38f748a1,4,6b86b273ff34,80,3,12,3,2,1,0,0,0
30,No,Travel_Rarely,1358,Research & Development,24,1,Life Sciences,1,11,4,03f8c1273e3d,67,3,1,Laboratory Technician,3,Divorced,a080bd4f0f51,13335,1,Y,No,785f3ec7eb32,4,d4735e3a265e,80,1,1,2,3,1,0,0,0
38,No,Travel_Frequently,216,Research & Development,23,3,Life Sciences,1,12,4,03f8c1273e3d,44,2,3,Manufacturing Director,3,Single,a7a868b19967,8787,0,Y,No,6f4b6612125f,4,d4735e3a265e,80,0,10,2,3,9,7,1,8
36,No,Travel_Rarely,1299,Research & Development,27,3,Medical,1,13,3,03f8c1273e3d,94,3,2,Healthcare Representative,3,Married,23f08458907b,16577,6,Y,No,3fdba35f04dc,3,d4735e3a265e,80,2,17,3,2,7,7,7,7
35,No,Travel_Rarely,809,Research & Development,16,3,Medical,1,14,1,03f8c1273e3d,84,4,1,Laboratory Technician,2,Married,9b04f5410f80,16479,0,Y,No,3fdba35f04dc,3,4e07408562be,80,1,6,5,3,5,4,0,3
29,No,Travel_Rarely,153,Research & Development,15,2,Life Sciences,1,15,4,e8cca808ae5a,49,2,2,Laboratory Technician,3,Single,c13b38201136,12682,0,Y,Yes,6b51d431df5d,3,4b227777d4dd,80,0,10,3,3,9,5,0,8
31,No,Travel_Rarely,670,Research & Development,26,1,Life Sciences,1,16,1,03f8c1273e3d,31,3,1,Research Scientist,3,Divorced,3ed23197a086,15170,1,Y,No,4523540f1504,3,4b227777d4dd,80,1,5,1,2,5,2,4,3
34,No,Travel_Rarely,1346,Research & Development,19,2,Medical,1,18,2,03f8c1273e3d,93,3,1,Laboratory Technician,4,Divorced,5d7ff90d7dbc,8758,0,Y,No,4fc82b26aecb,3,4e07408562be,80,1,3,2,3,2,2,1,2
28,Yes,Travel_Rarely,103,Research & Development,24,3,Life Sciences,1,19,3,03f8c1273e3d,50,2,1,Laboratory Technician,3,Single,6ae9e4d22c46,12947,5,Y,Yes,8527a891e224,3,d4735e3a265e,80,0,6,4,3,4,2,0,3
29,No,Travel_Rarely,1389,Research & Development,21,4,Life Sciences,1,20,2,e8cca808ae5a,51,4,3,Manufacturing Director,1,Divorced,dce4f225f420,10195,1,Y,No,4fc82b26aecb,3,4e07408562be,80,1,10,1,3,10,9,8,8
32,No,Travel_Rarely,334,Research & Development,5,2,Life Sciences,1,21,1,03f8c1273e3d,80,4,1,Research Scientist,2,Divorced,710a141a6043,15053,0,Y,Yes,6b51d431df5d,3,4b227777d4dd,80,2,7,5,2,6,2,0,5
22,No,Non-Travel,1123,Research & Development,16,2,Medical,1,22,4,03f8c1273e3d,96,4,1,Laboratory Technician,4,Divorced,ee134c360924,7324,1,Y,Yes,3fdba35f04dc,3,d4735e3a265e,80,2,1,2,2,1,0,0,0
53,No,Travel_Rarely,1219,Sales,2,4,Life Sciences,1,23,1,e8cca808ae5a,78,2,4,Manager,4,Married,fc6ff81abf22,22021,2,Y,No,b17ef6d19c7a,3,4e07408562be,80,0,31,3,3,25,8,3,7
38,No,Travel_Rarely,371,Research & Development,2,3,Life Sciences,1,24,4,03f8c1273e3d,45,3,1,Research Scientist,4,Single,63d5537f6935,4306,5,Y,Yes,4fc82b26aecb,3,4e07408562be,80,0,6,3,3,3,2,1,2
24,No,Non-Travel,673,Research & Development,11,2,Other,1,26,1,e8cca808ae5a,96,4,2,Manufacturing Director,3,Divorced,0f179fbfd346,8232,0,Y,No,4ec9599fc203,3,4b227777d4dd,80,1,5,5,2,4,2,1,3
36,Yes,Travel_Rarely,1218,Sales,9,4,Life Sciences,1,27,3,03f8c1273e3d,82,2,1,Sales Representative,1,Single,ab58ad627e6b,6986,7,Y,No,535fa30d7e25,4,d4735e3a265e,80,0,10,4,3,5,3,0,3
34,No,Travel_Rarely,419,Research & Development,7,4,Life Sciences,1,28,1,e8cca808ae5a,53,3,3,Research Director,2,Single,1ea595757b93,21293,0,Y,No,4fc82b26aecb,3,4e07408562be,80,0,13,4,3,12,6,2,11
21,No,Travel_Rarely,391,Research & Development,15,2,Life Sciences,1,30,3,03f8c1273e3d,96,3,1,Research Scientist,4,Single,b6602f58690c,19281,1,Y,No,8527a891e224,3,4b227777d4dd,80,0,0,6,3,0,0,0,0
34,Yes,Travel_Rarely,699,Research & Development,6,1,Medical,1,31,2,03f8c1273e3d,83,3,1,Research Scientist,1,Single,b519d4ef7195,17102,2,Y,No,4fc82b26aecb,3,4e07408562be,80,0,8,2,3,4,2,1,3
53,No,Travel_Rarely,1282,Research & Development,5,3,Other,1,32,3,e8cca808ae5a,58,3,5,Manager,3,Divorced,7297deed53c8,10735,4,Y,No,4fc82b26aecb,3,4b227777d4dd,80,1,26,3,2,14,13,4,8
32,Yes,Travel_Frequently,1125,Research & Development,16,1,Life Sciences,1,33,2,e8cca808ae5a,72,1,1,Research Scientist,1,Single,defaef0cc4de,4681,1,Y,Yes,785f3ec7eb32,4,d4735e3a265e,80,0,10,5,3,10,2,6,7
42,No,Travel_Rarely,691,Sales,8,4,Marketing,1,35,3,03f8c1273e3d,48,3,2,Sales Executive,2,Married,e4f58984a4bd,21173,0,Y,No,4fc82b26aecb,3,4b227777d4dd,80,1,10,2,3,9,7,4,2
44,No,Travel_Rarely,477,Research & Development,7,4,Medical,1,36,1,e8cca808ae5a,42,2,3,Healthcare Representative,4,Married,74b66466ac3c,2094,3,Y,No,8527a891e224,3,4b227777d4dd,80,1,24,4,3,22,6,5,17
46,No,Travel_Rarely,705,Sales,2,4,Marketing,1,38,2,e8cca808ae5a,83,3,5,Manager,1,Single,a34b2f38e9fe,22822,3,Y,No,6b51d431df5d,3,4b227777d4dd,80,0,22,2,2,2,2,2,1
33,No,Travel_Rarely,924,Research & Development,2,3,Medical,1,39,3,03f8c1273e3d,78,3,1,Laboratory Technician,4,Single,94f136bbfce5,6670,4,Y,No,4fc82b26aecb,3,4b227777d4dd,80,0,7,3,3,1,1,0,0
44,No,Travel_Rarely,1459,Research & Development,10,4,Other,1,40,4,03f8c1273e3d,41,3,2,Healthcare Representative,4,Married,0c73ebfedfb4,19121,2,Y,Yes,3fdba35f04dc,3,4b227777d4dd,80,0,9,5,4,4,2,1,3
30,No,Travel_Rarely,125,Research & Development,9,2,Medical,1,41,4,03f8c1273e3d,83,2,1,Laboratory Technician,3,Single,153ebeeacf6b,16117,1,Y,No,3fdba35f04dc,3,6b86b273ff34,80,0,10,5,3,10,0,1,8
39,Yes,Travel_Rarely,895,Sales,5,3,Technical Degree,1,42,4,03f8c1273e3d,56,3,2,Sales Representative,4,Married,baffc1e34bdd,3335,3,Y,No,8527a891e224,3,4e07408562be,80,1,19,6,4,1,0,0,0
24,Yes,Travel_Rarely,813,Research & Development,1,3,Medical,1,45,2,03f8c1273e3d,61,3,1,Research Scientist,4,Married,83d7ce01060c,3020,2,Y,Yes,b17ef6d19c7a,3,6b86b273ff34,80,1,6,2,2,2,0,2,0
43,No,Travel_Rarely,1273,Research & Development,2,2,Medical,1,46,4,e8cca808ae5a,72,4,1,Research Scientist,3,Divorced,c63bd0d975c6,21923,1,Y,No,6b51d431df5d,3,4b227777d4dd,80,2,6,3,2,5,3,1,4
50,Yes,Travel_Rarely,869,Sales,3,2,Marketing,1,47,1,03f8c1273e3d,86,2,1,Sales Representative,3,Married,6a08be905c07,3810,1,Y,Yes,8527a891e224,3,4e07408562be,80,0,3,2,3,3,2,0,2
35,No,Travel_Rarely,890,Sales,2,3,Marketing,1,49,4,e8cca808ae5a,97,3,1,Sales Representative,4,Married,96da37e95d5c,9687,1,Y,No,3fdba35f04dc,3,6b86b273ff34,80,0,2,3,3,2,2,2,2
36,No,Travel_Rarely,852,Research & Development,5,4,Life Sciences,1,51,2,e8cca808ae5a,82,2,1,Research Scientist,1,Married,022c90883c39,13072,9,Y,Yes,8527a891e224,3,4b227777d4dd,80,1,6,3,4,1,1,0,0
33,No,Travel_Frequently,1141,Sales,1,3,Life Sciences,1,52,3,e8cca808ae5a,42,4,2,Sales Executive,1,Married,1cea97c28cd6,3193,2,Y,No,9400f1b21cb5,3,6b86b273ff34,80,2,10,3,3,5,3,1,3
35,No,Travel_Rarely,464,Research & Development,4,2,Other,1,53,3,03f8c1273e3d,75,3,1,Laboratory Technician,4,Divorced,3510a92fc7dd,10910,1,Y,No,6b51d431df5d,3,4e07408562be,80,1,1,3,3,1,0,0,0
27,No,Travel_Rarely,1240,Research & Development,2,4,Life Sciences,1,54,4,e8cca808ae5a,33,3,1,Laboratory Technician,1,Divorced,27d73d98c36f,19715,1,Y,No,3fdba35f04dc,3,4b227777d4dd,80,1,1,6,3,1,0,0,0
26,Yes,Travel_Rarely,1357,Research & Development,25,3,Life Sciences,1,55,1,03f8c1273e3d,48,1,1,Laboratory Technician,3,Single,83d7ce01060c,10558,1,Y,No,6b51d431df5d,3,4e07408562be,80,0,1,2,2,1,0,0,1
27,No,Travel_Frequently,994,Sales,8,3,Life Sciences,1,56,4,03f8c1273e3d,37,3,3,Sales Executive,3,Single,7d96fa95a609,2975,1,Y,No,e629fa6598d7,3,4b227777d4dd,80,0,9,0,3,9,8,1,7
30,No,Travel_Frequently,721,Research & Development,1,2,Medical,1,57,3,e8cca808ae5a,58,3,2,Laboratory Technician,4,Single,0f179fbfd346,10781,1,Y,No,535fa30d7e25,4,4b227777d4dd,80,0,12,2,3,12,8,3,7
41,Yes,Travel_Rarely,1360,Research & Development,12,3,Technical Degree,1,58,2,e8cca808ae5a,49,3,5,Research Director,3,Married,5da37de30aed,16280,1,Y,No,6b51d431df5d,3,4b227777d4dd,80,0,23,0,3,22,15,15,8
34,No,Non-Travel,1065,Sales,23,4,Marketing,1,60,2,03f8c1273e3d,72,3,2,Sales Executive,3,Single,7d91b762b534,10034,0,Y,No,f5ca38f748a1,4,4e07408562be,80,0,10,2,3,9,5,8,7
37,No,Travel_Rarely,408,Research & Development,19,2,Life Sciences,1,61,2,03f8c1273e3d,73,3,1,Research Scientist,2,Married,64502fbae8e0,10227,4,Y,No,6f4b6612125f,4,6b86b273ff34,80,0,8,1,3,1,0,0,0
46,No,Travel_Frequently,1211,Sales,5,4,Marketing,1,62,1,03f8c1273e3d,98,3,2,Sales Executive,4,Single,1246892ef4ec,20445,4,Y,Yes,6f4b6612125f,4,4e07408562be,80,0,14,4,3,9,6,0,8
35,No,Travel_Rarely,1229,Research & Development,8,1,Life Sciences,1,63,4,03f8c1273e3d,36,4,1,Laboratory Technician,4,Married,5292478e83f6,4892,1,Y,No,9400f1b21cb5,3,4b227777d4dd,80,0,1,2,3,1,0,0,1
48,Yes,Travel_Rarely,626,Research & Development,1,2,Life Sciences,1,64,1,03f8c1273e3d,98,2,3,Laboratory Technician,3,Single,5b761850c1f3,19294,9,Y,Yes,3fdba35f04dc,3,4b227777d4dd,80,0,23,2,3,1,0,0,0
28,Yes,Travel_Rarely,1434,Research & Development,5,4,Technical Degree,1,65,3,03f8c1273e3d,50,3,1,Laboratory Technician,3,Single,6b724a6630cc,11179,1,Y,Yes,3fdba35f04dc,3,4e07408562be,80,0,2,3,2,2,2,2,2
44,No,Travel_Rarely,1488,Sales,1,5,Marketing,1,68,2,e8cca808ae5a,75,3,2,Sales Executive,1,Divorced,5ad0e75a5119,4009,5,Y,Yes,6f4b6612125f,4,4e07408562be,80,1,9,2,2,4,3,1,3
35,No,Non-Travel,1097,Research & Development,11,2,Medical,1,70,3,03f8c1273e3d,79,2,3,Healthcare Representative,1,Married,eadc2f841df3,8302,2,Y,Yes,3fdba35f04dc,3,4e07408562be,80,1,10,3,3,4,0,2,3
26,No,Travel_Rarely,1443,Sales,23,3,Marketing,1,72,3,e8cca808ae5a,47,2,2,Sales Executive,4,Married,b57d0618b4bc,21436,7,Y,Yes,9400f1b21cb5,3,4e07408562be,80,1,5,2,2,2,2,0,0
33,No,Travel_Frequently,515,Research & Development,1,2,Life Sciences,1,73,1,e8cca808ae5a,98,3,3,Research Director,4,Single,84444ff9ec13,15146,1,Y,Yes,6b51d431df5d,3,4e07408562be,80,0,15,1,3,15,14,8,12
35,No,Travel_Frequently,853,Sales,18,5,Life Sciences,1,74,2,03f8c1273e3d,71,3,3,Sales Executive,1,Married,ad0296f6906b,11031,1,Y,No,785f3ec7eb32,4,4b227777d4dd,80,1,9,3,2,9,8,1,8
35,No,Travel_Rarely,1142,Research & Development,23,4,Medical,1,75,3,e8cca808ae5a,30,3,1,Laboratory Technician,1,Married,346f05a48032,16002,3,Y,Yes,e629fa6598d7,3,4e07408562be,80,1,4,3,3,2,2,2,2
31,No,Travel_Rarely,655,Research & Development,7,4,Life Sciences,1,76,4,03f8c1273e3d,48,3,2,Laboratory Technician,4,Divorced,6bfbc415b3a1,9528,3,Y,No,785f3ec7eb32,4,4b227777d4dd,80,1,10,3,2,7,7,1,7
37,No,Travel_Rarely,1115,Research & Development,1,4,Life Sciences,1,77,1,03f8c1273e3d,51,2,2,Manufacturing Director,3,Divorced,5a2398a2ea27,2689,1,Y,No,4ec9599fc203,3,4e07408562be,80,1,7,2,4,7,5,0,7
32,No,Travel_Rarely,427,Research & Development,1,3,Medical,1,78,1,03f8c1273e3d,33,3,2,Manufacturing Director,4,Married,519b10be5447,10877,1,Y,Yes,785f3ec7eb32,4,d4735e3a265e,80,1,9,3,3,9,8,7,8
38,No,Travel_Frequently,653,Research & Development,29,5,Life Sciences,1,79,4,e8cca808ae5a,50,3,2,Laboratory Technician,4,Single,d2b7fb53758a,5456,1,Y,No,4fc82b26aecb,3,4b227777d4dd,80,0,10,2,3,10,3,9,9
50,No,Travel_Rarely,989,Research & Development,7,2,Medical,1,80,2,e8cca808ae5a,43,2,5,Research Director,3,Divorced,7a26e3843750,16701,5,Y,Yes,6b51d431df5d,3,4b227777d4dd,80,1,29,2,2,27,3,13,8
59,No,Travel_Rarely,1435,Sales,25,3,Life Sciences,1,81,1,e8cca808ae5a,99,3,3,Sales Executive,1,Single,044135b038e6,2354,7,Y,No,4fc82b26aecb,3,4b227777d4dd,80,0,28,3,2,21,16,7,9
36,No,Travel_Rarely,1223,Research & Development,8,3,Technical Degree,1,83,3,e8cca808ae5a,59,3,3,Healthcare Representative,3,Divorced,7780e013b7e8,8202,1,Y,No,3fdba35f04dc,3,d4735e3a265e,80,3,17,2,3,17,14,12,8
55,No,Travel_Rarely,836,Research & Development,8,3,Medical,1,84,4,e8cca808ae5a,33,3,4,Manager,3,Divorced,562ee856c256,19730,2,Y,Yes,8527a891e224,3,4e07408562be,80,3,21,2,3,5,0,0,2
36,No,Travel_Frequently,1195,Research & Development,11,3,Life Sciences,1,85,2,03f8c1273e3d,95,2,2,Manufacturing Director,2,Single,08500acfbe7c,22656,1,Y,No,3fdba35f04dc,3,4e07408562be,80,0,6,3,3,6,5,0,3
45,No,Travel_Rarely,1339,Research & Development,7,3,Life Sciences,1,86,2,03f8c1273e3d,59,3,3,Research Scientist,1,Divorced,f46df9a8f5e1,18787,2,Y,No,4523540f1504,3,4e07408562be,80,1,25,2,3,1,0,0,0
35,No,Travel_Frequently,664,Research & Development,1,3,Medical,1,88,2,03f8c1273e3d,79,3,1,Research Scientist,1,Married,24210acff902,5868,4,Y,No,3fdba35f04dc,3,4b227777d4dd,80,1,5,2,2,3,2,1,2
36,Yes,Travel_Rarely,318,Research & Development,9,3,Medical,1,90,4,03f8c1273e3d,79,2,1,Research Scientist,3,Married,92558c434783,21777,0,Y,Yes,4523540f1504,3,6b86b273ff34,80,1,2,0,2,1,0,0,0
59,No,Travel_Frequently,1225,Sales,1,1,Life Sciences,1,91,1,e8cca808ae5a,57,2,2,Sales Executive,3,Single,ab254fbd2757,24668,7,Y,No,4fc82b26aecb,3,4b227777d4dd,80,0,20,2,2,4,3,1,3
29,No,Travel_Rarely,1328,Research & Development,2,3,Life Sciences,1,94,3,03f8c1273e3d,76,3,1,Research Scientist,2,Married,f038ba9c0704,4956,0,Y,No,535fa30d7e25,4,4b227777d4dd,80,1,6,3,3,5,4,0,4
31,No,Travel_Rarely,1082,Research & Development,1,4,Medical,1,95,3,03f8c1273e3d,87,3,1,Research Scientist,2,Single,dafff407d745,18775,1,Y,No,4523540f1504,3,d4735e3a265e,80,0,1,4,3,1,1,1,0
32,No,Travel_Rarely,548,Research & Development,1,3,Life Sciences,1,96,2,03f8c1273e3d,66,3,2,Research Scientist,2,Married,52aa05fc46da,7346,1,Y,No,4523540f1504,3,d4735e3a265e,80,2,10,3,3,10,4,0,9
36,No,Travel_Rarely,132,Research & Development,6,3,Life Sciences,1,97,2,e8cca808ae5a,55,4,1,Laboratory Technician,4,Married,fba37ae0d72e,22002,3,Y,No,6b51d431df5d,3,d4735e3a265e,80,0,5,3,3,1,0,0,0
31,No,Travel_Rarely,746,Research & Development,8,4,Life Sciences,1,98,3,e8cca808ae5a,61,3,2,Manufacturing Director,4,Single,0c44f8669d62,20682,1,Y,No,535fa30d7e25,4,4b227777d4dd,80,0,11,2,3,11,7,1,8
35,No,Travel_Rarely,776,Sales,1,4,Marketing,1,100,3,03f8c1273e3d,32,2,2,Sales Executive,1,Single,9347c0c9a9a7,23016,0,Y,No,8527a891e224,3,d4735e3a265e,80,0,16,2,3,15,13,2,8
45,No,Travel_Rarely,193,Research & Development,6,4,Other,1,101,4,03f8c1273e3d,52,3,3,Research Director,1,Married,f0e2120cad5d,15067,4,Y,Yes,8527a891e224,3,d4735e3a265e,80,0,17,3,4,0,0,0,0
37,No,Travel_Rarely,397,Research & Development,7,4,Medical,1,102,1,03f8c1273e3d,30,3,3,Research Director,3,Single,b0d590b1856a,25258,4,Y,No,3fdba35f04dc,3,6b86b273ff34,80,0,16,3,4,5,2,0,2
46,No,Travel_Rarely,945,Human Resources,5,2,Medical,1,103,2,03f8c1273e3d,80,3,2,Human Resources,2,Divorced,1210e6c2e909,10425,8,Y,Yes,785f3ec7eb32,4,4b227777d4dd,80,1,16,2,3,4,2,0,2
30,No,Travel_Rarely,852,Research & Development,1,1,Life Sciences,1,104,4,03f8c1273e3d,55,2,2,Laboratory Technician,4,Married,74e06e9fbf9e,15998,1,Y,Yes,6b51d431df5d,3,4e07408562be,80,2,10,1,2,10,8,3,0
35,No,Travel_Rarely,1214,Research & Development,1,3,Medical,1,105,2,03f8c1273e3d,30,2,1,Research Scientist,3,Single,84961ee29c54,26278,1,Y,No,4ec9599fc203,3,6b86b273ff34,80,0,6,3,3,6,4,0,4
55,No,Travel_Rarely,111,Sales,1,2,Life Sciences,1,106,1,03f8c1273e3d,70,3,3,Sales Executive,4,Married,c230f6b770df,18092,3,Y,No,8527a891e224,3,4b227777d4dd,80,1,24,4,3,1,0,1,0
38,No,Non-Travel,573,Research & Development,6,3,Medical,1,107,2,e8cca808ae5a,79,1,2,Research Scientist,4,Divorced,7385cae61109,15717,7,Y,Yes,6b51d431df5d,3,4b227777d4dd,80,3,17,3,3,13,11,1,9
34,No,Travel_Rarely,1153,Research & Development,1,2,Medical,1,110,1,03f8c1273e3d,94,3,2,Manufacturing Director,2,Married,7ca26aafbfe1,17736,1,Y,No,e629fa6598d7,3,4e07408562be,80,0,5,2,3,5,2,1,3
56,No,Travel_Rarely,1400,Research & Development,7,3,Life Sciences,1,112,4,03f8c1273e3d,49,1,3,Manufacturing Director,4,Single,798bf980fe3b,21698,4,Y,No,4fc82b26aecb,3,6b86b273ff34,80,0,37,3,2,6,4,0,2
23,No,Travel_Rarely,541,Sales,2,1,Technical Degree,1,113,3,03f8c1273e3d,62,3,1,Sales Representative,1,Divorced,63c5cd559eaf,9518,3,Y,No,3fdba35f04dc,3,4e07408562be,80,1,3,3,3,0,0,0,0
51,No,Travel_Rarely,432,Research & Development,9,4,Life Sciences,1,116,4,03f8c1273e3d,96,3,1,Laboratory Technician,4,Married,b4106e79a7db,18725,3,Y,No,535fa30d7e25,4,d4735e3a265e,80,2,10,4,3,4,2,0,3
30,No,Travel_Rarely,288,Research & Development,2,3,Life Sciences,1,117,3,03f8c1273e3d,99,2,2,Healthcare Representative,4,Married,18cb37e28651,15830,1,Y,No,9400f1b21cb5,3,6b86b273ff34,80,3,11,3,3,11,10,10,8
46,Yes,Travel_Rarely,669,Sales,9,2,Medical,1,118,3,03f8c1273e3d,64,2,3,Sales Executive,4,Single,b191d203978d,13596,1,Y,No,b17ef6d19c7a,3,4b227777d4dd,80,0,9,3,3,9,8,4,7
40,No,Travel_Frequently,530,Research & Development,1,4,Life Sciences,1,119,3,03f8c1273e3d,78,2,4,Healthcare Representative,2,Married,94717edddee4,14115,1,Y,No,785f3ec7eb32,4,4b227777d4dd,80,1,22,3,2,22,3,11,11
51,No,Travel_Rarely,632,Sales,21,4,Marketing,1,120,3,03f8c1273e3d,71,3,2,Sales Executive,4,Single,808a3872edc7,8423,0,Y,Yes,785f3ec7eb32,4,4b227777d4dd,80,0,11,2,1,10,7,1,0
30,No,Travel_Rarely,1334,Sales,4,2,Medical,1,121,3,e8cca808ae5a,63,2,2,Sales Executive,2,Divorced,0b3fe555ae8b,19760,1,Y,Yes,6b51d431df5d,3,d4735e3a265e,80,3,11,4,2,11,8,2,7
46,No,Travel_Frequently,638,Research & Development,1,3,Medical,1,124,3,03f8c1273e3d,40,2,3,Healthcare Representative,1,Married,132e7aecc12e,3142,2,Y,Yes,3fdba35f04dc,3,4e07408562be,80,1,21,5,2,10,9,9,5
32,No,Travel_Rarely,1093,Sales,6,4,Medical,1,125,2,03f8c1273e3d,87,3,2,Sales Executive,3,Single,491a89805507,24301,1,Y,No,b17ef6d19c7a,3,6b86b273ff34,80,0,12,0,3,11,8,5,7
54,No,Travel_Rarely,1217,Research & Development,2,4,Technical Degree,1,126,1,e8cca808ae5a,60,3,3,Research Director,3,Married,d2ec4dad128f,24001,9,Y,No,6b51d431df5d,3,6b86b273ff34,80,1,16,5,1,4,3,0,3
24,No,Travel_Rarely,1353,Sales,3,2,Other,1,128,1,e8cca808ae5a,33,3,2,Sales Executive,3,Married,5343f4c9e3a3,17519,0,Y,No,6f4b6612125f,4,6b86b273ff34,80,1,4,2,2,3,2,0,2
28,No,Non-Travel,120,Sales,4,3,Medical,1,129,2,03f8c1273e3d,43,3,2,Sales Executive,3,Married,ef98552e86cf,8863,1,Y,No,e629fa6598d7,3,d4735e3a265e,80,0,5,3,4,5,4,0,4
58,No,Travel_Rarely,682,Sales,10,4,Medical,1,131,4,03f8c1273e3d,37,3,4,Sales Executive,3,Single,a10d51f895b5,24409,0,Y,No,3fdba35f04dc,3,4e07408562be,80,0,38,1,2,37,10,1,8
44,No,Non-Travel,489,Research & Development,23,3,Medical,1,132,2,03f8c1273e3d,67,3,2,Laboratory Technician,2,Married,d8ec3903c81c,25043,4,Y,No,6b51d431df5d,3,4e07408562be,80,1,17,3,4,3,2,1,2
37,Yes,Travel_Rarely,807,Human Resources,6,4,Human Resources,1,133,3,03f8c1273e3d,63,3,1,Human Resources,1,Divorced,d511b5d46902,23648,4,Y,Yes,785f3ec7eb32,4,4b227777d4dd,80,0,7,3,3,3,2,0,2
32,No,Travel_Rarely,827,Research & Development,1,1,Life Sciences,1,134,4,03f8c1273e3d,71,3,1,Research Scientist,1,Single,468344ce1f2e,15178,1,Y,No,3fdba35f04dc,3,4b227777d4dd,80,0,1,2,3,1,0,0,0
20,Yes,Travel_Frequently,871,Research & Development,6,3,Life Sciences,1,137,4,e8cca808ae5a,66,2,1,Laboratory Technician,4,Single,f42af67553a0,19783,1,Y,Yes,4ec9599fc203,3,d4735e3a265e,80,0,1,5,3,1,0,1,0
34,No,Travel_Rarely,665,Research & Development,6,4,Other,1,138,1,e8cca808ae5a,41,3,2,Research Scientist,3,Single,43eb64f59e48,12482,1,Y,No,8527a891e224,3,4e07408562be,80,0,16,3,3,16,13,2,10
37,No,Non-Travel,1040,Research & Development,2,2,Life Sciences,1,139,3,03f8c1273e3d,100,2,2,Healthcare Representative,4,Divorced,8e6d48d59053,15850,5,Y,No,8527a891e224,3,4b227777d4dd,80,1,17,2,4,1,0,0,0
59,No,Non-Travel,1420,Human Resources,2,4,Human Resources,1,140,3,e8cca808ae5a,32,2,5,Manager,4,Married,56e653f01a7c,21922,9,Y,No,6f4b6612125f,4,4b227777d4dd,80,1,30,3,3,3,2,2,2
50,No,Travel_Frequently,1115,Research & Development,1,3,Life Sciences,1,141,1,e8cca808ae5a,73,3,5,Research Director,2,Married,10315349981e,9755,3,Y,Yes,9400f1b21cb5,3,6b86b273ff34,80,0,28,1,2,8,3,0,7
25,Yes,Travel_Rarely,240,Sales,5,3,Marketing,1,142,3,03f8c1273e3d,46,2,2,Sales Executive,3,Single,96c5f63935af,26959,1,Y,Yes,4fc82b26aecb,3,4b227777d4dd,80,0,6,1,3,6,4,0,3
25,No,Travel_Rarely,1280,Research & Development,7,1,Medical,1,143,4,03f8c1273e3d,64,2,1,Research Scientist,4,Married,eaaa9a5b3878,26897,1,Y,No,4fc82b26aecb,3,4e07408562be,80,2,2,2,3,2,2,2,1
22,No,Travel_Rarely,534,Research & Development,15,3,Medical,1,144,2,e8cca808ae5a,59,3,1,Laboratory Technician,4,Single,c60d521c8227,23785,1,Y,No,e629fa6598d7,3,4e07408562be,80,0,1,5,3,0,0,0,0
51,No,Travel_Frequently,1456,Research & Development,1,4,Medical,1,145,1,e8cca808ae5a,30,2,3,Healthcare Representative,1,Single,83f16a7746e6,25796,3,Y,No,f5ca38f748a1,4,4e07408562be,80,0,23,1,2,13,12,12,8
34,Yes,Travel_Frequently,658,Research & Development,7,3,Life Sciences,1,147,1,03f8c1273e3d,66,1,2,Laboratory Technician,3,Single,553e7161f2de,22887,1,Y,Yes,c2356069e9d1,4,4b227777d4dd,80,0,9,3,3,9,7,0,6
54,No,Non-Travel,142,Human Resources,26,3,Human Resources,1,148,4,e8cca808ae5a,30,4,4,Manager,4,Single,05ada60fc3a3,13871,2,Y,Yes,6b51d431df5d,3,4e07408562be,80,0,23,3,3,5,3,4,4
24,No,Travel_Rarely,1127,Research & Development,18,1,Life Sciences,1,150,2,03f8c1273e3d,52,3,1,Laboratory Technician,3,Married,a073f12ea698,13257,0,Y,No,6b51d431df5d,3,4e07408562be,80,1,6,2,3,5,3,1,2
34,No,Travel_Rarely,1031,Research & Development,6,4,Life Sciences,1,151,3,e8cca808ae5a,45,2,2,Research Scientist,2,Divorced,4817ddb54d7a,15000,6,Y,No,e629fa6598d7,3,4e07408562be,80,1,12,3,3,1,0,0,0
37,No,Travel_Rarely,1189,Sales,3,3,Life Sciences,1,152,3,03f8c1273e3d,87,3,3,Sales Executive,4,Single,7a48e12bda81,14506,2,Y,No,6b51d431df5d,3,6b86b273ff34,80,0,12,3,3,5,3,1,3
34,No,Travel_Rarely,1354,Research & Development,5,3,Medical,1,153,3,e8cca808ae5a,45,2,3,Manager,1,Single,d8ed0b6368d9,5615,2,Y,No,6b51d431df5d,3,4b227777d4dd,80,0,14,6,3,11,10,5,8
36,No,Travel_Frequently,1467,Sales,11,2,Technical Degree,1,154,2,e8cca808ae5a,92,3,3,Sales Executive,4,Married,e186f7457151,22952,0,Y,No,8527a891e224,3,4e07408562be,80,1,10,6,3,9,7,2,8
36,No,Travel_Rarely,922,Research & Development,3,2,Life Sciences,1,155,1,e8cca808ae5a,39,3,1,Laboratory Technician,4,Divorced,dfaab096bd21,2561,5,Y,No,785f3ec7eb32,4,6b86b273ff34,80,1,7,2,3,1,0,0,0
43,No,Travel_Frequently,394,Sales,26,2,Life Sciences,1,158,3,03f8c1273e3d,92,3,4,Manager,4,Married,f7d1b16c80e7,19494,1,Y,Yes,6b51d431df5d,3,4b227777d4dd,80,2,25,3,4,25,12,4,12
30,No,Travel_Frequently,1312,Research & Development,23,3,Life Sciences,1,159,1,03f8c1273e3d,96,1,1,Research Scientist,3,Divorced,c3cef2b615f9,22310,1,Y,No,b7a56873cd77,4,4e07408562be,80,3,10,2,2,10,7,0,9
33,No,Non-Travel,750,Sales,22,2,Marketing,1,160,3,03f8c1273e3d,95,3,2,Sales Executive,2,Married,58cae918d906,15480,0,Y,No,3fdba35f04dc,3,6b86b273ff34,80,1,8,2,4,7,7,0,7
56,Yes,Travel_Rarely,441,Research & Development,14,4,Life Sciences,1,161,2,e8cca808ae5a,72,3,1,Research Scientist,2,Married,7db926c9ac2f,4510,9,Y,Yes,4ec9599fc203,3,6b86b273ff34,80,3,7,2,3,5,4,4,3
51,No,Travel_Rarely,684,Research & Development,6,3,Life Sciences,1,162,1,03f8c1273e3d,51,3,5,Research Director,3,Single,bb495db6f0f7,6462,7,Y,No,3fdba35f04dc,3,4e07408562be,80,0,23,5,3,20,18,15,15
31,Yes,Travel_Rarely,249,Sales,6,4,Life Sciences,1,163,2,03f8c1273e3d,76,1,2,Sales Executive,3,Married,1583bfd6f804,20739,4,Y,Yes,4ec9599fc203,3,d4735e3a265e,80,0,12,3,2,7,7,7,7
26,No,Travel_Rarely,841,Research & Development,6,3,Other,1,164,3,e8cca808ae5a,46,2,1,Research Scientist,2,Married,50f33355a7ee,23300,1,Y,No,9400f1b21cb5,3,4e07408562be,80,0,5,3,2,5,4,4,3
58,Yes,Travel_Rarely,147,Research & Development,23,4,Medical,1,165,4,e8cca808ae5a,94,3,3,Healthcare Representative,4,Married,2284e196df21,3465,1,Y,No,6b51d431df5d,3,4b227777d4dd,80,1,40,3,2,40,10,15,6
19,Yes,Travel_Rarely,528,Sales,22,1,Marketing,1,167,4,03f8c1273e3d,50,3,1,Sales Representative,3,Single,38f13ba4550b,26820,1,Y,Yes,9400f1b21cb5,3,4b227777d4dd,80,0,0,2,2,0,0,0,0
22,No,Travel_Rarely,594,Research & Development,2,1,Technical Degree,1,169,3,03f8c1273e3d,100,3,1,Laboratory Technician,4,Married,c56b05eb5257,19299,0,Y,No,8527a891e224,3,4e07408562be,80,1,3,2,3,2,1,2,1
49,No,Travel_Rarely,470,Research & Development,20,4,Medical,1,170,3,e8cca808ae5a,96,3,2,Manufacturing Director,1,Married,ee37c2f5b4fc,5549,1,Y,No,8527a891e224,3,4e07408562be,80,0,16,2,2,15,11,5,11
43,No,Travel_Frequently,957,Research & Development,28,3,Medical,1,171,2,e8cca808ae5a,72,4,1,Research Scientist,3,Single,1a5b585a87b4,16090,4,Y,No,6b51d431df5d,3,4b227777d4dd,80,0,18,2,3,3,2,1,2
50,No,Travel_Frequently,809,Sales,12,3,Marketing,1,174,3,e8cca808ae5a,77,3,3,Sales Executive,4,Single,d73ab52c7d84,6645,4,Y,No,4fc82b26aecb,3,4b227777d4dd,80,0,16,3,3,2,2,2,1
31,Yes,Travel_Rarely,542,Sales,20,3,Life Sciences,1,175,2,e8cca808ae5a,71,1,2,Sales Executive,3,Married,d68e83f92ed9,24788,3,Y,Yes,4fc82b26aecb,3,4e07408562be,80,1,4,2,3,2,2,2,2
41,No,Travel_Rarely,802,Sales,9,1,Life Sciences,1,176,3,03f8c1273e3d,96,3,3,Sales Executive,3,Divorced,3011be4c1d6f,21196,3,Y,Yes,3fdba35f04dc,3,4e07408562be,80,1,12,2,3,9,7,0,7
26,No,Travel_Rarely,1355,Human Resources,25,1,Life Sciences,1,177,3,e8cca808ae5a,61,3,1,Human Resources,3,Married,0780e4217317,8916,1,Y,No,535fa30d7e25,4,4b227777d4dd,80,1,8,3,3,8,7,5,7
36,No,Travel_Rarely,216,Research & Development,6,2,Medical,1,178,2,03f8c1273e3d,84,3,2,Manufacturing Director,2,Divorced,666d6fe53a66,2819,6,Y,No,f5ca38f748a1,4,4b227777d4dd,80,2,7,0,3,3,2,0,1
51,Yes,Travel_Frequently,1150,Research & Development,8,4,Life Sciences,1,179,1,03f8c1273e3d,53,1,3,Manufacturing Director,4,Single,58a60bfe9d4c,25150,2,Y,No,e629fa6598d7,3,4b227777d4dd,80,0,18,2,3,4,2,0,3
39,No,Travel_Rarely,1329,Sales,4,4,Life Sciences,1,182,4,e8cca808ae5a,47,2,2,Sales Executive,3,Married,6be7d4d30e3a,14590,4,Y,No,8527a891e224,3,4e07408562be,80,1,17,1,4,15,11,5,9
25,No,Travel_Rarely,959,Sales,28,3,Life Sciences,1,183,1,03f8c1273e3d,41,2,2,Sales Executive,3,Married,60d523c99e38,24835,2,Y,No,4ec9599fc203,3,4b227777d4dd,80,0,6,3,3,2,2,2,2
30,No,Travel_Rarely,1240,Human Resources,9,3,Human Resources,1,184,3,03f8c1273e3d,48,3,2,Human Resources,4,Married,9e2496ce96a8,13982,0,Y,Yes,9400f1b21cb5,3,4b227777d4dd,80,0,12,2,1,11,9,4,7
32,Yes,Travel_Rarely,1033,Research & Development,9,3,Medical,1,190,1,e8cca808ae5a,41,3,1,Laboratory Technician,1,Single,be5220c4102d,10224,7,Y,No,785f3ec7eb32,4,6b86b273ff34,80,0,10,2,4,5,4,0,4
45,No,Travel_Rarely,1316,Research & Development,29,3,Medical,1,192,3,03f8c1273e3d,83,3,1,Research Scientist,4,Single,9841b7a33831,9752,5,Y,No,3fdba35f04dc,3,d4735e3a265e,80,0,9,2,2,6,5,0,3
38,No,Travel_Rarely,364,Research & Development,3,5,Technical Degree,1,193,4,e8cca808ae5a,32,3,2,Research Scientist,3,Single,49a57aab5a13,2302,3,Y,Yes,f5ca38f748a1,4,d4735e3a265e,80,0,19,2,3,3,2,2,2
30,No,Travel_Rarely,438,Research & Development,18,3,Life Sciences,1,194,1,e8cca808ae5a,75,3,1,Research Scientist,3,Single,994aa605e86d,23910,1,Y,No,8527a891e224,3,4e07408562be,80,0,5,4,2,5,4,0,4
32,No,Travel_Frequently,689,Sales,9,2,Medical,1,195,4,03f8c1273e3d,35,1,2,Sales Executive,4,Divorced,28aba8137d93,22812,0,Y,No,4523540f1504,3,4b227777d4dd,80,3,9,2,4,8,7,0,7
30,No,Travel_Rarely,201,Research & Development,5,3,Technical Degree,1,197,4,e8cca808ae5a,84,3,1,Research Scientist,1,Divorced,38177ec3e146,10415,5,Y,No,8527a891e224,3,4b227777d4dd,80,1,8,3,3,3,2,2,2
30,No,Travel_Rarely,1427,Research & Development,2,1,Medical,1,198,2,03f8c1273e3d,35,2,1,Laboratory Technician,4,Single,2fffc4b65cb8,11162,0,Y,No,3fdba35f04dc,3,4b227777d4dd,80,0,6,3,3,5,3,1,2
41,No,Travel_Frequently,857,Research & Development,10,3,Life Sciences,1,199,4,03f8c1273e3d,91,2,4,Manager,1,Divorced,62199d367bd9,12888,4,Y,No,3fdba35f04dc,3,d4735e3a265e,80,1,21,2,2,7,6,7,7
41,No,Travel_Rarely,933,Research & Development,9,4,Life Sciences,1,200,3,03f8c1273e3d,94,3,1,Laboratory Technician,1,Married,7a98c22ae38c,6961,2,Y,No,6f4b6612125f,4,4b227777d4dd,80,1,7,2,3,5,0,1,4
19,No,Travel_Rarely,1181,Research & Development,3,1,Medical,1,201,2,e8cca808ae5a,79,3,1,Laboratory Technician,2,Single,485d997d70d9,16102,1,Y,No,8527a891e224,3,4b227777d4dd,80,0,1,3,3,1,0,0,0
40,No,Travel_Frequently,1395,Research & Development,26,3,Medical,1,202,2,e8cca808ae5a,54,3,2,Research Scientist,2,Divorced,cd52c325c5f2,8504,1,Y,No,4fc82b26aecb,3,6b86b273ff34,80,1,20,2,3,20,7,2,13
35,No,Travel_Rarely,662,Sales,1,5,Marketing,1,204,3,03f8c1273e3d,94,3,3,Sales Executive,2,Married,c70c37a61333,11439,1,Y,No,3fdba35f04dc,3,6b86b273ff34,80,2,10,3,3,10,8,0,6
53,No,Travel_Rarely,1436,Sales,6,2,Marketing,1,205,2,03f8c1273e3d,34,3,2,Sales Representative,3,Married,b4c8ac20a87e,16047,2,Y,Yes,f5ca38f748a1,4,4b227777d4dd,80,1,13,3,1,7,7,4,5
45,No,Travel_Rarely,194,Research & Development,9,3,Life Sciences,1,206,2,03f8c1273e3d,60,3,2,Laboratory Technician,2,Divorced,f6e5ff547d5a,10901,8,Y,No,4ec9599fc203,3,4e07408562be,80,1,20,2,1,17,9,0,15
32,No,Travel_Frequently,967,Sales,8,3,Marketing,1,207,2,e8cca808ae5a,43,3,3,Sales Executive,4,Single,d10a5bdca9f2,15589,1,Y,No,8527a891e224,3,4b227777d4dd,80,0,9,2,3,9,8,3,7
29,No,Non-Travel,1496,Research & Development,1,1,Technical Degree,1,208,4,03f8c1273e3d,41,3,2,Manufacturing Director,3,Married,2f4d70728501,26283,1,Y,No,3fdba35f04dc,3,6b86b273ff34,80,1,10,1,3,10,7,0,9
51,No,Travel_Rarely,1169,Research & Development,7,4,Medical,1,211,2,03f8c1273e3d,34,2,2,Manufacturing Director,3,Married,bf174755d0db,13983,2,Y,No,4523540f1504,3,4e07408562be,80,0,10,2,3,1,0,0,0
58,No,Travel_Rarely,1145,Research & Development,9,3,Medical,1,214,2,e8cca808ae5a,75,2,1,Research Scientist,2,Married,1e454f95d837,11873,4,Y,Yes,f5ca38f748a1,4,d4735e3a265e,80,1,9,3,2,1,0,0,0
40,No,Travel_Rarely,630,Sales,4,4,Marketing,1,215,3,03f8c1273e3d,67,2,3,Sales Executive,4,Married,4f2b09971390,8552,7,Y,No,4fc82b26aecb,3,6b86b273ff34,80,1,15,2,2,12,11,2,11
34,No,Travel_Frequently,303,Sales,2,4,Marketing,1,216,3,e8cca808ae5a,75,3,1,Sales Representative,3,Married,b847856411ae,11314,6,Y,No,4ec9599fc203,3,4b227777d4dd,80,1,6,3,3,4,3,1,2
22,No,Travel_Rarely,1256,Research & Development,19,1,Medical,1,217,3,03f8c1273e3d,80,3,1,Research Scientist,4,Married,61503690505f,11992,1,Y,No,c2356069e9d1,4,6b86b273ff34,80,2,2,6,3,2,2,2,2
27,No,Non-Travel,691,Research & Development,9,3,Medical,1,218,4,03f8c1273e3d,57,3,1,Research Scientist,2,Divorced,6557739a6728,5970,6,Y,No,4ec9599fc203,3,4b227777d4dd,80,1,6,1,1,2,2,2,2
28,No,Travel_Rarely,440,Research & Development,21,3,Medical,1,221,3,03f8c1273e3d,42,3,1,Research Scientist,4,Married,75ab3e0a8f99,6672,1,Y,No,4fc82b26aecb,3,4e07408562be,80,1,5,2,1,5,2,0,2
57,No,Travel_Rarely,334,Research & Development,24,2,Life Sciences,1,223,3,03f8c1273e3d,83,4,3,Healthcare Representative,4,Divorced,871cc51f24e8,23402,3,Y,Yes,b17ef6d19c7a,3,d4735e3a265e,80,1,12,2,1,5,3,1,4
27,No,Non-Travel,1450,Research & Development,3,3,Medical,1,224,3,03f8c1273e3d,79,2,1,Research Scientist,3,Divorced,00c08d89fea3,25326,1,Y,Yes,e629fa6598d7,3,4b227777d4dd,80,1,1,2,2,1,1,0,1
50,No,Travel_Rarely,1452,Research & Development,11,3,Life Sciences,1,226,3,e8cca808ae5a,53,3,5,Manager,2,Single,e128f3b9caba,17053,3,Y,No,e629fa6598d7,3,d4735e3a265e,80,0,21,5,3,5,4,4,4
41,No,Travel_Rarely,465,Research & Development,14,3,Life Sciences,1,227,1,03f8c1273e3d,56,3,1,Research Scientist,3,Divorced,b815f5c63059,4609,4,Y,No,6b51d431df5d,3,6b86b273ff34,80,1,13,2,3,9,8,1,8
30,No,Travel_Rarely,1339,Sales,5,3,Life Sciences,1,228,2,e8cca808ae5a,41,3,3,Sales Executive,4,Married,e83faad6630f,8053,2,Y,No,6b51d431df5d,3,4e07408562be,80,1,12,2,3,10,9,7,4
38,No,Travel_Rarely,702,Sales,1,4,Life Sciences,1,230,1,e8cca808ae5a,59,2,2,Sales Executive,4,Single,821a317ba65d,12930,4,Y,No,785f3ec7eb32,4,4e07408562be,80,0,12,2,4,8,3,0,7
32,No,Travel_Rarely,120,Research & Development,6,5,Life Sciences,1,231,3,03f8c1273e3d,43,3,1,Research Scientist,3,Single,fba37ae0d72e,12430,3,Y,No,f5ca38f748a1,4,6b86b273ff34,80,0,8,2,3,5,4,1,4
27,No,Travel_Rarely,1157,Research & Development,17,3,Technical Degree,1,233,3,03f8c1273e3d,51,3,1,Research Scientist,2,Married,6a6408e6702b,13364,0,Y,Yes,b17ef6d19c7a,3,4b227777d4dd,80,1,6,3,2,5,2,1,1
19,Yes,Travel_Frequently,602,Sales,1,1,Technical Degree,1,235,3,e8cca808ae5a,100,1,1,Sales Representative,1,Single,675fa5692e30,20989,0,Y,No,6f4b6612125f,4,6b86b273ff34,80,0,1,5,4,0,0,0,0
36,No,Travel_Frequently,1480,Research & Development,3,2,Medical,1,238,4,03f8c1273e3d,30,3,1,Laboratory Technician,2,Single,b906e4061c4a,15062,4,Y,No,6b51d431df5d,3,4e07408562be,80,0,13,3,2,8,7,7,2
30,No,Non-Travel,111,Research & Development,9,3,Medical,1,239,3,03f8c1273e3d,66,3,2,Laboratory Technician,1,Divorced,82147211de4c,11012,1,Y,No,4fc82b26aecb,3,4e07408562be,80,2,12,4,3,12,9,6,10
45,No,Travel_Rarely,1268,Sales,4,2,Life Sciences,1,240,3,e8cca808ae5a,30,3,2,Sales Executive,1,Divorced,b722c9caaa55,6319,4,Y,Yes,4fc82b26aecb,3,6b86b273ff34,80,1,9,3,4,5,4,0,3
56,No,Travel_Rarely,713,Research & Development,8,3,Life Sciences,1,241,3,e8cca808ae5a,67,3,1,Research Scientist,1,Divorced,df3c5a3eab92,13939,4,Y,Yes,4ec9599fc203,3,4e07408562be,80,1,19,3,3,2,2,2,2
33,No,Travel_Rarely,134,Research & Development,2,3,Life Sciences,1,242,3,03f8c1273e3d,90,3,1,Research Scientist,4,Single,5a0b83e19c57,10515,0,Y,No,8527a891e224,3,6b86b273ff34,80,0,4,2,4,3,1,0,2
19,Yes,Travel_Rarely,303,Research & Development,2,3,Life Sciences,1,243,2,03f8c1273e3d,47,2,1,Laboratory Technician,4,Single,277375b99e18,9241,1,Y,No,785f3ec7eb32,4,4e07408562be,80,0,1,3,2,1,0,1,0
46,No,Travel_Rarely,526,Sales,1,2,Marketing,1,244,2,e8cca808ae5a,92,3,3,Sales Executive,1,Divorced,8fab5b1e7ef4,2137,1,Y,No,b7a56873cd77,4,4e07408562be,80,3,24,2,3,24,13,15,7
38,No,Travel_Rarely,1380,Research & Development,9,2,Life Sciences,1,245,3,e8cca808ae5a,75,3,1,Laboratory Technician,4,Single,6a551776eead,6319,1,Y,No,6b51d431df5d,3,4e07408562be,80,0,2,3,3,2,2,2,1
31,No,Travel_Rarely,140,Research & Development,12,1,Medical,1,246,3,e8cca808ae5a,95,3,1,Research Scientist,4,Married,b782385fafdd,6984,8,Y,Yes,535fa30d7e25,4,4e07408562be,80,1,7,0,3,4,2,0,2
34,No,Travel_Rarely,629,Research & Development,27,2,Medical,1,247,4,e8cca808ae5a,95,3,1,Research Scientist,2,Single,ed0478973a6c,5711,2,Y,No,e629fa6598d7,3,4b227777d4dd,80,0,9,3,3,3,2,1,2
41,Yes,Travel_Rarely,1356,Sales,20,2,Marketing,1,248,2,e8cca808ae5a,70,3,1,Sales Representative,2,Single,3a892eea646c,21728,1,Y,Yes,785f3ec7eb32,4,4b227777d4dd,80,0,4,5,2,4,3,0,2
50,No,Travel_Rarely,328,Research & Development,1,3,Medical,1,249,3,03f8c1273e3d,86,2,1,Laboratory Technician,3,Married,7768e375a15e,3425,2,Y,No,e629fa6598d7,3,4b227777d4dd,80,1,5,2,2,3,2,0,2
53,No,Travel_Rarely,1084,Research & Development,13,2,Medical,1,250,4,e8cca808ae5a,57,4,2,Manufacturing Director,1,Divorced,4469948f22fd,26250,1,Y,No,4fc82b26aecb,3,4e07408562be,80,2,5,3,3,4,2,1,3
33,No,Travel_Rarely,931,Research & Development,14,3,Medical,1,252,4,e8cca808ae5a,72,3,1,Research Scientist,2,Married,9087bff4ee5a,4673,1,Y,No,3fdba35f04dc,3,4b227777d4dd,80,1,8,5,3,8,7,1,6
40,No,Travel_Rarely,989,Research & Development,4,1,Medical,1,253,4,e8cca808ae5a,46,3,5,Manager,3,Married,5f21749dea30,6499,1,Y,No,8527a891e224,3,d4735e3a265e,80,1,21,2,3,20,8,9,9
55,No,Travel_Rarely,692,Research & Development,14,4,Medical,1,254,3,03f8c1273e3d,61,4,5,Research Director,2,Single,0d7ffd65e839,13339,8,Y,No,4fc82b26aecb,3,4b227777d4dd,80,0,36,3,3,24,15,2,15
34,No,Travel_Frequently,1069,Research & Development,2,1,Life Sciences,1,256,4,03f8c1273e3d,45,2,2,Manufacturing Director,3,Married,1a6bb835cc2f,14074,1,Y,No,4523540f1504,3,4e07408562be,80,0,10,2,2,10,9,1,9
51,No,Travel_Rarely,313,Research & Development,3,3,Medical,1,258,4,e8cca808ae5a,98,3,4,Healthcare Representative,2,Single,8e801adc629e,7192,3,Y,No,4ec9599fc203,3,4e07408562be,80,0,21,6,3,7,7,1,0
52,No,Travel_Rarely,699,Research & Development,1,4,Life Sciences,1,259,3,03f8c1273e3d,65,2,5,Manager,3,Married,451c393b6119,5678,0,Y,No,8527a891e224,3,6b86b273ff34,80,1,34,5,3,33,18,11,9
27,No,Travel_Rarely,894,Research & Development,9,3,Medical,1,260,4,e8cca808ae5a,99,3,1,Research Scientist,2,Single,3b7ffedfd591,11781,1,Y,No,b17ef6d19c7a,3,4b227777d4dd,80,0,7,2,2,7,7,0,3
35,Yes,Travel_Rarely,556,Research & Development,23,2,Life Sciences,1,261,2,03f8c1273e3d,50,2,2,Manufacturing Director,3,Married,996d7e2bc684,15497,3,Y,Yes,3fdba35f04dc,3,6b86b273ff34,80,0,8,1,3,1,0,0,1
43,No,Non-Travel,1344,Research & Development,7,3,Medical,1,262,4,03f8c1273e3d,37,4,1,Research Scientist,4,Divorced,aae9ee5b6b7b,5228,4,Y,No,8527a891e224,3,4b227777d4dd,80,3,7,3,4,5,4,2,2
45,No,Non-Travel,1195,Research & Development,2,2,Medical,1,264,1,03f8c1273e3d,65,2,4,Manager,4,Married,3a144cb5bcdd,20462,9,Y,No,535fa30d7e25,4,4b227777d4dd,80,1,22,1,3,20,8,11,8
37,No,Travel_Rarely,290,Research & Development,21,3,Life Sciences,1,267,2,03f8c1273e3d,65,4,1,Research Scientist,1,Married,739dbef65f3b,22977,1,Y,Yes,6b51d431df5d,3,6b86b273ff34,80,1,8,3,2,8,7,1,7
35,No,Travel_Frequently,138,Research & Development,2,3,Medical,1,269,2,e8cca808ae5a,37,3,2,Laboratory Technician,2,Single,11b0147cac18,15986,5,Y,No,4fc82b26aecb,3,4b227777d4dd,80,0,10,5,3,6,2,1,2
42,No,Non-Travel,926,Research & Development,21,2,Medical,1,270,3,e8cca808ae5a,36,3,2,Manufacturing Director,3,Divorced,f49fc8756a1c,16439,2,Y,No,b17ef6d19c7a,3,d4735e3a265e,80,1,11,5,3,5,3,0,2
38,No,Travel_Rarely,1261,Research & Development,2,4,Life Sciences,1,271,4,03f8c1273e3d,88,3,2,Manufacturing Director,3,Married,414de552cad7,7259,9,Y,No,8527a891e224,3,d4735e3a265e,80,0,14,3,3,1,0,0,0
38,No,Travel_Rarely,1084,Research & Development,29,3,Technical Degree,1,273,4,03f8c1273e3d,54,3,2,Manufacturing Director,4,Married,6ae6efde2b86,4185,3,Y,No,4ec9599fc203,3,6b86b273ff34,80,1,9,3,1,7,7,1,7
27,No,Travel_Frequently,472,Research & Development,1,1,Technical Degree,1,274,3,03f8c1273e3d,60,2,2,Manufacturing Director,1,Married,fc8cf0cb7ee5,9679,5,Y,No,9400f1b21cb5,3,4e07408562be,80,1,6,1,3,2,2,2,0
49,No,Non-Travel,1002,Research & Development,18,4,Life Sciences,1,275,4,03f8c1273e3d,92,3,2,Manufacturing Director,4,Divorced,82246180d040,23793,1,Y,Yes,e629fa6598d7,3,6b86b273ff34,80,2,7,0,3,7,7,1,7
34,No,Travel_Frequently,878,Research & Development,10,4,Medical,1,277,4,03f8c1273e3d,43,3,1,Research Scientist,3,Divorced,c5012fb6613a,5972,1,Y,Yes,4523540f1504,3,4b227777d4dd,80,1,5,4,4,5,3,2,0
40,No,Travel_Rarely,905,Research & Development,19,2,Medical,1,281,3,03f8c1273e3d,99,3,2,Laboratory Technician,4,Married,6dba77308243,16523,8,Y,Yes,e629fa6598d7,3,4e07408562be,80,1,15,2,4,7,2,3,7
38,Yes,Travel_Rarely,1180,Research & Development,29,1,Medical,1,282,2,03f8c1273e3d,70,3,2,Healthcare Representative,1,Married,958ad6fb6e1d,11354,7,Y,Yes,9400f1b21cb5,3,d4735e3a265e,80,0,17,2,3,1,0,0,0
29,Yes,Travel_Rarely,121,Sales,27,3,Marketing,1,283,2,e8cca808ae5a,35,3,3,Sales Executive,4,Married,9ba37a22e4f5,24525,1,Y,No,785f3ec7eb32,4,4b227777d4dd,80,3,10,3,2,10,4,1,9
22,No,Travel_Rarely,1136,Research & Development,5,3,Life Sciences,1,284,4,03f8c1273e3d,60,4,1,Research Scientist,2,Divorced,8552b874fd59,12392,1,Y,Yes,b17ef6d19c7a,3,6b86b273ff34,80,1,4,2,2,4,2,2,2
36,No,Travel_Frequently,635,Research & Development,18,1,Medical,1,286,2,e8cca808ae5a,73,3,1,Laboratory Technician,4,Single,a823bd31ca41,7703,1,Y,No,3fdba35f04dc,3,6b86b273ff34,80,0,8,2,3,8,1,1,7
40,No,Non-Travel,1151,Research & Development,9,5,Life Sciences,1,287,4,03f8c1273e3d,63,2,2,Healthcare Representative,4,Married,a053262db2c0,14242,9,Y,No,8527a891e224,3,4b227777d4dd,80,1,5,5,1,3,2,0,2
46,No,Travel_Rarely,644,Research & Development,1,4,Medical,1,288,4,03f8c1273e3d,97,3,3,Healthcare Representative,1,Divorced,0868ef228ecf,12368,7,Y,No,b17ef6d19c7a,3,4e07408562be,80,1,17,3,3,4,2,0,3
32,Yes,Travel_Rarely,1045,Sales,4,4,Medical,1,291,4,03f8c1273e3d,32,1,3,Sales Executive,4,Married,b3ed5e985986,25812,1,Y,No,4fc82b26aecb,3,4e07408562be,80,0,14,2,2,14,8,9,8
30,No,Non-Travel,829,Research & Development,1,1,Life Sciences,1,292,3,03f8c1273e3d,88,2,3,Manufacturing Director,3,Single,5d4384250644,20925,1,Y,No,785f3ec7eb32,4,4e07408562be,80,0,12,2,3,11,8,5,8
27,No,Travel_Frequently,1242,Sales,20,3,Life Sciences,1,293,4,e8cca808ae5a,90,3,2,Sales Executive,3,Single,be6b7418afb1,12916,1,Y,No,8527a891e224,3,4b227777d4dd,80,0,7,2,3,7,7,0,7
51,No,Travel_Rarely,1469,Research & Development,8,4,Life Sciences,1,296,2,03f8c1273e3d,81,2,3,Research Director,2,Married,9f08978573af,15736,5,Y,No,b17ef6d19c7a,3,4b227777d4dd,80,2,16,5,1,10,9,4,7
30,Yes,Travel_Rarely,1005,Research & Development,3,3,Technical Degree,1,297,4,e8cca808ae5a,88,3,1,Research Scientist,1,Single,fc6f7f134454,8556,5,Y,Yes,4fc82b26aecb,3,4e07408562be,80,0,8,5,3,5,2,0,4
41,No,Travel_Rarely,896,Sales,6,3,Life Sciences,1,298,4,e8cca808ae5a,75,3,3,Manager,4,Single,14a34ef3c581,14674,3,Y,Yes,4ec9599fc203,3,4e07408562be,80,0,16,3,3,1,0,0,0
30,Yes,Travel_Frequently,334,Sales,26,4,Marketing,1,299,3,e8cca808ae5a,52,2,2,Sales Executive,1,Single,a2e06365327c,22967,5,Y,No,e629fa6598d7,3,4e07408562be,80,0,9,5,2,6,3,0,1
29,Yes,Travel_Rarely,992,Research & Development,1,3,Technical Degree,1,300,3,03f8c1273e3d,85,3,1,Research Scientist,3,Single,e22e9c22f92b,19757,0,Y,No,8527a891e224,3,4b227777d4dd,80,0,7,1,2,6,2,1,5
45,No,Non-Travel,1052,Sales,6,3,Medical,1,302,4,e8cca808ae5a,57,2,3,Sales Executive,4,Single,202f269c110d,16840,6,Y,No,6b51d431df5d,3,4b227777d4dd,80,0,23,2,3,19,7,12,8
54,No,Travel_Rarely,1147,Sales,3,3,Marketing,1,303,4,e8cca808ae5a,52,3,2,Sales Executive,1,Married,5143486f326c,17011,2,Y,No,8527a891e224,3,4b227777d4dd,80,1,16,4,3,6,2,0,5
36,No,Travel_Rarely,1396,Research & Development,5,2,Life Sciences,1,304,4,03f8c1273e3d,62,3,2,Laboratory Technician,2,Single,24250bf69bbd,9945,8,Y,No,b17ef6d19c7a,3,4b227777d4dd,80,0,16,3,4,13,11,3,7
33,No,Travel_Rarely,147,Research & Development,4,4,Medical,1,305,3,e8cca808ae5a,47,2,1,Research Scientist,2,Married,88a8b05b0a64,13248,6,Y,No,6f4b6612125f,4,4b227777d4dd,80,0,7,3,3,3,2,1,1
37,No,Travel_Frequently,663,Research & Development,11,3,Other,1,306,2,03f8c1273e3d,47,3,3,Research Director,4,Divorced,129b6b09c0b3,10056,1,Y,Yes,8527a891e224,3,4e07408562be,80,3,10,1,3,10,8,0,7
38,No,Travel_Rarely,119,Sales,3,3,Life Sciences,1,307,1,03f8c1273e3d,76,3,3,Sales Executive,3,Divorced,f7137a528bd2,9647,0,Y,No,6b51d431df5d,3,4e07408562be,80,2,17,6,2,16,10,5,13
31,No,Non-Travel,979,Research & Development,1,4,Medical,1,308,3,03f8c1273e3d,90,1,2,Manufacturing Director,3,Married,312055965ba2,4381,0,Y,No,6b51d431df5d,3,4b227777d4dd,80,1,6,2,3,5,4,1,4
59,No,Travel_Rarely,142,Research & Development,3,3,Life Sciences,1,309,3,03f8c1273e3d,70,2,1,Research Scientist,4,Married,d933c1002482,8456,3,Y,No,4523540f1504,3,6b86b273ff34,80,1,7,6,3,1,0,0,0
37,No,Travel_Frequently,319,Sales,4,4,Marketing,1,311,1,03f8c1273e3d,41,3,1,Sales Representative,4,Divorced,93de0089bfe5,2539,4,Y,No,4523540f1504,3,4e07408562be,80,1,13,2,3,9,8,5,8
29,No,Travel_Frequently,1413,Sales,1,1,Medical,1,312,2,e8cca808ae5a,42,3,3,Sales Executive,4,Married,6751a76cc8fc,6599,1,Y,No,8527a891e224,3,4b227777d4dd,80,1,11,5,3,11,10,4,1
35,No,Travel_Frequently,944,Sales,1,3,Marketing,1,314,3,e8cca808ae5a,92,3,3,Sales Executive,3,Single,7de53cf657da,9096,1,Y,No,8527a891e224,3,6b86b273ff34,80,0,10,3,4,10,7,0,8
29,Yes,Travel_Rarely,896,Research & Development,18,1,Medical,1,315,3,03f8c1273e3d,86,2,1,Research Scientist,4,Single,c81b352b270b,14961,1,Y,Yes,3fdba35f04dc,3,4e07408562be,80,0,4,3,2,4,3,0,1
52,No,Travel_Rarely,1323,Research & Development,2,3,Life Sciences,1,316,3,e8cca808ae5a,89,2,1,Laboratory Technician,4,Single,0f152670cb49,3300,7,Y,No,e629fa6598d7,3,d4735e3a265e,80,0,6,3,2,2,2,2,2
42,No,Travel_Rarely,532,Research & Development,4,2,Technical Degree,1,319,3,03f8c1273e3d,58,3,5,Manager,4,Married,7a784ccdee45,4933,1,Y,No,4fc82b26aecb,3,4b227777d4dd,80,0,22,3,3,22,17,11,15
59,No,Travel_Rarely,818,Human Resources,6,2,Medical,1,321,2,03f8c1273e3d,52,3,1,Human Resources,3,Married,f2545297c461,25657,8,Y,No,4523540f1504,3,4b227777d4dd,80,0,7,2,2,2,2,2,2
50,No,Travel_Rarely,854,Sales,1,4,Medical,1,323,4,e8cca808ae5a,68,3,5,Manager,4,Divorced,63542b11ed58,24118,3,Y,No,4fc82b26aecb,3,4e07408562be,80,1,32,3,2,7,0,0,6
33,Yes,Travel_Rarely,813,Research & Development,14,3,Medical,1,325,3,03f8c1273e3d,58,3,1,Laboratory Technician,4,Married,14326baf5937,22149,5,Y,Yes,3fdba35f04dc,3,4e07408562be,80,1,8,2,1,5,4,0,4
43,No,Travel_Rarely,1034,Sales,16,3,Marketing,1,327,4,e8cca808ae5a,80,3,4,Manager,4,Married,f5d3f32f9e82,7744,5,Y,Yes,785f3ec7eb32,4,4e07408562be,80,1,22,3,3,17,13,1,9
33,Yes,Travel_Rarely,465,Research & Development,2,2,Life Sciences,1,328,1,e8cca808ae5a,39,3,1,Laboratory Technician,1,Married,c54437a17218,21509,7,Y,No,f5ca38f748a1,4,6b86b273ff34,80,0,13,3,4,9,7,1,7
52,No,Non-Travel,771,Sales,2,4,Life Sciences,1,329,1,03f8c1273e3d,79,2,5,Manager,3,Single,b50825e9459d,21030,1,Y,Yes,4ec9599fc203,3,4b227777d4dd,80,0,33,2,4,33,7,15,12
32,No,Travel_Rarely,1401,Sales,4,2,Life Sciences,1,330,3,e8cca808ae5a,56,3,1,Sales Representative,2,Married,b1eaff1b4d8e,20990,2,Y,No,4fc82b26aecb,3,6b86b273ff34,80,1,6,5,3,4,3,1,2
32,Yes,Travel_Rarely,515,Research & Development,1,3,Life Sciences,1,331,4,03f8c1273e3d,62,2,1,Laboratory Technician,3,Single,29abebdeaec5,9571,0,Y,Yes,8527a891e224,3,4b227777d4dd,80,0,4,2,1,3,2,1,2
39,No,Travel_Rarely,1431,Research & Development,1,4,Medical,1,332,3,e8cca808ae5a,96,3,1,Laboratory Technician,3,Divorced,48fe0661615d,15417,7,Y,No,8527a891e224,3,4e07408562be,80,3,7,1,3,3,2,1,2
32,No,Non-Travel,976,Sales,26,4,Marketing,1,333,3,03f8c1273e3d,100,3,2,Sales Executive,4,Married,5bebfc2ba621,12069,0,Y,No,4ec9599fc203,3,6b86b273ff34,80,0,4,2,3,3,2,2,2
41,No,Travel_Rarely,1411,Research & Development,19,2,Life Sciences,1,334,3,03f8c1273e3d,36,3,2,Research Scientist,1,Divorced,82147211de4c,19877,2,Y,No,b17ef6d19c7a,3,6b86b273ff34,80,2,17,2,2,1,0,0,0
40,No,Travel_Rarely,1300,Research & Development,24,2,Technical Degree,1,335,1,03f8c1273e3d,62,3,2,Research Scientist,4,Divorced,e40f403944f1,24447,1,Y,No,4523540f1504,3,6b86b273ff34,80,2,9,3,3,9,8,4,7
45,No,Travel_Rarely,252,Research & Development,1,3,Other,1,336,3,03f8c1273e3d,70,4,5,Manager,4,Married,4ee93216db7d,15970,0,Y,No,4fc82b26aecb,3,4e07408562be,80,1,25,2,3,24,0,1,7
31,No,Travel_Frequently,1327,Research & Development,3,4,Medical,1,337,2,03f8c1273e3d,73,3,3,Research Director,3,Divorced,ff0483c4b97b,13523,9,Y,No,6b51d431df5d,3,6b86b273ff34,80,1,9,3,3,2,2,2,2
33,No,Travel_Rarely,832,Research & Development,5,4,Life Sciences,1,338,3,e8cca808ae5a,63,2,1,Research Scientist,4,Married,3ed23197a086,14776,1,Y,No,3fdba35f04dc,3,4e07408562be,80,1,2,2,2,2,2,0,2
34,No,Travel_Rarely,470,Research & Development,2,4,Life Sciences,1,339,4,03f8c1273e3d,84,2,2,Manufacturing Director,1,Married,8780876d4ec2,23687,6,Y,No,3fdba35f04dc,3,d4735e3a265e,80,1,13,3,3,11,9,5,9
37,No,Travel_Rarely,1017,Research & Development,1,2,Medical,1,340,3,e8cca808ae5a,83,2,1,Research Scientist,1,Married,162fda1c3929,18697,2,Y,No,8527a891e224,3,6b86b273ff34,80,1,17,2,2,3,1,0,2
45,No,Travel_Frequently,1199,Research & Development,7,4,Life Sciences,1,341,1,03f8c1273e3d,77,4,2,Manufacturing Director,3,Married,a2fc3cbeda0b,5118,4,Y,No,4523540f1504,3,4b227777d4dd,80,1,9,1,3,3,2,0,2
37,Yes,Travel_Frequently,504,Research & Development,10,3,Medical,1,342,1,03f8c1273e3d,61,3,3,Manufacturing Director,3,Divorced,e1c77b2d106c,22573,6,Y,No,4fc82b26aecb,3,d4735e3a265e,80,2,17,5,3,1,0,0,0
39,No,Travel_Frequently,505,Research & Development,2,4,Technical Degree,1,343,3,e8cca808ae5a,64,3,3,Healthcare Representative,3,Single,f4a7dcbed0eb,6420,0,Y,No,b7a56873cd77,4,4b227777d4dd,80,0,20,1,3,19,6,11,8
29,No,Travel_Rarely,665,Research & Development,15,3,Life Sciences,1,346,3,03f8c1273e3d,60,3,1,Research Scientist,4,Single,f15a3a5d3461,22673,1,Y,No,9400f1b21cb5,3,6b86b273ff34,80,0,6,1,3,6,5,1,5
42,No,Travel_Rarely,916,Research & Development,17,2,Life Sciences,1,347,4,e8cca808ae5a,82,4,2,Research Scientist,1,Single,983adc986531,23016,3,Y,Yes,3fdba35f04dc,3,4e07408562be,80,0,10,1,3,3,2,0,2
29,No,Travel_Rarely,1247,Sales,20,2,Marketing,1,349,4,03f8c1273e3d,45,3,2,Sales Executive,4,Divorced,d50a0cf19bc3,10732,2,Y,No,8527a891e224,3,4b227777d4dd,80,1,10,2,3,3,2,0,2
25,No,Travel_Rarely,685,Research & Development,1,3,Life Sciences,1,350,1,e8cca808ae5a,62,3,2,Manufacturing Director,3,Married,a66ce68fad6c,7505,0,Y,No,6b51d431df5d,3,4b227777d4dd,80,2,5,3,3,4,2,1,2
42,No,Travel_Rarely,269,Research & Development,2,3,Medical,1,351,4,e8cca808ae5a,56,2,1,Laboratory Technician,1,Divorced,9cbfc3c153a2,8007,0,Y,Yes,4fc82b26aecb,3,4e07408562be,80,1,10,4,3,9,6,7,8
40,No,Travel_Rarely,1416,Research & Development,2,2,Medical,1,352,1,03f8c1273e3d,49,3,5,Research Director,3,Divorced,fae6ea3da3df,5949,0,Y,No,9400f1b21cb5,3,4b227777d4dd,80,1,22,5,3,21,7,3,9
51,No,Travel_Rarely,833,Research & Development,1,3,Life Sciences,1,353,3,03f8c1273e3d,96,3,1,Research Scientist,4,Married,f7ad345930f8,23231,1,Y,No,4fc82b26aecb,3,d4735e3a265e,80,0,1,0,2,1,0,0,0
31,Yes,Travel_Frequently,307,Research & Development,29,2,Medical,1,355,3,03f8c1273e3d,71,2,1,Laboratory Technician,2,Single,ce16559af2ca,11652,0,Y,No,4fc82b26aecb,3,d4735e3a265e,80,0,6,2,4,5,4,1,4
32,No,Travel_Frequently,1311,Research & Development,7,3,Life Sciences,1,359,2,03f8c1273e3d,100,4,1,Laboratory Technician,2,Married,23adf0dede53,26062,1,Y,No,f5ca38f748a1,4,4e07408562be,80,0,5,3,1,5,1,0,3
38,No,Non-Travel,1327,Sales,2,2,Life Sciences,1,361,4,03f8c1273e3d,39,2,2,Sales Executive,4,Married,fce1eda2d2a5,19682,3,Y,No,4ec9599fc203,3,4b227777d4dd,80,1,13,0,3,8,7,7,5
32,No,Travel_Rarely,128,Research & Development,2,1,Technical Degree,1,362,4,03f8c1273e3d,84,2,2,Laboratory Technician,1,Single,396b8e65a84a,19737,4,Y,No,3fdba35f04dc,3,4b227777d4dd,80,0,9,5,3,6,2,0,4
46,No,Travel_Rarely,488,Sales,2,3,Technical Degree,1,363,3,e8cca808ae5a,75,1,4,Manager,2,Married,3cb4f294705b,14977,3,Y,Yes,6b51d431df5d,3,d4735e3a265e,80,1,28,2,2,7,7,7,7
28,Yes,Travel_Rarely,529,Research & Development,2,4,Life Sciences,1,364,1,03f8c1273e3d,79,3,1,Laboratory Technician,3,Single,07915fe7c4d1,14935,2,Y,No,4fc82b26aecb,3,4e07408562be,80,0,5,5,1,0,0,0,0
29,No,Travel_Rarely,1210,Sales,2,3,Medical,1,366,1,03f8c1273e3d,78,2,2,Sales Executive,2,Married,926c7551fea6,3687,2,Y,No,9400f1b21cb5,3,d4735e3a265e,80,2,10,2,3,0,0,0,0
31,No,Travel_Rarely,1463,Research & Development,23,3,Medical,1,367,2,03f8c1273e3d,64,2,2,Healthcare Representative,4,Married,c1698979b983,14408,0,Y,No,6f4b6612125f,4,d4735e3a265e,80,1,10,2,3,9,0,7,8
25,No,Non-Travel,675,Research & Development,5,2,Life Sciences,1,369,2,03f8c1273e3d,85,4,2,Healthcare Representative,1,Divorced,b090147020e0,18384,1,Y,No,6b51d431df5d,3,4b227777d4dd,80,2,6,2,3,6,3,1,5
45,No,Travel_Rarely,1385,Research & Development,20,2,Medical,1,372,3,03f8c1273e3d,79,3,4,Healthcare Representative,4,Married,1d85f131789d,7501,0,Y,Yes,8527a891e224,3,d4735e3a265e,80,0,21,2,3,20,7,4,10
36,No,Travel_Rarely,1403,Research & Development,6,3,Life Sciences,1,373,4,03f8c1273e3d,47,3,1,Laboratory Technician,4,Married,a7a057f8baea,20251,0,Y,No,4fc82b26aecb,3,4e07408562be,80,1,16,4,3,15,13,10,11
55,No,Travel_Rarely,452,Research & Development,1,3,Medical,1,374,4,03f8c1273e3d,81,3,5,Manager,1,Single,9517a8391697,18938,0,Y,Yes,8527a891e224,3,4e07408562be,80,0,37,2,3,36,10,4,13
47,Yes,Non-Travel,666,Research & Development,29,4,Life Sciences,1,376,1,03f8c1273e3d,88,3,3,Manager,2,Married,2e5c812c1894,10268,1,Y,Yes,6b51d431df5d,3,4b227777d4dd,80,1,10,2,2,10,7,9,9
28,No,Travel_Rarely,1158,Research & Development,9,3,Medical,1,377,4,03f8c1273e3d,94,3,1,Research Scientist,4,Married,06c973e49be9,2613,1,Y,No,535fa30d7e25,4,4b227777d4dd,80,1,5,3,2,5,2,0,4
37,No,Travel_Rarely,228,Sales,6,4,Medical,1,378,3,03f8c1273e3d,98,3,2,Sales Executive,4,Married,724229f1cb24,22825,4,Y,No,8527a891e224,3,d4735e3a265e,80,1,7,5,4,5,4,0,1
21,No,Travel_Rarely,996,Research & Development,3,2,Medical,1,379,4,03f8c1273e3d,100,2,1,Research Scientist,3,Single,183d58f7c3e4,10531,1,Y,No,4523540f1504,3,6b86b273ff34,80,0,3,4,4,3,2,1,0
37,No,Non-Travel,728,Research & Development,1,4,Medical,1,380,1,e8cca808ae5a,80,3,3,Research Director,4,Divorced,da23289ac5c2,11677,2,Y,Yes,4ec9599fc203,3,6b86b273ff34,80,2,15,2,3,5,2,0,2
35,No,Travel_Rarely,1315,Research & Development,22,3,Life Sciences,1,381,2,e8cca808ae5a,71,4,3,Manager,2,Divorced,4bbad7fe81ee,19100,7,Y,No,4ec9599fc203,3,d4735e3a265e,80,1,10,6,2,7,7,6,2
38,No,Travel_Rarely,322,Sales,7,2,Medical,1,382,1,e8cca808ae5a,44,4,2,Sales Executive,1,Divorced,cd52c325c5f2,19191,1,Y,Yes,c2356069e9d1,4,4e07408562be,80,1,8,3,3,8,0,7,7
26,No,Travel_Frequently,1479,Research & Development,1,3,Life Sciences,1,384,3,e8cca808ae5a,84,3,2,Manufacturing Director,2,Divorced,808d3b298549,26767,1,Y,No,f5ca38f748a1,4,6b86b273ff34,80,1,6,6,1,6,5,1,4
50,No,Travel_Rarely,797,Research & Development,4,1,Life Sciences,1,385,1,03f8c1273e3d,96,3,5,Research Director,2,Divorced,1aa745cf2c12,15815,3,Y,No,8527a891e224,3,6b86b273ff34,80,2,28,4,2,10,4,1,6
53,No,Travel_Rarely,1070,Research & Development,3,4,Medical,1,386,3,03f8c1273e3d,45,3,4,Research Director,3,Married,50003b94adc3,21016,3,Y,Yes,b17ef6d19c7a,3,4b227777d4dd,80,3,21,5,2,5,3,1,3
42,No,Travel_Rarely,635,Sales,1,1,Life Sciences,1,387,2,03f8c1273e3d,99,3,2,Sales Executive,3,Married,5a54ac537c15,24532,1,Y,No,b7a56873cd77,4,4e07408562be,80,0,20,3,3,20,16,11,6
29,No,Travel_Frequently,442,Sales,2,2,Life Sciences,1,388,2,03f8c1273e3d,44,3,2,Sales Executive,4,Single,c59ba22287ef,20260,1,Y,No,4ec9599fc203,3,6b86b273ff34,80,0,10,3,2,10,7,0,9
55,No,Travel_Rarely,147,Research & Development,20,2,Technical Degree,1,389,2,03f8c1273e3d,37,3,2,Laboratory Technician,4,Married,24075b270335,15972,3,Y,Yes,9400f1b21cb5,3,4b227777d4dd,80,1,12,4,3,10,7,0,8
26,No,Travel_Frequently,496,Research & Development,11,2,Medical,1,390,1,03f8c1273e3d,60,3,2,Healthcare Representative,1,Married,256a1f649084,22722,1,Y,Yes,3fdba35f04dc,3,4e07408562be,80,1,5,3,3,5,3,3,3
37,No,Travel_Rarely,1372,Research & Development,1,3,Life Sciences,1,391,4,e8cca808ae5a,42,3,1,Research Scientist,4,Single,4459b2909cef,15881,1,Y,No,6b51d431df5d,3,d4735e3a265e,80,0,17,3,3,17,12,5,7
44,Yes,Travel_Frequently,920,Research & Development,24,3,Life Sciences,1,392,4,03f8c1273e3d,43,3,1,Laboratory Technician,3,Divorced,fbfd6393c2b3,19920,3,Y,Yes,785f3ec7eb32,4,4b227777d4dd,80,1,19,0,1,1,0,0,0
38,No,Travel_Rarely,688,Research & Development,23,4,Life Sciences,1,393,4,03f8c1273e3d,82,3,2,Healthcare Representative,4,Divorced,8b37635c1099,18899,9,Y,No,8527a891e224,3,d4735e3a265e,80,1,10,2,3,2,2,1,2
26,Yes,Travel_Rarely,1449,Research & Development,16,4,Medical,1,394,1,03f8c1273e3d,45,3,1,Laboratory Technician,2,Divorced,aabe8732aaba,14180,2,Y,Yes,3fdba35f04dc,3,4b227777d4dd,80,1,5,2,3,3,2,0,2
28,No,Travel_Rarely,1117,Research & Development,8,2,Life Sciences,1,395,4,e8cca808ae5a,66,3,1,Research Scientist,4,Single,5a4a0c923c9a,4488,1,Y,No,6f4b6612125f,4,4b227777d4dd,80,0,5,3,3,5,3,0,2
49,No,Travel_Frequently,636,Research & Development,10,4,Life Sciences,1,396,3,e8cca808ae5a,35,3,5,Research Director,1,Single,b6235776fba8,25594,9,Y,Yes,4fc82b26aecb,3,4b227777d4dd,80,0,22,4,3,3,2,1,2
36,No,Travel_Rarely,506,Research & Development,3,3,Technical Degree,1,397,3,03f8c1273e3d,30,3,2,Research Scientist,2,Single,baffc5401eda,26285,4,Y,No,6b51d431df5d,3,4b227777d4dd,80,0,10,2,3,8,0,7,7
31,No,Travel_Frequently,444,Sales,5,3,Marketing,1,399,4,e8cca808ae5a,84,3,1,Sales Representative,2,Divorced,792906552244,3909,1,Y,No,4fc82b26aecb,3,4e07408562be,80,1,2,5,2,2,2,2,2
26,Yes,Travel_Rarely,950,Sales,4,4,Marketing,1,401,4,03f8c1273e3d,48,2,2,Sales Executive,4,Single,d7d145410c61,8450,1,Y,Yes,6b51d431df5d,3,d4735e3a265e,80,0,8,0,3,8,7,7,4
37,No,Travel_Frequently,889,Research & Development,9,3,Medical,1,403,2,03f8c1273e3d,53,3,1,Research Scientist,4,Married,827b209fa167,11411,1,Y,Yes,6b51d431df5d,3,4e07408562be,80,3,4,3,2,4,2,1,2
42,No,Travel_Frequently,555,Sales,26,3,Marketing,1,404,3,e8cca808ae5a,77,3,4,Sales Executive,2,Married,2e1b9b762e6d,14864,5,Y,No,8527a891e224,3,4b227777d4dd,80,1,23,2,4,20,4,4,8
18,Yes,Travel_Rarely,230,Research & Development,3,3,Life Sciences,1,405,3,03f8c1273e3d,54,3,1,Laboratory Technician,3,Single,3141d9c749e8,25233,1,Y,No,3fdba35f04dc,3,4e07408562be,80,0,0,2,3,0,0,0,0
35,No,Travel_Rarely,1232,Sales,16,3,Marketing,1,406,3,03f8c1273e3d,96,3,3,Sales Executive,2,Married,144f58b59263,5100,0,Y,No,e629fa6598d7,3,4e07408562be,80,2,12,3,2,11,9,6,9
36,No,Travel_Frequently,566,Research & Development,18,4,Life Sciences,1,407,3,03f8c1273e3d,81,4,1,Laboratory Technician,4,Married,670b08a87508,7122,4,Y,No,4ec9599fc203,3,4b227777d4dd,80,2,4,2,3,1,0,0,0
51,No,Travel_Rarely,1302,Research & Development,2,3,Medical,1,408,4,03f8c1273e3d,84,1,2,Manufacturing Director,2,Divorced,02c0b7bcc4d2,16321,5,Y,No,4ec9599fc203,3,4b227777d4dd,80,1,13,3,3,4,1,1,2
41,No,Travel_Rarely,334,Sales,2,4,Life Sciences,1,410,4,03f8c1273e3d,88,3,4,Manager,2,Single,c79c16b4b82a,15896,1,Y,No,9400f1b21cb5,3,d4735e3a265e,80,0,22,2,3,22,10,0,4
18,No,Travel_Rarely,812,Sales,10,3,Medical,1,411,4,e8cca808ae5a,69,2,1,Sales Representative,3,Single,15197cf7214b,9724,1,Y,No,6b51d431df5d,3,6b86b273ff34,80,0,0,2,3,0,0,0,0
28,No,Travel_Rarely,1476,Research & Development,16,2,Medical,1,412,2,03f8c1273e3d,68,4,2,Healthcare Representative,1,Single,62b4a761bd43,4824,0,Y,No,9400f1b21cb5,3,4e07408562be,80,0,9,2,3,8,3,0,7
31,No,Travel_Rarely,218,Sales,7,3,Technical Degree,1,416,2,03f8c1273e3d,100,4,2,Sales Executive,4,Married,11900bd7941a,12241,4,Y,No,4fc82b26aecb,3,d4735e3a265e,80,1,10,3,2,8,7,7,7
39,No,Travel_Rarely,1132,Research & Development,1,3,Medical,1,417,3,03f8c1273e3d,48,4,3,Healthcare Representative,4,Divorced,6dc0836503e9,10942,0,Y,No,4523540f1504,3,6b86b273ff34,80,3,19,5,2,18,10,3,7
36,No,Non-Travel,1105,Research & Development,24,4,Life Sciences,1,419,2,e8cca808ae5a,47,3,2,Laboratory Technician,2,Married,c83e0fc471e3,6927,7,Y,No,e629fa6598d7,3,4e07408562be,80,1,11,3,3,9,8,0,8
32,No,Travel_Rarely,906,Sales,7,3,Life Sciences,1,420,4,03f8c1273e3d,91,2,2,Sales Executive,3,Married,6320064497fd,16985,1,Y,No,8527a891e224,3,4e07408562be,80,1,13,3,2,13,8,4,8
38,No,Travel_Rarely,849,Research & Development,25,2,Life Sciences,1,421,1,e8cca808ae5a,81,2,3,Research Director,2,Married,52a8e84dfaf4,26707,3,Y,No,4523540f1504,3,4e07408562be,80,1,19,2,3,10,8,0,1
58,No,Non-Travel,390,Research & Development,1,4,Life Sciences,1,422,4,03f8c1273e3d,32,1,2,Healthcare Representative,3,Divorced,a5081fc73076,17056,2,Y,Yes,3fdba35f04dc,3,4b227777d4dd,80,1,12,2,3,5,3,1,2
31,No,Travel_Rarely,691,Research & Development,5,4,Technical Degree,1,423,3,03f8c1273e3d,86,3,1,Research Scientist,4,Married,a388f562e286,10077,0,Y,Yes,6b51d431df5d,3,4e07408562be,80,1,6,4,3,5,2,0,3
31,No,Travel_Rarely,106,Human Resources,2,3,Human Resources,1,424,1,03f8c1273e3d,62,2,2,Human Resources,1,Married,69cddaf496b7,17822,3,Y,No,6b51d431df5d,3,4b227777d4dd,80,0,9,1,3,2,2,1,0
45,No,Travel_Frequently,1249,Research & Development,7,3,Life Sciences,1,425,1,03f8c1273e3d,97,3,3,Laboratory Technician,1,Divorced,9f8917ad8610,20308,1,Y,No,4ec9599fc203,3,6b86b273ff34,80,1,24,2,3,24,9,9,11
31,No,Travel_Rarely,192,Research & Development,2,4,Life Sciences,1,426,3,03f8c1273e3d,32,3,1,Research Scientist,4,Divorced,3c7f572560e6,7747,0,Y,Yes,4ec9599fc203,3,d4735e3a265e,80,1,3,2,1,2,2,2,2
33,No,Travel_Frequently,553,Research & Development,5,4,Life Sciences,1,428,4,e8cca808ae5a,74,3,3,Manager,2,Married,deb297c53959,23364,6,Y,No,4fc82b26aecb,3,d4735e3a265e,80,2,12,2,3,10,6,8,8
39,No,Travel_Rarely,117,Research & Development,10,1,Medical,1,429,3,03f8c1273e3d,99,3,4,Manager,1,Married,070167a5b89e,5355,1,Y,Yes,8527a891e224,3,4b227777d4dd,80,0,21,3,3,21,9,11,10
43,No,Travel_Frequently,185,Research & Development,10,4,Life Sciences,1,430,3,e8cca808ae5a,33,3,1,Laboratory Technician,4,Single,42b4fb473bac,10675,0,Y,No,9400f1b21cb5,3,6b86b273ff34,80,0,9,5,3,8,7,1,7
49,No,Travel_Rarely,1091,Research & Development,1,2,Technical Degree,1,431,3,e8cca808ae5a,90,2,4,Healthcare Representative,3,Single,ca730010a74d,17810,7,Y,Yes,6b51d431df5d,3,4b227777d4dd,80,0,25,2,3,7,1,0,7
52,Yes,Travel_Rarely,723,Research & Development,8,4,Medical,1,433,3,03f8c1273e3d,85,2,2,Research Scientist,2,Married,666d6fe53a66,17747,2,Y,No,e629fa6598d7,3,6b86b273ff34,80,0,11,3,2,8,2,7,7
27,No,Travel_Rarely,1220,Research & Development,5,3,Life Sciences,1,434,3,e8cca808ae5a,85,3,1,Research Scientist,2,Single,aabbb2bd43c0,20938,1,Y,Yes,6b51d431df5d,3,d4735e3a265e,80,0,4,2,2,4,3,1,2
32,No,Travel_Rarely,588,Sales,8,2,Technical Degree,1,436,3,e8cca808ae5a,65,2,2,Sales Executive,2,Married,fa69411a009f,24624,1,Y,Yes,4fc82b26aecb,3,4b227777d4dd,80,0,13,2,3,13,12,11,9
27,No,Travel_Rarely,1377,Sales,2,3,Life Sciences,1,437,4,03f8c1273e3d,74,3,2,Sales Executive,3,Single,984118abc834,5242,1,Y,Yes,4fc82b26aecb,3,6b86b273ff34,80,0,5,3,3,5,4,0,4
31,No,Travel_Rarely,691,Sales,7,3,Marketing,1,438,4,03f8c1273e3d,73,3,2,Sales Executive,4,Divorced,f346692204a7,7143,4,Y,No,6b51d431df5d,3,4b227777d4dd,80,3,13,3,3,7,7,1,7
32,No,Travel_Rarely,1018,Research & Development,2,4,Medical,1,439,1,e8cca808ae5a,74,4,2,Research Scientist,4,Single,520882626bcb,10557,7,Y,No,b17ef6d19c7a,3,4e07408562be,80,0,10,0,2,7,7,0,7
28,Yes,Travel_Rarely,1157,Research & Development,2,4,Medical,1,440,1,03f8c1273e3d,84,1,1,Research Scientist,4,Married,0d3fa6dd8f23,24737,5,Y,Yes,3fdba35f04dc,3,4b227777d4dd,80,0,5,4,2,3,2,2,2
30,No,Travel_Rarely,1275,Research & Development,28,2,Medical,1,441,4,e8cca808ae5a,64,3,2,Research Scientist,4,Married,8f380b167de1,11934,1,Y,No,3fdba35f04dc,3,4b227777d4dd,80,2,11,2,3,10,8,1,9
31,No,Travel_Frequently,798,Research & Development,7,2,Life Sciences,1,442,3,e8cca808ae5a,48,2,3,Manufacturing Director,3,Married,e451794b8548,14034,1,Y,No,c2356069e9d1,4,6b86b273ff34,80,1,10,2,3,10,9,8,9
39,No,Travel_Frequently,672,Research & Development,7,2,Medical,1,444,3,03f8c1273e3d,54,2,5,Manager,4,Married,0f96051ad527,21141,1,Y,No,e629fa6598d7,3,6b86b273ff34,80,1,21,2,3,21,9,13,3
39,Yes,Travel_Rarely,1162,Sales,3,2,Medical,1,445,4,e8cca808ae5a,41,3,2,Sales Executive,3,Married,f34eb9d345d7,17778,4,Y,Yes,4ec9599fc203,3,6b86b273ff34,80,0,12,3,2,1,0,0,0
33,No,Travel_Frequently,508,Sales,10,3,Marketing,1,446,2,03f8c1273e3d,46,2,2,Sales Executive,4,Single,c3938f1bf031,4317,3,Y,No,8527a891e224,3,4e07408562be,80,0,9,6,2,7,7,0,1
47,No,Travel_Rarely,1482,Research & Development,5,5,Life Sciences,1,447,4,03f8c1273e3d,42,3,5,Research Director,3,Married,5fab5bd05f98,16375,4,Y,No,4fc82b26aecb,3,d4735e3a265e,80,1,21,2,3,3,2,1,1
43,No,Travel_Frequently,559,Research & Development,10,4,Life Sciences,1,448,3,e8cca808ae5a,82,2,2,Laboratory Technician,3,Divorced,53677d2d33ed,6227,1,Y,No,4fc82b26aecb,3,d4735e3a265e,80,1,9,3,4,9,7,0,0
27,No,Non-Travel,210,Sales,1,1,Marketing,1,449,3,03f8c1273e3d,73,3,2,Sales Executive,2,Married,23f88e415a25,22107,0,Y,Yes,3fdba35f04dc,3,4b227777d4dd,80,1,6,0,3,5,4,1,4
54,No,Travel_Frequently,928,Research & Development,20,4,Life Sciences,1,450,4,e8cca808ae5a,31,3,2,Research Scientist,3,Single,5b10564b32ea,16885,3,Y,No,6b51d431df5d,3,4b227777d4dd,80,0,20,4,2,4,3,0,3
43,No,Travel_Rarely,1001,Research & Development,7,3,Life Sciences,1,451,3,e8cca808ae5a,43,3,3,Healthcare Representative,1,Married,29d812224997,9262,8,Y,No,b17ef6d19c7a,3,6b86b273ff34,80,1,10,1,2,1,0,0,0
45,No,Travel_Rarely,549,Research & Development,8,4,Other,1,452,4,03f8c1273e3d,75,3,2,Research Scientist,4,Married,72abacb09477,9278,9,Y,No,8527a891e224,3,6b86b273ff34,80,2,12,3,3,10,9,9,8
40,No,Travel_Rarely,1124,Sales,1,2,Medical,1,453,2,03f8c1273e3d,57,1,2,Sales Executive,4,Married,cb03a2c5a7b9,13273,2,Y,Yes,785f3ec7eb32,4,4e07408562be,80,3,6,2,2,4,3,0,2
29,Yes,Travel_Rarely,318,Research & Development,8,4,Other,1,454,2,03f8c1273e3d,77,1,1,Laboratory Technician,1,Married,20756d2b18a4,4759,1,Y,Yes,4fc82b26aecb,3,4b227777d4dd,80,0,7,4,2,7,7,0,7
29,No,Travel_Rarely,738,Research & Development,9,5,Other,1,455,2,03f8c1273e3d,30,2,1,Laboratory Technician,4,Single,c7e92bac8729,7621,0,Y,No,4523540f1504,3,4e07408562be,80,0,4,2,3,3,2,2,2
30,No,Travel_Rarely,570,Sales,5,3,Marketing,1,456,4,e8cca808ae5a,30,2,2,Sales Executive,3,Divorced,e59298ddda01,5431,1,Y,No,3fdba35f04dc,3,4e07408562be,80,3,10,2,3,10,9,1,2
27,No,Travel_Rarely,1130,Sales,8,4,Marketing,1,458,2,e8cca808ae5a,56,3,2,Sales Executive,2,Married,b954bc4acaad,3415,1,Y,No,4ec9599fc203,3,6b86b273ff34,80,1,8,3,3,8,7,0,7
37,No,Travel_Rarely,1192,Research & Development,5,2,Medical,1,460,4,03f8c1273e3d,61,3,2,Manufacturing Director,4,Divorced,9e2496ce96a8,23177,7,Y,No,b17ef6d19c7a,3,4e07408562be,80,2,8,2,2,6,2,0,4
38,No,Travel_Rarely,343,Research & Development,15,2,Life Sciences,1,461,3,03f8c1273e3d,92,2,3,Research Director,4,Divorced,c952daaa4f4d,15682,0,Y,Yes,8527a891e224,3,d4735e3a265e,80,1,12,3,3,11,10,2,9
31,No,Travel_Rarely,1232,Research & Development,7,4,Medical,1,462,3,e8cca808ae5a,39,3,3,Manufacturing Director,4,Single,62d1c8c930d1,25713,1,Y,Yes,8527a891e224,3,4e07408562be,80,0,11,2,2,11,9,4,10
29,No,Travel_Rarely,144,Sales,10,1,Marketing,1,463,4,e8cca808ae5a,39,2,2,Sales Executive,2,Divorced,0e74f3e37a16,11866,1,Y,Yes,8527a891e224,3,6b86b273ff34,80,2,7,2,3,7,7,1,7
35,No,Travel_Rarely,1296,Research & Development,5,4,Technical Degree,1,464,3,03f8c1273e3d,62,3,3,Manufacturing Director,2,Single,c40b15ca508f,18264,0,Y,No,3fdba35f04dc,3,4b227777d4dd,80,0,17,5,3,16,6,0,13
23,No,Travel_Rarely,1309,Research & Development,26,1,Life Sciences,1,465,3,03f8c1273e3d,83,3,1,Research Scientist,4,Divorced,8c93cd35d2c7,16092,1,Y,No,6b51d431df5d,3,4e07408562be,80,2,4,2,2,4,2,0,2
41,No,Travel_Rarely,483,Research & Development,6,3,Medical,1,466,4,03f8c1273e3d,95,2,2,Manufacturing Director,2,Single,83cbd79a9087,10110,6,Y,Yes,e629fa6598d7,3,4b227777d4dd,80,0,8,3,3,5,4,1,2
47,No,Travel_Frequently,1309,Sales,4,1,Medical,1,467,2,03f8c1273e3d,99,3,2,Sales Representative,3,Single,a24a6dd3d30d,25751,3,Y,No,9400f1b21cb5,3,6b86b273ff34,80,0,5,3,3,0,0,0,0
42,No,Travel_Rarely,810,Research & Development,23,5,Life Sciences,1,468,1,e8cca808ae5a,44,3,4,Research Director,4,Single,c37b474b90d9,15901,2,Y,No,8527a891e224,3,d4735e3a265e,80,0,16,2,3,1,0,0,0
29,No,Non-Travel,746,Sales,2,3,Life Sciences,1,469,4,03f8c1273e3d,61,3,2,Sales Executive,3,Married,69aa50d0821a,16928,1,Y,No,8527a891e224,3,6b86b273ff34,80,1,4,3,2,4,3,0,2
42,No,Travel_Rarely,544,Human Resources,2,1,Technical Degree,1,470,3,03f8c1273e3d,52,3,1,Human Resources,3,Divorced,6bacb4f243d3,24017,0,Y,Yes,4fc82b26aecb,3,4e07408562be,80,1,4,5,3,3,2,1,0
32,No,Travel_Rarely,1062,Research & Development,2,3,Medical,1,471,3,e8cca808ae5a,75,3,1,Laboratory Technician,2,Married,d0a8a882c042,3956,1,Y,No,3fdba35f04dc,3,4e07408562be,80,1,8,4,3,8,0,0,7
48,No,Travel_Rarely,530,Sales,29,1,Medical,1,473,1,e8cca808ae5a,91,3,3,Manager,3,Married,58129455d17a,23978,3,Y,No,6f4b6612125f,4,d4735e3a265e,80,1,15,3,1,0,0,0,0
37,No,Travel_Rarely,1319,Research & Development,6,3,Medical,1,474,3,03f8c1273e3d,51,4,2,Research Scientist,1,Divorced,374c0fd6e94e,17001,4,Y,Yes,3fdba35f04dc,3,6b86b273ff34,80,2,13,2,3,7,7,6,7
30,No,Non-Travel,641,Sales,25,2,Technical Degree,1,475,4,e8cca808ae5a,85,3,2,Sales Executive,3,Married,e359ab296b5b,6069,7,Y,Yes,6b51d431df5d,3,d4735e3a265e,80,1,4,2,4,2,2,2,2
26,No,Travel_Rarely,933,Sales,1,3,Life Sciences,1,476,3,03f8c1273e3d,57,3,2,Sales Executive,3,Married,f1ed082f1389,20156,1,Y,No,4523540f1504,3,d4735e3a265e,80,1,8,3,3,8,7,7,7
42,No,Travel_Rarely,1332,Research & Development,2,4,Other,1,477,1,03f8c1273e3d,98,2,2,Healthcare Representative,4,Single,9a02893b80af,17078,3,Y,No,535fa30d7e25,4,d4735e3a265e,80,0,14,6,3,1,0,0,0
21,Yes,Travel_Frequently,756,Sales,1,1,Technical Degree,1,478,1,e8cca808ae5a,99,2,1,Sales Representative,2,Single,a41b6fde8b21,9150,1,Y,Yes,4fc82b26aecb,3,4e07408562be,80,0,3,3,3,3,2,1,2
36,No,Non-Travel,845,Sales,1,5,Medical,1,479,4,e8cca808ae5a,45,3,2,Sales Executive,4,Single,758977412c11,15276,4,Y,No,e629fa6598d7,3,d4735e3a265e,80,0,7,6,3,1,0,0,0
36,No,Travel_Frequently,541,Sales,3,4,Medical,1,481,1,03f8c1273e3d,48,2,3,Sales Executive,4,Married,238cf2329ea0,7246,4,Y,No,4fc82b26aecb,3,6b86b273ff34,80,1,16,2,3,13,9,1,12
57,No,Travel_Rarely,593,Research & Development,1,4,Medical,1,482,4,03f8c1273e3d,88,3,2,Healthcare Representative,3,Married,c65765f07db7,2967,2,Y,No,4fc82b26aecb,3,4e07408562be,80,0,15,2,3,3,2,1,2
40,No,Travel_Rarely,1171,Research & Development,10,4,Life Sciences,1,483,4,e8cca808ae5a,46,4,1,Laboratory Technician,3,Married,88cf986449b6,22495,3,Y,Yes,3fdba35f04dc,3,4e07408562be,80,1,10,3,3,7,7,1,7
21,No,Non-Travel,895,Sales,9,2,Medical,1,484,1,03f8c1273e3d,39,3,1,Sales Representative,4,Single,9d45a4710a9a,2851,1,Y,No,c2356069e9d1,4,4e07408562be,80,0,3,3,2,3,2,2,2
33,Yes,Travel_Rarely,350,Sales,5,3,Marketing,1,485,4,e8cca808ae5a,34,3,1,Sales Representative,3,Single,d0541665ae52,9150,1,Y,Yes,3fdba35f04dc,3,d4735e3a265e,80,0,1,2,3,1,0,0,0
37,No,Travel_Rarely,921,Research & Development,10,3,Medical,1,486,3,e8cca808ae5a,98,3,1,Laboratory Technician,1,Married,9841b7a33831,17663,6,Y,No,f5ca38f748a1,4,d4735e3a265e,80,1,17,3,3,5,4,0,3
46,No,Non-Travel,1144,Research & Development,7,4,Medical,1,487,3,e8cca808ae5a,30,3,2,Manufacturing Director,3,Married,0e5cf35a8fa6,16044,2,Y,No,8527a891e224,3,4e07408562be,80,0,7,2,4,1,0,0,0
41,Yes,Travel_Frequently,143,Sales,4,3,Marketing,1,488,1,03f8c1273e3d,56,3,2,Sales Executive,2,Single,f3bb3fdf5cb8,9558,1,Y,No,4ec9599fc203,3,4e07408562be,80,0,8,5,3,8,7,7,7
50,No,Travel_Rarely,1046,Research & Development,10,3,Technical Degree,1,491,4,03f8c1273e3d,100,2,3,Healthcare Representative,4,Single,eb444c0a20e3,2755,6,Y,No,e629fa6598d7,3,4b227777d4dd,80,0,20,2,3,4,3,1,3
40,Yes,Travel_Rarely,575,Sales,22,2,Marketing,1,492,3,03f8c1273e3d,68,2,2,Sales Executive,3,Married,f0f250b303d9,6110,2,Y,Yes,6b51d431df5d,3,6b86b273ff34,80,2,8,6,3,6,4,1,0
31,No,Travel_Rarely,408,Research & Development,9,4,Life Sciences,1,493,3,03f8c1273e3d,42,2,1,Research Scientist,2,Single,fc6f7f134454,7551,0,Y,Yes,b17ef6d19c7a,3,4b227777d4dd,80,0,3,5,3,2,2,2,2
21,Yes,Travel_Rarely,156,Sales,12,3,Life Sciences,1,494,3,e8cca808ae5a,90,4,1,Sales Representative,2,Single,cc9cf5d8f89b,25422,1,Y,No,e629fa6598d7,3,4b227777d4dd,80,0,1,0,3,1,0,0,0
29,No,Travel_Rarely,1283,Research & Development,23,3,Life Sciences,1,495,4,03f8c1273e3d,54,3,1,Research Scientist,4,Single,c5d4a63dbef4,18168,9,Y,No,b17ef6d19c7a,3,4b227777d4dd,80,0,6,4,3,3,2,1,2
35,No,Travel_Rarely,755,Research & Development,9,4,Life Sciences,1,496,3,03f8c1273e3d,97,2,2,Healthcare Representative,2,Single,ede4d2a70581,19394,9,Y,No,9400f1b21cb5,3,4e07408562be,80,0,10,5,3,1,1,0,0
27,No,Travel_Rarely,1469,Research & Development,1,2,Medical,1,497,4,03f8c1273e3d,82,3,1,Laboratory Technician,2,Divorced,14cf3f00fb27,17881,1,Y,No,4fc82b26aecb,3,d4735e3a265e,80,1,5,2,3,5,2,0,4
28,No,Travel_Rarely,304,Sales,9,4,Life Sciences,1,498,2,03f8c1273e3d,92,3,2,Sales Executive,4,Single,e9c649d518df,20750,1,Y,No,b17ef6d19c7a,3,4b227777d4dd,80,0,7,1,3,7,5,0,7
49,No,Travel_Rarely,1261,Research & Development,7,3,Other,1,499,2,03f8c1273e3d,31,2,3,Healthcare Representative,3,Single,73e0bf5e4651,12066,8,Y,No,c2356069e9d1,4,4e07408562be,80,0,26,2,3,5,2,0,0
51,No,Travel_Rarely,1178,Sales,14,2,Life Sciences,1,500,3,e8cca808ae5a,87,3,2,Sales Executive,4,Married,206bc84a380b,14862,4,Y,No,4fc82b26aecb,3,4e07408562be,80,1,18,2,2,7,7,0,7
36,No,Travel_Rarely,329,Research & Development,2,3,Life Sciences,1,501,4,e8cca808ae5a,96,3,1,Research Scientist,3,Married,887846b0aa6a,11868,4,Y,No,3fdba35f04dc,3,d4735e3a265e,80,1,6,3,3,2,2,2,2
34,Yes,Non-Travel,1362,Sales,19,3,Marketing,1,502,1,03f8c1273e3d,67,4,2,Sales Executive,4,Single,6739d7f3fdec,4652,8,Y,Yes,3fdba35f04dc,3,d4735e3a265e,80,0,9,3,2,5,2,0,4
55,No,Travel_Rarely,1311,Research & Development,2,3,Life Sciences,1,505,3,e8cca808ae5a,97,3,4,Manager,4,Single,94943599f573,23258,2,Y,Yes,3fdba35f04dc,3,4e07408562be,80,0,30,2,3,5,4,1,2
24,No,Travel_Rarely,1371,Sales,10,4,Marketing,1,507,4,e8cca808ae5a,77,3,2,Sales Executive,3,Divorced,d6f9272a493a,5915,1,Y,Yes,6b51d431df5d,3,4b227777d4dd,80,1,5,2,4,5,2,0,3
30,No,Travel_Rarely,202,Sales,2,1,Technical Degree,1,508,3,03f8c1273e3d,72,3,1,Sales Representative,2,Married,1395d0b76b56,17434,1,Y,No,4ec9599fc203,3,6b86b273ff34,80,1,1,3,3,1,0,0,0
26,Yes,Travel_Frequently,575,Research & Development,3,1,Technical Degree,1,510,3,03f8c1273e3d,73,3,1,Research Scientist,1,Single,9ec5adcb162f,6582,0,Y,No,785f3ec7eb32,4,4e07408562be,80,0,7,2,3,6,4,0,4
22,No,Travel_Rarely,253,Research & Development,11,3,Medical,1,511,1,e8cca808ae5a,43,3,1,Research Scientist,2,Married,8698df0ec492,24440,1,Y,No,3fdba35f04dc,3,4b227777d4dd,80,1,2,1,3,2,1,1,2
36,No,Travel_Rarely,164,Sales,2,2,Medical,1,513,2,03f8c1273e3d,61,2,3,Sales Executive,3,Married,3c2de561e6c6,3809,1,Y,No,3fdba35f04dc,3,d4735e3a265e,80,2,10,2,3,10,9,9,0
30,Yes,Travel_Frequently,464,Research & Development,4,3,Technical Degree,1,514,3,03f8c1273e3d,40,3,1,Research Scientist,4,Single,d8f548dedc43,3427,9,Y,Yes,535fa30d7e25,4,4e07408562be,80,0,3,4,3,1,0,0,0
37,No,Travel_Rarely,1107,Research & Development,14,3,Life Sciences,1,515,4,e8cca808ae5a,95,3,1,Laboratory Technician,1,Divorced,0c6dbdad91c6,26914,1,Y,No,6b51d431df5d,3,4e07408562be,80,1,18,2,2,18,7,12,17
40,No,Travel_Rarely,759,Sales,2,2,Marketing,1,516,4,e8cca808ae5a,46,3,2,Sales Executive,2,Divorced,8595f9e3f5f0,22553,7,Y,No,6b51d431df5d,3,4e07408562be,80,2,8,5,3,5,4,1,3
42,No,Travel_Rarely,201,Research & Development,1,4,Life Sciences,1,517,2,e8cca808ae5a,95,3,1,Laboratory Technician,1,Divorced,1098335e95d3,20490,3,Y,No,b17ef6d19c7a,3,d4735e3a265e,80,1,8,5,3,5,2,1,2
37,No,Travel_Rarely,1305,Research & Development,10,4,Life Sciences,1,518,3,03f8c1273e3d,49,3,2,Manufacturing Director,2,Single,9b6dc42334a8,21123,2,Y,Yes,6b51d431df5d,3,4b227777d4dd,80,0,18,2,2,1,0,0,1
43,No,Travel_Rarely,982,Research & Development,12,3,Life Sciences,1,520,1,03f8c1273e3d,59,2,4,Research Director,2,Divorced,8f34690ce4dd,4345,1,Y,No,4fc82b26aecb,3,4e07408562be,80,1,25,3,3,25,10,3,9
40,No,Travel_Rarely,555,Research & Development,2,3,Medical,1,521,2,e8cca808ae5a,78,2,2,Laboratory Technician,3,Married,115c08a62490,13436,6,Y,No,785f3ec7eb32,4,d4735e3a265e,80,1,20,3,3,1,0,0,0
54,No,Travel_Rarely,821,Research & Development,5,2,Medical,1,522,1,03f8c1273e3d,86,3,5,Research Director,1,Married,cdff89631d34,8509,4,Y,No,4fc82b26aecb,3,4e07408562be,80,1,24,4,2,4,2,1,2
34,No,Non-Travel,1381,Sales,4,4,Marketing,1,523,3,e8cca808ae5a,72,3,2,Sales Executive,3,Married,54bf198436e2,12740,9,Y,No,e629fa6598d7,3,6b86b273ff34,80,1,6,3,3,3,2,1,2
31,No,Travel_Rarely,480,Research & Development,7,2,Medical,1,524,2,e8cca808ae5a,31,3,2,Manufacturing Director,1,Married,0d4a81d212f5,4156,1,Y,No,6b51d431df5d,3,d4735e3a265e,80,1,13,5,1,13,10,3,12
43,No,Travel_Frequently,313,Research & Development,21,3,Medical,1,525,4,03f8c1273e3d,61,3,1,Laboratory Technician,4,Married,ea215720034a,15238,7,Y,No,f5ca38f748a1,4,6b86b273ff34,80,1,8,1,3,3,2,1,2
43,No,Travel_Rarely,1473,Research & Development,8,4,Other,1,526,3,e8cca808ae5a,74,3,2,Healthcare Representative,3,Divorced,8b833ace33df,2227,4,Y,Yes,8527a891e224,3,4b227777d4dd,80,0,8,3,3,5,2,0,2
25,No,Travel_Rarely,891,Sales,4,2,Life Sciences,1,527,2,e8cca808ae5a,99,2,2,Sales Executive,4,Single,6bfdef5eaf4a,12090,1,Y,Yes,4fc82b26aecb,3,d4735e3a265e,80,0,5,3,3,5,4,1,3
37,No,Non-Travel,1063,Research & Development,25,5,Medical,1,529,2,e8cca808ae5a,72,3,2,Research Scientist,3,Married,881319805b31,23866,3,Y,Yes,e629fa6598d7,3,6b86b273ff34,80,2,15,2,3,13,11,10,7
31,No,Travel_Rarely,329,Research & Development,1,2,Life Sciences,1,530,4,03f8c1273e3d,98,2,1,Laboratory Technician,1,Married,58763bceaddc,16193,1,Y,No,6b51d431df5d,3,4e07408562be,80,1,4,3,3,4,2,3,2
39,No,Travel_Frequently,1218,Research & Development,1,1,Life Sciences,1,531,2,03f8c1273e3d,52,3,5,Manager,3,Divorced,3a6a06a207e1,8213,1,Y,Yes,8527a891e224,3,4e07408562be,80,1,21,3,3,21,8,1,6
56,No,Travel_Frequently,906,Sales,6,3,Life Sciences,1,532,3,e8cca808ae5a,86,4,4,Sales Executive,1,Married,963df261b287,18256,9,Y,No,4fc82b26aecb,3,4b227777d4dd,80,3,36,0,2,7,7,7,7
30,No,Travel_Rarely,1082,Sales,12,3,Technical Degree,1,533,2,e8cca808ae5a,83,3,2,Sales Executive,3,Single,50f739f3e057,19558,0,Y,No,4fc82b26aecb,3,d4735e3a265e,80,0,6,6,3,5,4,4,4
41,No,Travel_Rarely,645,Sales,1,3,Marketing,1,534,2,03f8c1273e3d,49,4,3,Sales Executive,1,Married,9740a36f4010,19566,1,Y,No,b17ef6d19c7a,3,4e07408562be,80,1,10,2,3,10,7,0,7
28,No,Travel_Rarely,1300,Research & Development,17,2,Medical,1,536,3,03f8c1273e3d,79,3,2,Laboratory Technician,1,Divorced,86d1d4f9c4c1,13535,1,Y,No,6b51d431df5d,3,4b227777d4dd,80,1,10,2,3,10,0,1,8
25,Yes,Travel_Rarely,688,Research & Development,3,3,Medical,1,538,1,03f8c1273e3d,91,3,1,Laboratory Technician,1,Married,2559813bc652,9396,5,Y,No,3fdba35f04dc,3,4e07408562be,80,1,6,5,3,2,2,0,2
52,No,Travel_Rarely,319,Research & Development,3,3,Medical,1,543,4,03f8c1273e3d,39,2,3,Manufacturing Director,3,Married,a0a626252c41,19609,2,Y,Yes,8527a891e224,3,4e07408562be,80,0,28,4,3,5,4,0,4
45,No,Travel_Rarely,192,Research & Development,10,2,Life Sciences,1,544,1,03f8c1273e3d,69,3,1,Research Scientist,4,Married,dbaf899fbd96,9655,3,Y,No,6f4b6612125f,4,4b227777d4dd,80,2,8,3,2,2,2,0,2
52,No,Travel_Rarely,1490,Research & Development,4,2,Life Sciences,1,546,4,e8cca808ae5a,30,3,4,Manager,4,Married,d668cc86570d,10310,2,Y,No,3fdba35f04dc,3,4b227777d4dd,80,0,31,2,1,5,2,1,4
42,No,Travel_Frequently,532,Research & Development,29,2,Life Sciences,1,547,1,e8cca808ae5a,92,3,2,Research Scientist,3,Divorced,b23826ecdcfe,12932,2,Y,No,4fc82b26aecb,3,d4735e3a265e,80,1,19,3,3,5,4,0,2
30,No,Travel_Rarely,317,Research & Development,2,3,Life Sciences,1,548,3,e8cca808ae5a,43,1,2,Manufacturing Director,4,Single,8cbb651bd825,24793,2,Y,No,f5ca38f748a1,4,4e07408562be,80,0,11,2,3,5,4,0,2
60,No,Travel_Rarely,422,Research & Development,7,3,Life Sciences,1,549,1,e8cca808ae5a,41,3,5,Manager,1,Married,e4625044c864,3854,5,Y,No,4fc82b26aecb,3,4b227777d4dd,80,0,33,5,1,29,8,11,10
46,No,Travel_Rarely,1485,Research & Development,18,3,Medical,1,550,3,e8cca808ae5a,87,3,2,Manufacturing Director,3,Divorced,cfe35c9e4980,26314,2,Y,No,8527a891e224,3,4e07408562be,80,1,19,5,2,10,7,0,8
42,No,Travel_Frequently,1368,Research & Development,28,4,Technical Degree,1,551,4,e8cca808ae5a,88,2,2,Healthcare Representative,4,Married,9e2f46c99a21,4386,0,Y,No,4fc82b26aecb,3,4b227777d4dd,80,3,7,4,4,6,5,0,4
24,Yes,Travel_Rarely,1448,Sales,1,1,Technical Degree,1,554,1,e8cca808ae5a,62,3,1,Sales Representative,2,Single,2851eb1b0839,21972,1,Y,Yes,b17ef6d19c7a,3,d4735e3a265e,80,0,6,4,3,5,3,1,4
34,Yes,Travel_Frequently,296,Sales,6,2,Marketing,1,555,4,e8cca808ae5a,33,1,1,Sales Representative,3,Divorced,9551dc186746,12253,0,Y,No,b17ef6d19c7a,3,4b227777d4dd,80,1,3,3,2,2,2,1,0
38,No,Travel_Frequently,1490,Research & Development,2,2,Life Sciences,1,556,4,03f8c1273e3d,42,3,1,Laboratory Technician,4,Married,7a64ce427ce0,12106,1,Y,Yes,535fa30d7e25,4,4e07408562be,80,1,1,3,3,1,0,0,0
40,No,Travel_Rarely,1398,Sales,2,4,Life Sciences,1,558,3,e8cca808ae5a,79,3,5,Manager,3,Married,831b82415f26,13022,0,Y,No,8527a891e224,3,4b227777d4dd,80,0,21,2,3,20,15,1,12
26,No,Travel_Rarely,1349,Research & Development,23,3,Life Sciences,1,560,1,e8cca808ae5a,90,3,1,Research Scientist,4,Divorced,a5e45791a59e,3032,1,Y,No,785f3ec7eb32,4,d4735e3a265e,80,2,3,3,1,3,2,0,2
30,No,Non-Travel,1400,Research & Development,3,3,Life Sciences,1,562,3,03f8c1273e3d,53,3,1,Laboratory Technician,4,Married,642c2a091805,16734,4,Y,No,e629fa6598d7,3,4e07408562be,80,1,9,3,1,5,3,1,4
29,No,Travel_Rarely,986,Research & Development,3,4,Medical,1,564,2,03f8c1273e3d,93,2,3,Research Director,3,Married,e76fc8f96f18,21526,1,Y,No,4ec9599fc203,3,4e07408562be,80,0,10,2,3,10,2,0,7
29,Yes,Travel_Rarely,408,Research & Development,25,5,Technical Degree,1,565,3,e8cca808ae5a,71,2,1,Research Scientist,2,Married,1ea65ea38f2f,18300,5,Y,No,b17ef6d19c7a,3,d4735e3a265e,80,0,6,2,4,2,2,1,1
19,Yes,Travel_Rarely,489,Human Resources,2,2,Technical Degree,1,566,1,03f8c1273e3d,52,2,1,Human Resources,4,Single,d0c9e369bee2,18437,1,Y,No,6b51d431df5d,3,4e07408562be,80,0,1,3,4,1,0,0,0
30,No,Non-Travel,1398,Sales,22,4,Other,1,567,3,e8cca808ae5a,69,3,3,Sales Executive,1,Married,e4a01106d28d,2890,0,Y,No,4fc82b26aecb,3,4e07408562be,80,0,10,3,3,9,8,7,8
57,No,Travel_Rarely,210,Sales,29,3,Marketing,1,568,1,03f8c1273e3d,56,2,4,Manager,4,Divorced,41fbea060570,22102,3,Y,No,6b51d431df5d,3,4e07408562be,80,1,32,3,2,1,0,0,0
50,No,Travel_Rarely,1099,Research & Development,29,4,Life Sciences,1,569,2,03f8c1273e3d,88,2,4,Manager,3,Married,dc0f6faeefb4,9314,0,Y,No,e629fa6598d7,3,d4735e3a265e,80,1,28,2,3,27,10,15,7
30,No,Non-Travel,1116,Research & Development,2,3,Medical,1,571,3,e8cca808ae5a,49,3,1,Laboratory Technician,4,Single,d0c9e369bee2,7181,0,Y,No,8527a891e224,3,4e07408562be,80,0,12,2,2,11,7,6,7
60,No,Travel_Frequently,1499,Sales,28,3,Marketing,1,573,3,e8cca808ae5a,80,2,3,Sales Executive,1,Married,4a93457cf4c3,2845,4,Y,No,9400f1b21cb5,3,4b227777d4dd,80,0,22,5,4,18,13,13,11
47,No,Travel_Rarely,983,Research & Development,2,2,Medical,1,574,1,e8cca808ae5a,65,3,2,Manufacturing Director,4,Divorced,739ec77b846a,7389,5,Y,No,3fdba35f04dc,3,4e07408562be,80,3,20,2,3,5,0,0,4
46,No,Travel_Rarely,1009,Research & Development,2,3,Life Sciences,1,575,1,03f8c1273e3d,51,3,4,Research Director,3,Married,e802b5ad6d7c,2288,6,Y,No,3fdba35f04dc,3,4e07408562be,80,0,26,2,1,3,2,0,1
35,No,Travel_Rarely,144,Research & Development,22,3,Life Sciences,1,577,4,03f8c1273e3d,46,1,1,Laboratory Technician,3,Single,1593a32a7527,19225,0,Y,No,e629fa6598d7,3,4e07408562be,80,0,6,2,3,5,4,4,3
54,No,Travel_Rarely,548,Research & Development,8,4,Life Sciences,1,578,3,e8cca808ae5a,42,3,2,Laboratory Technician,3,Single,7d6095eca00e,23428,7,Y,No,4fc82b26aecb,3,4e07408562be,80,0,19,3,3,1,0,0,0
34,No,Travel_Rarely,1303,Research & Development,2,4,Life Sciences,1,579,4,03f8c1273e3d,62,2,1,Research Scientist,3,Divorced,a3d951e968e6,8416,3,Y,No,6b51d431df5d,3,4e07408562be,80,1,14,3,3,7,3,5,7
46,No,Travel_Rarely,1125,Sales,10,3,Marketing,1,580,3,e8cca808ae5a,94,2,3,Sales Executive,4,Married,6440e6a91202,11563,2,Y,Yes,9400f1b21cb5,3,4e07408562be,80,1,15,3,3,3,2,1,2
31,No,Travel_Rarely,1274,Research & Development,9,1,Life Sciences,1,581,3,03f8c1273e3d,33,3,3,Manufacturing Director,2,Divorced,ea8114c29294,14394,1,Y,No,b7a56873cd77,4,4b227777d4dd,80,1,13,6,4,13,8,0,8
33,Yes,Travel_Rarely,1277,Research & Development,15,1,Medical,1,582,2,03f8c1273e3d,56,3,3,Manager,3,Married,8adb2956ab78,24619,7,Y,Yes,6b51d431df5d,3,4b227777d4dd,80,0,15,2,4,7,6,7,7
33,Yes,Travel_Rarely,587,Research & Development,10,1,Medical,1,584,1,03f8c1273e3d,38,1,1,Laboratory Technician,4,Divorced,972356a4c7c6,6705,7,Y,No,3fdba35f04dc,3,6b86b273ff34,80,3,8,2,3,4,3,1,3
30,No,Travel_Rarely,413,Sales,7,1,Marketing,1,585,4,03f8c1273e3d,57,3,1,Sales Representative,2,Single,072ba5cc0e81,18398,0,Y,No,8527a891e224,3,6b86b273ff34,80,0,4,3,3,3,2,1,2
35,No,Travel_Rarely,1276,Research & Development,16,3,Life Sciences,1,586,4,03f8c1273e3d,72,3,3,Healthcare Representative,3,Married,4ca58879ca37,14295,4,Y,Yes,6b51d431df5d,3,4e07408562be,80,0,10,2,3,8,7,0,0
31,Yes,Travel_Frequently,534,Research & Development,20,3,Life Sciences,1,587,1,03f8c1273e3d,66,3,3,Healthcare Representative,3,Married,8e0f513c882b,22908,3,Y,No,6b51d431df5d,3,6b86b273ff34,80,0,12,2,3,1,0,0,0
34,Yes,Travel_Frequently,988,Human Resources,23,3,Human Resources,1,590,2,e8cca808ae5a,43,3,3,Human Resources,1,Divorced,a24e9d68f6bf,11533,9,Y,Yes,e629fa6598d7,3,4e07408562be,80,3,11,2,3,3,2,0,2
42,No,Travel_Frequently,1474,Research & Development,5,2,Other,1,591,2,03f8c1273e3d,97,3,1,Laboratory Technician,3,Married,c812fa553afe,9260,4,Y,No,4523540f1504,3,4b227777d4dd,80,1,8,4,3,2,2,2,0
36,No,Non-Travel,635,Sales,10,4,Medical,1,592,2,03f8c1273e3d,32,3,3,Sales Executive,4,Single,dce4f225f420,15318,1,Y,No,8527a891e224,3,4b227777d4dd,80,0,10,3,2,10,3,9,7
22,Yes,Travel_Frequently,1368,Research & Development,4,1,Technical Degree,1,593,3,03f8c1273e3d,99,2,1,Laboratory Technician,3,Single,0f33e04ac3b3,9129,5,Y,No,b17ef6d19c7a,3,4e07408562be,80,0,4,3,3,2,2,1,2
48,No,Travel_Rarely,163,Sales,2,5,Marketing,1,595,2,e8cca808ae5a,37,3,2,Sales Executive,4,Married,880c2fc00805,19658,2,Y,No,8527a891e224,3,6b86b273ff34,80,1,14,2,3,9,7,6,7
55,No,Travel_Rarely,1117,Sales,18,5,Life Sciences,1,597,1,e8cca808ae5a,83,3,4,Manager,2,Single,8f6cda529af5,9873,3,Y,No,535fa30d7e25,4,4b227777d4dd,80,0,37,2,3,10,9,7,7
41,No,Non-Travel,267,Sales,10,2,Life Sciences,1,599,4,03f8c1273e3d,56,3,2,Sales Executive,4,Single,2b169d27d9e5,13430,7,Y,No,8527a891e224,3,4b227777d4dd,80,0,16,3,3,14,3,1,10
35,No,Travel_Rarely,619,Sales,1,3,Marketing,1,600,2,03f8c1273e3d,85,3,2,Sales Executive,3,Married,8c76e6477fec,18659,9,Y,No,4fc82b26aecb,3,4e07408562be,80,0,15,2,3,11,9,6,9
40,No,Travel_Rarely,302,Research & Development,6,3,Life Sciences,1,601,2,e8cca808ae5a,75,3,4,Manufacturing Director,3,Single,a3fd525328a1,20364,7,Y,No,e629fa6598d7,3,4e07408562be,80,0,22,3,3,20,6,5,13
39,No,Travel_Frequently,443,Research & Development,8,1,Life Sciences,1,602,3,e8cca808ae5a,48,3,1,Laboratory Technician,3,Married,0c38972c44d6,17872,1,Y,No,4fc82b26aecb,3,6b86b273ff34,80,1,8,3,3,8,3,0,7
31,No,Travel_Rarely,828,Sales,2,1,Life Sciences,1,604,2,03f8c1273e3d,77,3,2,Sales Executive,4,Single,7446b0b2cec2,8346,4,Y,Yes,3fdba35f04dc,3,4e07408562be,80,0,10,2,4,6,5,0,5
42,No,Travel_Rarely,319,Research & Development,24,3,Medical,1,605,4,03f8c1273e3d,56,3,3,Manufacturing Director,1,Married,1074600eb3cf,6950,1,Y,Yes,6f4b6612125f,4,4b227777d4dd,80,1,10,5,2,10,9,5,8
45,No,Travel_Rarely,561,Sales,2,3,Other,1,606,4,03f8c1273e3d,61,3,2,Sales Executive,2,Married,b3e34e9fe5a7,16177,0,Y,No,9400f1b21cb5,3,d4735e3a265e,80,1,9,3,4,8,7,3,7
26,Yes,Travel_Frequently,426,Human Resources,17,4,Life Sciences,1,608,2,e8cca808ae5a,58,3,1,Human Resources,3,Divorced,6dba77308243,22808,0,Y,Yes,4fc82b26aecb,3,d4735e3a265e,80,1,8,2,2,7,7,1,0
29,No,Travel_Rarely,232,Research & Development,19,3,Technical Degree,1,611,4,03f8c1273e3d,34,3,2,Manufacturing Director,4,Divorced,cf7dee3443a8,22645,4,Y,No,6b51d431df5d,3,d4735e3a265e,80,2,8,2,4,3,2,1,2
33,No,Travel_Rarely,922,Research & Development,1,5,Medical,1,612,1,e8cca808ae5a,95,4,4,Research Director,3,Divorced,b8f268e1343f,22578,4,Y,No,9400f1b21cb5,3,4e07408562be,80,1,10,2,3,6,1,0,5
31,No,Travel_Rarely,688,Sales,7,3,Life Sciences,1,613,3,03f8c1273e3d,44,2,3,Manager,4,Divorced,65c1c2c8ba85,25291,9,Y,No,6f4b6612125f,4,4e07408562be,80,1,10,3,2,5,4,0,1
18,Yes,Travel_Frequently,1306,Sales,5,3,Marketing,1,614,2,03f8c1273e3d,69,3,1,Sales Representative,2,Single,8a80efe71cf1,8059,1,Y,Yes,8527a891e224,3,4b227777d4dd,80,0,0,3,3,0,0,0,0
40,No,Non-Travel,1094,Sales,28,3,Other,1,615,3,03f8c1273e3d,58,1,3,Sales Executive,1,Divorced,17878f779168,11373,3,Y,No,e629fa6598d7,3,4e07408562be,80,1,20,2,3,1,0,0,1
41,No,Non-Travel,509,Research & Development,2,4,Other,1,616,1,e8cca808ae5a,62,2,2,Healthcare Representative,3,Single,3093cd4a889c,2112,2,Y,Yes,4523540f1504,3,6b86b273ff34,80,0,10,3,3,8,7,0,7
26,No,Travel_Rarely,775,Sales,29,2,Medical,1,618,1,03f8c1273e3d,45,3,2,Sales Executive,3,Divorced,0d4a81d212f5,4267,5,Y,No,6b51d431df5d,3,6b86b273ff34,80,2,8,5,3,0,0,0,0
35,No,Travel_Rarely,195,Sales,1,3,Medical,1,620,1,e8cca808ae5a,80,3,2,Sales Executive,3,Single,21b65e455525,6698,1,Y,No,b17ef6d19c7a,3,4b227777d4dd,80,0,5,3,3,5,4,0,3
34,No,Travel_Rarely,258,Sales,21,4,Life Sciences,1,621,4,03f8c1273e3d,74,4,2,Sales Executive,4,Single,ea1bcb311615,19921,1,Y,No,6b51d431df5d,3,4b227777d4dd,80,0,10,3,3,10,7,5,7
26,Yes,Travel_Rarely,471,Research & Development,24,3,Technical Degree,1,622,3,03f8c1273e3d,66,1,1,Laboratory Technician,4,Single,f15a3a5d3461,23213,1,Y,Yes,4ec9599fc203,3,d4735e3a265e,80,0,1,3,1,1,0,0,0
37,No,Travel_Rarely,799,Research & Development,1,3,Technical Degree,1,623,2,e8cca808ae5a,59,3,3,Manufacturing Director,4,Single,2044b67a2b89,23848,4,Y,No,4523540f1504,3,4b227777d4dd,80,0,12,3,4,6,5,1,2
46,No,Travel_Frequently,1034,Research & Development,18,1,Medical,1,624,1,e8cca808ae5a,86,3,3,Healthcare Representative,3,Married,fa22eece87a2,8984,5,Y,No,4fc82b26aecb,3,4b227777d4dd,80,0,28,3,2,2,2,1,2
41,No,Travel_Rarely,1276,Sales,2,5,Life Sciences,1,625,2,e8cca808ae5a,91,3,4,Manager,1,Married,5c8263ce8170,5626,7,Y,No,b17ef6d19c7a,3,d4735e3a265e,80,1,22,2,3,18,16,11,8
37,No,Non-Travel,142,Sales,9,4,Medical,1,626,1,03f8c1273e3d,69,3,3,Sales Executive,2,Divorced,176c4091a251,24666,1,Y,No,3fdba35f04dc,3,4b227777d4dd,80,1,9,6,3,9,5,7,7
52,No,Travel_Rarely,956,Research & Development,6,2,Technical Degree,1,630,4,03f8c1273e3d,78,3,2,Research Scientist,1,Divorced,65ab749279c8,22087,3,Y,Yes,6b51d431df5d,3,d4735e3a265e,80,2,18,3,3,10,9,6,9
32,Yes,Non-Travel,1474,Sales,11,4,Other,1,631,4,03f8c1273e3d,60,4,2,Sales Executive,3,Married,5d4f6ee8c699,23914,8,Y,No,6b51d431df5d,3,4b227777d4dd,80,0,6,2,3,4,2,1,2
24,No,Travel_Frequently,535,Sales,24,3,Medical,1,632,4,03f8c1273e3d,38,3,1,Sales Representative,4,Married,8350242b2df4,5530,0,Y,No,3fdba35f04dc,3,4e07408562be,80,2,3,3,3,2,2,2,1
38,No,Travel_Rarely,1495,Research & Development,10,3,Medical,1,634,3,e8cca808ae5a,76,3,2,Healthcare Representative,3,Married,8e0f513c882b,22174,3,Y,No,9400f1b21cb5,3,4e07408562be,80,1,18,4,3,1,0,0,0
37,No,Travel_Rarely,446,Research & Development,1,4,Life Sciences,1,635,2,e8cca808ae5a,65,3,2,Manufacturing Director,2,Married,d66cd4cc6e5d,15701,6,Y,No,6b51d431df5d,3,d4735e3a265e,80,1,8,2,2,6,5,4,3
49,No,Travel_Rarely,1245,Research & Development,18,4,Life Sciences,1,638,4,03f8c1273e3d,58,2,5,Research Director,3,Divorced,7753618b841d,2125,1,Y,Yes,4523540f1504,3,4e07408562be,80,1,31,5,3,31,9,0,9
24,No,Travel_Rarely,691,Research & Development,23,3,Medical,1,639,2,03f8c1273e3d,89,4,1,Research Scientist,4,Married,fa014137b3ea,21630,1,Y,Yes,4fc82b26aecb,3,d4735e3a265e,80,2,6,3,3,6,5,1,4
26,No,Travel_Rarely,703,Sales,28,2,Marketing,1,641,1,03f8c1273e3d,66,3,2,Sales Executive,2,Married,4dcd556f7a07,7428,1,Y,No,f5ca38f748a1,4,4b227777d4dd,80,2,6,5,4,5,3,1,4
24,No,Travel_Rarely,823,Research & Development,17,2,Other,1,643,4,03f8c1273e3d,94,2,1,Laboratory Technician,2,Married,06ceef971553,9100,1,Y,No,6f4b6612125f,4,4b227777d4dd,80,1,1,2,3,1,0,0,0
50,No,Travel_Frequently,1246,Human Resources,3,3,Medical,1,644,1,03f8c1273e3d,99,3,5,Manager,2,Married,79a71780b476,7999,1,Y,No,4fc82b26aecb,3,4e07408562be,80,1,32,2,3,32,5,10,7
25,No,Travel_Rarely,622,Sales,13,1,Medical,1,645,2,03f8c1273e3d,40,3,1,Sales Representative,3,Married,b72653265c6b,26376,1,Y,No,4fc82b26aecb,3,4e07408562be,80,0,7,1,3,7,4,0,6
24,Yes,Travel_Frequently,1287,Research & Development,7,3,Life Sciences,1,647,1,e8cca808ae5a,55,3,1,Laboratory Technician,3,Married,a5e45791a59e,14168,1,Y,Yes,b17ef6d19c7a,3,4b227777d4dd,80,1,6,4,3,6,3,1,2
30,Yes,Travel_Frequently,448,Sales,12,4,Life Sciences,1,648,2,03f8c1273e3d,74,2,1,Sales Representative,1,Married,9212e5e6ef41,14470,1,Y,No,4ec9599fc203,3,4e07408562be,80,1,1,2,4,1,0,0,0
34,No,Travel_Rarely,254,Research & Development,1,2,Life Sciences,1,649,2,03f8c1273e3d,83,2,1,Research Scientist,4,Married,4989b0404949,22794,1,Y,Yes,3fdba35f04dc,3,4b227777d4dd,80,1,6,3,3,6,5,1,3
31,Yes,Travel_Rarely,1365,Sales,13,4,Medical,1,650,2,03f8c1273e3d,46,3,2,Sales Executive,1,Divorced,ea4284b8fb98,11512,2,Y,No,4523540f1504,3,4e07408562be,80,0,9,2,1,3,1,1,2
35,No,Travel_Rarely,538,Research & Development,25,2,Other,1,652,1,03f8c1273e3d,54,2,2,Laboratory Technician,4,Single,7b2159427322,14004,4,Y,No,8527a891e224,3,4b227777d4dd,80,0,9,3,3,3,2,0,2
31,No,Travel_Rarely,525,Sales,6,4,Medical,1,653,1,03f8c1273e3d,66,4,2,Sales Executive,4,Divorced,7fed43c64095,6219,4,Y,No,785f3ec7eb32,4,4b227777d4dd,80,2,13,4,4,7,7,5,7
27,No,Travel_Rarely,798,Research & Development,6,4,Medical,1,655,1,e8cca808ae5a,66,2,1,Research Scientist,3,Divorced,2d2c33c52e3d,5013,0,Y,No,6b51d431df5d,3,4e07408562be,80,2,6,5,2,5,3,0,3
37,No,Travel_Rarely,558,Sales,2,3,Marketing,1,656,4,03f8c1273e3d,75,3,2,Sales Executive,3,Married,18c5aebe8054,3010,4,Y,Yes,4fc82b26aecb,3,4e07408562be,80,1,17,3,2,3,0,1,0
20,No,Travel_Rarely,959,Research & Development,1,3,Life Sciences,1,657,4,e8cca808ae5a,83,2,1,Research Scientist,2,Single,79182cdeea49,11757,1,Y,No,3fdba35f04dc,3,4b227777d4dd,80,0,1,0,4,1,0,0,0
42,No,Travel_Rarely,622,Research & Development,2,4,Life Sciences,1,659,3,e8cca808ae5a,81,3,2,Healthcare Representative,4,Married,fee4ab8f26b8,5718,1,Y,No,3fdba35f04dc,3,d4735e3a265e,80,2,10,4,3,10,2,2,2
43,No,Travel_Rarely,782,Research & Development,6,4,Other,1,661,2,03f8c1273e3d,50,2,4,Research Director,4,Divorced,35fe7c42dbca,2671,4,Y,Yes,8527a891e224,3,4e07408562be,80,1,21,3,2,1,0,0,0
38,No,Travel_Rarely,362,Research & Development,1,1,Life Sciences,1,662,3,e8cca808ae5a,43,3,1,Research Scientist,1,Single,327e892542e0,14561,3,Y,No,4523540f1504,3,4b227777d4dd,80,0,8,3,2,0,0,0,0
43,No,Travel_Frequently,1001,Research & Development,9,5,Medical,1,663,4,03f8c1273e3d,72,3,2,Laboratory Technician,3,Divorced,6b56cb3bacea,19627,3,Y,Yes,3fdba35f04dc,3,d4735e3a265e,80,1,10,3,3,8,7,4,7
48,No,Travel_Rarely,1236,Research & Development,1,4,Life Sciences,1,664,4,e8cca808ae5a,40,2,4,Manager,1,Married,5ef859940e4d,17997,7,Y,No,4fc82b26aecb,3,6b86b273ff34,80,1,21,3,1,3,2,0,2
44,No,Travel_Rarely,1112,Human Resources,1,4,Life Sciences,1,665,1,e8cca808ae5a,50,2,2,Human Resources,3,Single,27c6c4c5f2c6,26894,4,Y,No,4fc82b26aecb,3,d4735e3a265e,80,0,10,1,4,2,2,0,2
34,No,Travel_Rarely,204,Sales,14,3,Technical Degree,1,666,3,e8cca808ae5a,31,3,1,Sales Representative,3,Divorced,4235d033441d,2912,1,Y,Yes,4ec9599fc203,3,4b227777d4dd,80,2,8,3,3,8,2,0,6
27,Yes,Travel_Rarely,1420,Sales,2,1,Marketing,1,667,3,03f8c1273e3d,85,3,1,Sales Representative,1,Divorced,33c64aa73045,16346,0,Y,No,4fc82b26aecb,3,d4735e3a265e,80,1,5,3,3,4,3,0,2
21,No,Travel_Rarely,1343,Sales,22,1,Technical Degree,1,669,3,03f8c1273e3d,49,3,1,Sales Representative,3,Single,92b18972560a,24444,1,Y,No,4fc82b26aecb,3,4e07408562be,80,0,3,2,3,3,2,1,2
44,No,Travel_Rarely,1315,Research & Development,3,4,Other,1,671,4,03f8c1273e3d,35,3,5,Manager,4,Married,d8aaf3a9f5f9,9358,4,Y,Yes,6b51d431df5d,3,6b86b273ff34,80,1,26,2,4,2,2,0,1
22,No,Travel_Rarely,604,Research & Development,6,1,Medical,1,675,1,03f8c1273e3d,69,3,1,Research Scientist,3,Married,ce121073a521,12145,0,Y,No,f5ca38f748a1,4,4b227777d4dd,80,0,3,3,3,2,2,2,2
33,No,Travel_Rarely,1216,Sales,8,4,Marketing,1,677,3,03f8c1273e3d,39,3,2,Sales Executive,3,Divorced,fa37cba3a692,20431,0,Y,No,6b51d431df5d,3,4b227777d4dd,80,0,6,3,3,5,0,1,2
32,No,Travel_Rarely,646,Research & Development,9,4,Life Sciences,1,679,1,e8cca808ae5a,92,3,2,Research Scientist,4,Married,8104df31701f,18089,1,Y,Yes,6b51d431df5d,3,4b227777d4dd,80,1,6,2,2,6,4,0,5
30,No,Travel_Frequently,160,Research & Development,3,3,Medical,1,680,3,e8cca808ae5a,71,3,1,Research Scientist,3,Divorced,4e7a0668e1de,22653,1,Y,No,f5ca38f748a1,4,4e07408562be,80,1,1,2,3,1,0,0,0
53,No,Travel_Rarely,238,Sales,1,1,Medical,1,682,4,e8cca808ae5a,34,3,2,Sales Executive,1,Single,c8aa21ac9738,7507,7,Y,No,f5ca38f748a1,4,4b227777d4dd,80,0,18,2,4,14,7,8,10
34,No,Travel_Rarely,1397,Research & Development,1,5,Life Sciences,1,683,2,03f8c1273e3d,42,3,1,Research Scientist,4,Married,e2a424edff99,7660,1,Y,No,6b51d431df5d,3,4b227777d4dd,80,1,10,4,2,10,9,8,8
45,Yes,Travel_Frequently,306,Sales,26,4,Life Sciences,1,684,1,e8cca808ae5a,100,3,2,Sales Executive,1,Married,ee7f28fec27a,5630,2,Y,No,8527a891e224,3,4b227777d4dd,80,2,5,4,3,1,1,0,0
26,No,Travel_Rarely,991,Research & Development,6,3,Life Sciences,1,686,3,e8cca808ae5a,71,3,1,Laboratory Technician,4,Married,eb4ea223b35e,17759,1,Y,Yes,3fdba35f04dc,3,4e07408562be,80,1,3,2,3,3,2,0,2
37,No,Travel_Rarely,482,Research & Development,3,3,Other,1,689,3,03f8c1273e3d,36,3,3,Manufacturing Director,3,Married,d86b9ad06464,9606,1,Y,No,e629fa6598d7,3,4e07408562be,80,1,10,2,3,10,7,7,8
29,No,Travel_Rarely,1176,Sales,3,2,Medical,1,690,2,e8cca808ae5a,62,3,2,Sales Executive,3,Married,f3058bcbb026,3487,1,Y,No,8527a891e224,3,6b86b273ff34,80,1,6,5,2,6,0,1,2
35,No,Travel_Rarely,1017,Research & Development,6,4,Life Sciences,1,691,2,03f8c1273e3d,82,1,2,Research Scientist,4,Single,5c26108d7fa4,19368,1,Y,No,3fdba35f04dc,3,d4735e3a265e,80,0,17,3,3,17,11,11,8
33,No,Travel_Frequently,1296,Research & Development,6,3,Life Sciences,1,692,3,03f8c1273e3d,30,3,2,Healthcare Representative,4,Divorced,56632b41c725,5335,3,Y,No,535fa30d7e25,4,4e07408562be,80,1,15,2,1,13,11,4,7
54,No,Travel_Rarely,397,Human Resources,19,4,Medical,1,698,3,03f8c1273e3d,88,3,3,Human Resources,2,Married,f8569221137f,6729,2,Y,No,e629fa6598d7,3,4e07408562be,80,1,16,1,4,9,7,7,1
36,No,Travel_Rarely,913,Research & Development,9,2,Medical,1,699,2,03f8c1273e3d,48,2,2,Manufacturing Director,2,Divorced,0c613aee356d,13934,2,Y,Yes,4fc82b26aecb,3,4e07408562be,80,1,13,2,3,3,2,0,2
27,No,Travel_Rarely,1115,Research & Development,3,4,Medical,1,700,1,03f8c1273e3d,54,2,1,Research Scientist,4,Single,5997fffe6090,15174,0,Y,No,3fdba35f04dc,3,4b227777d4dd,80,0,5,0,3,4,2,1,1
20,Yes,Travel_Rarely,1362,Research & Development,10,1,Medical,1,701,4,03f8c1273e3d,32,3,1,Research Scientist,3,Single,6ad4a6b1e5ea,26999,1,Y,Yes,4fc82b26aecb,3,4b227777d4dd,80,0,1,5,3,1,0,1,1
33,Yes,Travel_Frequently,1076,Research & Development,3,3,Life Sciences,1,702,1,03f8c1273e3d,70,3,1,Research Scientist,1,Single,33d88765a856,3164,1,Y,Yes,4fc82b26aecb,3,6b86b273ff34,80,0,10,3,3,10,8,9,7
35,No,Non-Travel,727,Research & Development,3,3,Life Sciences,1,704,3,03f8c1273e3d,41,2,1,Laboratory Technician,3,Married,c2a824544a0a,16900,1,Y,No,4ec9599fc203,3,4e07408562be,80,2,1,3,3,1,0,0,0
23,No,Travel_Rarely,885,Research & Development,4,3,Medical,1,705,1,03f8c1273e3d,58,4,1,Research Scientist,1,Married,c05562111bb2,8544,2,Y,No,b17ef6d19c7a,3,6b86b273ff34,80,1,5,3,4,3,2,0,2
25,No,Travel_Rarely,810,Sales,8,3,Life Sciences,1,707,4,03f8c1273e3d,57,4,2,Sales Executive,2,Married,5588ef6ef806,15678,0,Y,No,785f3ec7eb32,4,4e07408562be,80,1,4,4,3,3,2,1,2
38,No,Travel_Rarely,243,Sales,7,4,Marketing,1,709,4,e8cca808ae5a,46,2,2,Sales Executive,4,Single,85ffd4a387c7,7791,0,Y,No,f5ca38f748a1,4,6b86b273ff34,80,0,8,2,3,7,7,0,5
29,No,Travel_Frequently,806,Research & Development,1,4,Life Sciences,1,710,2,03f8c1273e3d,76,1,1,Research Scientist,4,Divorced,2fffc4b65cb8,18959,1,Y,No,4ec9599fc203,3,4b227777d4dd,80,1,10,5,3,10,7,2,8
48,No,Travel_Rarely,817,Sales,2,1,Marketing,1,712,2,03f8c1273e3d,56,4,2,Sales Executive,2,Married,99c34d9d6932,18597,3,Y,No,6b51d431df5d,3,4b227777d4dd,80,0,12,3,3,2,2,2,2
27,No,Travel_Frequently,1410,Sales,3,1,Medical,1,714,4,e8cca808ae5a,71,4,2,Sales Executive,4,Divorced,f6ca70bd1cc2,16673,1,Y,Yes,f5ca38f748a1,4,d4735e3a265e,80,2,6,3,3,6,5,0,4
37,No,Travel_Rarely,1225,Research & Development,10,2,Life Sciences,1,715,4,03f8c1273e3d,80,4,1,Research Scientist,4,Single,c62c6e689038,15232,3,Y,No,4523540f1504,3,6b86b273ff34,80,0,4,2,3,1,0,0,0
50,No,Travel_Rarely,1207,Research & Development,28,1,Medical,1,716,4,03f8c1273e3d,74,4,1,Laboratory Technician,3,Married,a762afde67e0,3297,1,Y,Yes,4fc82b26aecb,3,4e07408562be,80,3,20,3,3,20,8,3,8
34,No,Travel_Rarely,1442,Research & Development,9,3,Medical,1,717,4,e8cca808ae5a,46,2,3,Healthcare Representative,2,Single,e71b48da1302,17654,1,Y,No,8527a891e224,3,d4735e3a265e,80,0,9,3,4,8,7,7,7
24,Yes,Travel_Rarely,693,Sales,3,2,Life Sciences,1,720,1,e8cca808ae5a,65,3,2,Sales Executive,3,Single,440f780c6a06,24785,9,Y,No,8527a891e224,3,6b86b273ff34,80,0,4,3,3,2,2,2,0
39,No,Travel_Rarely,408,Research & Development,2,4,Technical Degree,1,721,4,e8cca808ae5a,80,2,2,Healthcare Representative,3,Single,3da8c7b2f0cd,20978,1,Y,No,4fc82b26aecb,3,6b86b273ff34,80,0,20,4,3,20,7,11,10
32,No,Travel_Rarely,929,Sales,10,3,Marketing,1,722,4,03f8c1273e3d,55,3,2,Sales Executive,4,Single,88367dd16bfd,21703,1,Y,No,6b51d431df5d,3,4b227777d4dd,80,0,10,2,2,10,7,0,8
50,Yes,Travel_Frequently,562,Sales,8,2,Technical Degree,1,723,2,03f8c1273e3d,50,3,2,Sales Executive,3,Married,97edd9d31897,23452,3,Y,Yes,8527a891e224,3,6b86b273ff34,80,1,18,4,3,4,3,1,3
38,No,Travel_Rarely,827,Research & Development,1,4,Life Sciences,1,724,2,e8cca808ae5a,33,4,2,Healthcare Representative,4,Single,80e107ee3ba1,19383,0,Y,No,3fdba35f04dc,3,4e07408562be,80,0,10,4,2,9,7,1,8
27,No,Travel_Rarely,608,Research & Development,1,2,Life Sciences,1,725,3,e8cca808ae5a,68,3,3,Manufacturing Director,1,Married,e7ad40523cbc,6009,1,Y,No,4fc82b26aecb,3,4b227777d4dd,80,0,9,3,3,9,7,0,7
32,No,Travel_Rarely,1018,Research & Development,3,2,Life Sciences,1,727,3,e8cca808ae5a,39,3,3,Research Director,4,Single,b07f013118ea,19373,3,Y,No,e629fa6598d7,3,4b227777d4dd,80,0,10,6,3,7,7,7,7
47,No,Travel_Rarely,703,Sales,14,4,Marketing,1,728,4,03f8c1273e3d,42,3,2,Sales Executive,1,Single,cdcaf888b551,11825,2,Y,No,6b51d431df5d,3,4b227777d4dd,80,0,20,2,3,7,7,1,7
40,No,Travel_Frequently,580,Sales,5,4,Life Sciences,1,729,4,03f8c1273e3d,48,2,3,Sales Executive,1,Married,abec81aa6a93,23772,5,Y,Yes,6f4b6612125f,4,4e07408562be,80,1,20,2,3,18,13,1,12
53,No,Travel_Rarely,970,Research & Development,7,3,Life Sciences,1,730,3,03f8c1273e3d,59,4,4,Research Director,3,Married,78e0ad55213c,13514,3,Y,No,9400f1b21cb5,3,4e07408562be,80,0,32,3,3,5,1,1,3
41,No,Travel_Rarely,427,Human Resources,10,4,Human Resources,1,731,2,03f8c1273e3d,73,2,5,Manager,4,Divorced,adc1c8bb0d89,8861,3,Y,No,e629fa6598d7,3,d4735e3a265e,80,3,23,2,2,21,6,12,6
60,No,Travel_Rarely,1179,Sales,16,4,Marketing,1,732,1,03f8c1273e3d,84,3,2,Sales Executive,1,Single,193dfde4a2d3,11924,8,Y,No,8527a891e224,3,4b227777d4dd,80,0,10,1,3,2,2,2,2
27,No,Travel_Frequently,294,Research & Development,10,2,Life Sciences,1,733,4,03f8c1273e3d,32,3,3,Manufacturing Director,1,Divorced,b8f2538fd493,4809,1,Y,No,6f4b6612125f,4,4e07408562be,80,2,9,4,2,9,7,1,7
41,No,Travel_Rarely,314,Human Resources,1,3,Human Resources,1,734,4,03f8c1273e3d,59,2,5,Manager,3,Married,72f1b49a50f0,19562,1,Y,No,6b51d431df5d,3,d4735e3a265e,80,1,22,3,3,22,7,2,10
50,No,Travel_Rarely,316,Sales,8,4,Marketing,1,738,4,03f8c1273e3d,54,3,1,Sales Representative,2,Married,c31e589ace36,9983,7,Y,No,e629fa6598d7,3,4b227777d4dd,80,1,4,2,3,2,2,2,2
28,Yes,Travel_Rarely,654,Research & Development,1,2,Life Sciences,1,741,1,e8cca808ae5a,67,1,1,Research Scientist,2,Single,5b12bb4e8bd8,3872,7,Y,Yes,3fdba35f04dc,3,4b227777d4dd,80,0,10,4,3,7,7,3,7
36,No,Non-Travel,427,Research & Development,8,3,Life Sciences,1,742,1,e8cca808ae5a,63,4,3,Research Director,1,Married,69fa4375f140,20335,9,Y,No,8527a891e224,3,6b86b273ff34,80,1,10,2,3,8,7,0,5
38,No,Travel_Rarely,168,Research & Development,1,3,Life Sciences,1,743,3,e8cca808ae5a,81,3,3,Manufacturing Director,3,Single,f6cdb47f84d8,15397,4,Y,Yes,8527a891e224,3,4b227777d4dd,80,0,10,4,4,1,0,0,0
44,No,Non-Travel,381,Research & Development,24,3,Medical,1,744,1,03f8c1273e3d,49,1,1,Laboratory Technician,3,Single,aaf68675c4be,2104,2,Y,No,8527a891e224,3,4e07408562be,80,0,9,5,3,5,2,1,4
47,No,Travel_Frequently,217,Sales,3,3,Medical,1,746,4,e8cca808ae5a,49,3,4,Sales Executive,3,Divorced,77a767cd6f9d,10225,9,Y,Yes,6b51d431df5d,3,4b227777d4dd,80,2,28,2,2,22,2,11,13
30,No,Travel_Rarely,501,Sales,27,5,Marketing,1,747,3,03f8c1273e3d,99,3,2,Sales Executive,4,Divorced,6739d7f3fdec,25275,7,Y,No,535fa30d7e25,4,4b227777d4dd,80,1,10,2,2,8,7,7,7
29,No,Travel_Rarely,1396,Sales,10,3,Life Sciences,1,749,3,03f8c1273e3d,99,3,1,Sales Representative,3,Single,25e4150d8ad5,2755,1,Y,No,4fc82b26aecb,3,4e07408562be,80,0,1,6,3,1,0,0,0
42,Yes,Travel_Frequently,933,Research & Development,19,3,Medical,1,752,3,03f8c1273e3d,57,4,1,Research Scientist,3,Divorced,1aa219431528,20366,6,Y,Yes,6b51d431df5d,3,4b227777d4dd,80,0,7,2,3,2,2,2,2
43,No,Travel_Frequently,775,Sales,15,3,Life Sciences,1,754,4,03f8c1273e3d,47,2,2,Sales Executive,4,Married,82246180d040,23683,3,Y,No,4ec9599fc203,3,4e07408562be,80,1,7,5,3,2,2,2,2
34,No,Travel_Rarely,970,Research & Development,8,2,Medical,1,757,2,e8cca808ae5a,96,3,2,Healthcare Representative,3,Single,af276dd998e0,7360,3,Y,No,4fc82b26aecb,3,4b227777d4dd,80,0,10,2,3,5,1,4,3
23,No,Travel_Rarely,650,Research & Development,9,1,Medical,1,758,2,03f8c1273e3d,37,3,1,Laboratory Technician,1,Married,5a0b83e19c57,4344,1,Y,No,8527a891e224,3,4b227777d4dd,80,1,5,2,4,4,3,0,2
39,No,Travel_Rarely,141,Human Resources,3,3,Human Resources,1,760,3,e8cca808ae5a,44,4,2,Human Resources,2,Married,44fe5cd136d5,18767,9,Y,No,e629fa6598d7,3,4e07408562be,80,1,12,3,1,8,3,3,6
56,No,Travel_Rarely,832,Research & Development,9,3,Medical,1,762,3,03f8c1273e3d,81,3,4,Healthcare Representative,4,Married,355aa6c5c9f6,20420,7,Y,No,4fc82b26aecb,3,4e07408562be,80,0,30,1,2,10,7,1,1
40,No,Travel_Rarely,804,Research & Development,2,1,Medical,1,763,4,e8cca808ae5a,86,2,1,Research Scientist,4,Single,93a2b2c62298,22929,0,Y,Yes,f5ca38f748a1,4,4b227777d4dd,80,0,5,2,2,4,2,2,3
27,No,Travel_Rarely,975,Research & Development,7,3,Medical,1,764,4,e8cca808ae5a,55,2,2,Healthcare Representative,1,Single,3093cd4a889c,23398,8,Y,No,9400f1b21cb5,3,6b86b273ff34,80,0,9,2,1,7,6,0,7
29,No,Travel_Rarely,1090,Sales,10,3,Marketing,1,766,4,03f8c1273e3d,83,3,1,Sales Representative,2,Divorced,f72ec490c516,17967,1,Y,No,8527a891e224,3,4b227777d4dd,80,2,2,2,3,2,2,2,2
53,No,Travel_Rarely,346,Research & Development,6,3,Life Sciences,1,769,4,03f8c1273e3d,86,3,2,Laboratory Technician,4,Single,b0b03d744a85,10919,2,Y,No,4523540f1504,3,4b227777d4dd,80,0,19,4,3,2,2,2,2
35,No,Non-Travel,1225,Research & Development,2,4,Life Sciences,1,771,4,e8cca808ae5a,61,3,2,Healthcare Representative,1,Divorced,1180705d05bb,4761,2,Y,No,4fc82b26aecb,3,6b86b273ff34,80,1,16,2,4,1,0,0,0
32,No,Travel_Frequently,430,Research & Development,24,4,Life Sciences,1,772,1,03f8c1273e3d,80,3,2,Laboratory Technician,4,Married,1500feefa7a1,21146,1,Y,No,e629fa6598d7,3,4b227777d4dd,80,2,10,2,3,10,8,4,7
38,No,Travel_Rarely,268,Research & Development,2,5,Medical,1,773,4,03f8c1273e3d,92,3,1,Research Scientist,3,Married,92b690fedfae,20471,6,Y,Yes,3fdba35f04dc,3,d4735e3a265e,80,1,6,0,1,1,0,0,1
34,No,Travel_Rarely,167,Research & Development,8,5,Life Sciences,1,775,2,e8cca808ae5a,32,3,2,Manufacturing Director,1,Divorced,18de9efae3ad,4187,3,Y,No,8527a891e224,3,4e07408562be,80,1,7,3,3,0,0,0,0
52,No,Travel_Rarely,621,Sales,3,4,Marketing,1,776,3,03f8c1273e3d,31,2,4,Manager,1,Married,9a057ff38185,10084,1,Y,No,4fc82b26aecb,3,6b86b273ff34,80,0,34,3,4,34,6,1,16
33,Yes,Travel_Rarely,527,Research & Development,1,4,Other,1,780,4,03f8c1273e3d,63,3,1,Research Scientist,4,Single,3581b125128c,5207,1,Y,Yes,3fdba35f04dc,3,4e07408562be,80,0,10,2,2,10,9,7,8
25,No,Travel_Rarely,883,Sales,26,1,Medical,1,781,3,e8cca808ae5a,32,3,2,Sales Executive,4,Single,c4b2398ae8a6,22807,1,Y,No,535fa30d7e25,4,d4735e3a265e,80,0,6,5,2,6,5,1,4
45,No,Travel_Rarely,954,Sales,2,2,Technical Degree,1,783,2,03f8c1273e3d,46,1,2,Sales Representative,3,Single,e524d225a5a8,12388,0,Y,No,3fdba35f04dc,3,6b86b273ff34,80,0,9,3,3,8,7,3,1
23,No,Travel_Rarely,310,Research & Development,10,1,Medical,1,784,1,03f8c1273e3d,79,4,1,Research Scientist,3,Single,fb937217a0d0,19630,1,Y,No,4ec9599fc203,3,4b227777d4dd,80,0,2,3,3,2,2,0,2
47,Yes,Travel_Frequently,719,Sales,27,2,Life Sciences,1,785,2,e8cca808ae5a,77,4,2,Sales Executive,3,Single,808d3b298549,10339,4,Y,Yes,6b51d431df5d,3,4b227777d4dd,80,0,8,2,3,5,4,1,3
34,No,Travel_Rarely,304,Sales,2,3,Other,1,786,4,03f8c1273e3d,60,3,2,Sales Executive,4,Single,1a711c40b23d,18686,1,Y,No,785f3ec7eb32,4,4e07408562be,80,0,6,5,3,6,5,1,4
55,Yes,Travel_Rarely,725,Research & Development,2,3,Medical,1,787,4,03f8c1273e3d,78,3,5,Manager,1,Married,8489c2ac625f,21199,5,Y,Yes,3fdba35f04dc,3,4b227777d4dd,80,1,24,2,3,5,2,1,4
36,No,Non-Travel,1434,Sales,8,4,Life Sciences,1,789,1,03f8c1273e3d,76,2,3,Sales Executive,1,Single,9223a8bb0049,14229,1,Y,No,e629fa6598d7,3,d4735e3a265e,80,0,10,1,3,10,7,0,9
52,No,Non-Travel,715,Research & Development,19,4,Medical,1,791,4,03f8c1273e3d,41,3,1,Research Scientist,4,Married,5ad0732245eb,26589,0,Y,No,4ec9599fc203,3,6b86b273ff34,80,1,5,3,3,4,3,1,2
26,No,Travel_Frequently,575,Research & Development,1,2,Life Sciences,1,792,1,e8cca808ae5a,71,1,1,Laboratory Technician,4,Divorced,bdf67436ad54,5288,3,Y,No,8527a891e224,3,6b86b273ff34,80,1,5,2,3,2,2,2,0
29,No,Travel_Rarely,657,Research & Development,27,3,Medical,1,793,2,e8cca808ae5a,66,3,2,Healthcare Representative,3,Married,d03e59748526,25549,4,Y,No,6b51d431df5d,3,6b86b273ff34,80,1,11,3,2,8,7,1,1
26,Yes,Travel_Rarely,1146,Sales,8,3,Technical Degree,1,796,4,03f8c1273e3d,38,2,2,Sales Executive,1,Single,2e64f1bab2a9,3064,6,Y,No,4523540f1504,3,4e07408562be,80,0,6,2,2,4,3,1,2
34,No,Travel_Rarely,182,Research & Development,1,4,Life Sciences,1,797,2,e8cca808ae5a,72,4,1,Research Scientist,4,Single,e21a6e2714f1,13551,2,Y,No,b17ef6d19c7a,3,4e07408562be,80,0,10,2,3,4,2,1,3
54,No,Travel_Rarely,376,Research & Development,19,4,Medical,1,799,4,e8cca808ae5a,95,3,2,Manufacturing Director,1,Divorced,7e7d333c0af0,22670,9,Y,Yes,4fc82b26aecb,3,d4735e3a265e,80,2,9,4,3,5,3,1,4
27,No,Travel_Frequently,829,Sales,8,1,Marketing,1,800,3,03f8c1273e3d,84,3,2,Sales Executive,4,Married,e04f657e2abd,24008,0,Y,No,9400f1b21cb5,3,d4735e3a265e,80,1,5,3,3,4,2,1,1
37,No,Travel_Rarely,571,Research & Development,10,1,Life Sciences,1,802,4,e8cca808ae5a,82,3,1,Research Scientist,1,Divorced,ec23bffbd830,19905,0,Y,Yes,3fdba35f04dc,3,d4735e3a265e,80,2,6,3,2,5,3,4,3
38,No,Travel_Frequently,240,Research & Development,2,4,Life Sciences,1,803,1,e8cca808ae5a,75,4,2,Manufacturing Director,1,Single,0354fa127deb,26085,6,Y,Yes,6b51d431df5d,3,4b227777d4dd,80,0,17,2,3,15,7,4,12
34,No,Travel_Rarely,121,Research & Development,2,4,Medical,1,804,3,e8cca808ae5a,86,2,1,Research Scientist,1,Single,48e019050cd5,7530,1,Y,No,4fc82b26aecb,3,4e07408562be,80,0,6,3,3,6,5,1,3
35,No,Travel_Rarely,384,Sales,8,4,Life Sciences,1,805,1,e8cca808ae5a,72,3,1,Sales Representative,4,Married,2d087552bf9d,20317,1,Y,No,b17ef6d19c7a,3,d4735e3a265e,80,1,3,1,2,3,2,0,2
30,No,Travel_Rarely,921,Research & Development,1,3,Life Sciences,1,806,4,03f8c1273e3d,38,1,1,Laboratory Technician,3,Married,93495fae156b,24375,3,Y,No,6f4b6612125f,4,4e07408562be,80,2,7,2,3,2,2,0,2
40,No,Travel_Frequently,791,Research & Development,2,2,Medical,1,807,3,e8cca808ae5a,38,4,2,Healthcare Representative,2,Married,d6b905bd0b0f,9931,1,Y,No,c2356069e9d1,4,4b227777d4dd,80,1,8,2,3,8,7,3,7
34,No,Travel_Rarely,1111,Sales,8,2,Life Sciences,1,808,3,e8cca808ae5a,93,3,2,Sales Executive,1,Married,01375f53651c,13305,5,Y,No,4523540f1504,3,d4735e3a265e,80,1,6,1,3,3,2,1,2
42,No,Travel_Frequently,570,Research & Development,8,3,Life Sciences,1,809,2,03f8c1273e3d,66,3,5,Manager,4,Divorced,8074218107b1,16225,1,Y,No,3fdba35f04dc,3,d4735e3a265e,80,1,24,4,2,24,7,14,9
23,Yes,Travel_Rarely,1243,Research & Development,6,3,Life Sciences,1,811,3,03f8c1273e3d,63,4,1,Laboratory Technician,1,Married,272228055649,3445,1,Y,Yes,6f4b6612125f,4,4e07408562be,80,2,1,2,3,0,0,0,0
24,No,Non-Travel,1092,Research & Development,9,3,Life Sciences,1,812,3,03f8c1273e3d,60,2,1,Laboratory Technician,2,Divorced,6e457ff07c35,26551,1,Y,No,4fc82b26aecb,3,4e07408562be,80,3,1,4,3,1,0,0,0
52,No,Travel_Rarely,1325,Research & Development,11,4,Life Sciences,1,813,4,e8cca808ae5a,82,3,2,Laboratory Technician,3,Married,dfc04c940f3b,21821,8,Y,No,f5ca38f748a1,4,d4735e3a265e,80,1,9,3,3,5,2,1,4
50,No,Travel_Rarely,691,Research & Development,2,3,Medical,1,815,3,03f8c1273e3d,64,3,4,Research Director,3,Married,bea1e98706cb,6881,5,Y,No,b17ef6d19c7a,3,4b227777d4dd,80,0,30,3,3,4,3,0,3
29,Yes,Travel_Rarely,805,Research & Development,1,2,Life Sciences,1,816,2,e8cca808ae5a,36,2,1,Laboratory Technician,1,Married,4f272e2b1540,6689,1,Y,Yes,4fc82b26aecb,3,4b227777d4dd,80,1,1,1,3,1,0,0,0
33,No,Travel_Rarely,213,Research & Development,7,3,Medical,1,817,3,03f8c1273e3d,49,3,3,Research Director,3,Married,550b4484f418,25995,0,Y,No,4fc82b26aecb,3,4b227777d4dd,80,0,14,3,4,13,9,3,7
33,Yes,Travel_Rarely,118,Sales,16,3,Marketing,1,819,1,e8cca808ae5a,69,3,2,Sales Executive,1,Single,02560826d24f,26507,5,Y,No,e629fa6598d7,3,4e07408562be,80,0,6,3,3,3,2,0,2
47,No,Travel_Rarely,202,Research & Development,2,2,Other,1,820,3,e8cca808ae5a,33,3,4,Manager,4,Married,c967a0fdc30e,12982,1,Y,Yes,4fc82b26aecb,3,4e07408562be,80,1,26,3,2,26,14,3,0
36,No,Travel_Rarely,676,Research & Development,1,3,Other,1,823,3,e8cca808ae5a,35,3,2,Manufacturing Director,2,Married,fa69411a009f,23361,0,Y,No,e629fa6598d7,3,6b86b273ff34,80,1,10,2,3,9,7,0,5
29,No,Travel_Rarely,1252,Research & Development,23,2,Life Sciences,1,824,3,03f8c1273e3d,81,4,1,Research Scientist,3,Married,47640e5f52b6,23779,1,Y,No,c2356069e9d1,4,4e07408562be,80,1,10,3,3,10,7,0,7
58,Yes,Travel_Rarely,286,Research & Development,2,4,Life Sciences,1,825,4,03f8c1273e3d,31,3,5,Research Director,2,Single,fb52d88ef7fb,25761,7,Y,Yes,6b51d431df5d,3,4b227777d4dd,80,0,40,2,3,31,15,13,8
35,No,Travel_Rarely,1258,Research & Development,1,4,Life Sciences,1,826,4,e8cca808ae5a,40,4,1,Research Scientist,3,Single,6e71e71a06ff,13301,3,Y,No,3fdba35f04dc,3,4e07408562be,80,0,7,0,3,2,2,2,2
42,No,Travel_Rarely,932,Research & Development,1,2,Life Sciences,1,827,4,e8cca808ae5a,43,2,2,Manufacturing Director,4,Married,1ec479bb53d3,4051,9,Y,Yes,3fdba35f04dc,3,4b227777d4dd,80,1,8,4,3,4,3,0,2
28,Yes,Travel_Rarely,890,Research & Development,2,4,Medical,1,828,3,03f8c1273e3d,46,3,1,Research Scientist,3,Single,8b6b6e39ef3f,16374,6,Y,No,4523540f1504,3,4b227777d4dd,80,0,5,3,2,2,2,2,1
36,No,Travel_Rarely,1041,Human Resources,13,3,Human Resources,1,829,3,03f8c1273e3d,36,3,1,Human Resources,2,Married,21113a3f71a6,25527,4,Y,No,3fdba35f04dc,3,d4735e3a265e,80,1,8,2,3,5,2,0,4
32,No,Travel_Rarely,859,Research & Development,4,3,Life Sciences,1,830,3,e8cca808ae5a,98,2,2,Manufacturing Director,3,Married,519b10be5447,19124,1,Y,No,6b51d431df5d,3,4e07408562be,80,1,14,3,3,14,13,6,8
40,No,Travel_Frequently,720,Research & Development,16,4,Medical,1,832,1,03f8c1273e3d,51,2,2,Laboratory Technician,3,Single,3191ffaa05e8,11983,6,Y,No,8527a891e224,3,4b227777d4dd,80,0,10,6,3,1,0,0,0
30,No,Travel_Rarely,946,Research & Development,2,3,Medical,1,833,3,e8cca808ae5a,52,2,2,Manufacturing Director,4,Single,0e652b392bbd,20234,5,Y,Yes,c2356069e9d1,4,d4735e3a265e,80,0,12,4,2,0,0,0,0
45,No,Travel_Rarely,252,Research & Development,2,3,Life Sciences,1,834,2,e8cca808ae5a,95,2,1,Research Scientist,3,Single,f11a7d64cc02,6153,1,Y,No,8527a891e224,3,4b227777d4dd,80,0,1,3,3,1,0,0,0
42,No,Travel_Rarely,933,Research & Development,29,3,Life Sciences,1,836,2,03f8c1273e3d,98,3,2,Manufacturing Director,2,Married,17df374b296f,11806,1,Y,No,3fdba35f04dc,3,4b227777d4dd,80,1,10,3,2,9,8,7,8
38,No,Travel_Frequently,471,Research & Development,12,3,Life Sciences,1,837,1,03f8c1273e3d,45,2,2,Healthcare Representative,1,Divorced,9be87048f091,4284,2,Y,No,e629fa6598d7,3,4e07408562be,80,1,13,3,2,4,3,1,2
34,No,Travel_Frequently,702,Research & Development,16,4,Life Sciences,1,838,3,e8cca808ae5a,100,2,1,Research Scientist,4,Single,7b4261f5afa3,8306,1,Y,No,b17ef6d19c7a,3,4e07408562be,80,0,6,3,3,5,2,1,3
49,Yes,Travel_Rarely,1184,Sales,11,3,Marketing,1,840,3,e8cca808ae5a,43,3,3,Sales Executive,4,Married,b969b01c158e,5860,1,Y,No,4ec9599fc203,3,6b86b273ff34,80,2,9,3,4,9,8,7,7
55,Yes,Travel_Rarely,436,Sales,2,1,Medical,1,842,3,03f8c1273e3d,37,3,2,Sales Executive,4,Single,9690463a9b39,21519,4,Y,No,b17ef6d19c7a,3,4e07408562be,80,0,12,3,2,9,7,7,3
43,No,Travel_Rarely,589,Research & Development,14,2,Life Sciences,1,843,2,03f8c1273e3d,94,3,4,Research Director,1,Married,8af1298c9a5a,5200,6,Y,No,c2356069e9d1,4,4e07408562be,80,1,22,3,3,4,1,1,0
27,No,Travel_Rarely,269,Research & Development,5,1,Technical Degree,1,844,3,03f8c1273e3d,42,2,3,Research Director,4,Divorced,626b04e1b9a0,8842,1,Y,Yes,b17ef6d19c7a,3,d4735e3a265e,80,1,9,3,3,9,8,0,8
35,No,Travel_Rarely,950,Research & Development,7,3,Other,1,845,3,03f8c1273e3d,59,3,3,Manufacturing Director,3,Single,637ba1f3b72d,18869,3,Y,No,6f4b6612125f,4,d4735e3a265e,80,0,17,3,4,8,5,1,6
28,No,Travel_Rarely,760,Sales,2,4,Marketing,1,846,2,e8cca808ae5a,81,3,2,Sales Executive,2,Married,2ae8a105b8d7,3698,1,Y,Yes,f5ca38f748a1,4,6b86b273ff34,80,0,8,2,3,8,7,7,5
34,No,Travel_Rarely,829,Human Resources,3,2,Human Resources,1,847,3,03f8c1273e3d,88,3,1,Human Resources,4,Married,f021014960c5,2243,0,Y,No,9400f1b21cb5,3,4e07408562be,80,1,4,1,1,3,2,0,2
26,Yes,Travel_Frequently,887,Research & Development,5,2,Medical,1,848,3,e8cca808ae5a,88,2,1,Research Scientist,3,Married,d0832287613b,20898,1,Y,Yes,8527a891e224,3,6b86b273ff34,80,1,8,2,3,8,7,1,7
27,No,Non-Travel,443,Research & Development,3,3,Medical,1,850,4,03f8c1273e3d,50,3,1,Research Scientist,4,Married,c08ee2a296e9,16571,1,Y,No,4fc82b26aecb,3,4e07408562be,80,3,0,6,2,0,0,0,0
51,No,Travel_Rarely,1318,Sales,26,4,Marketing,1,851,1,e8cca808ae5a,66,3,4,Manager,3,Married,3dfcfacbb149,5594,2,Y,No,8527a891e224,3,4e07408562be,80,1,29,2,2,20,6,4,17
44,No,Travel_Rarely,625,Research & Development,4,3,Medical,1,852,4,03f8c1273e3d,50,3,2,Healthcare Representative,2,Single,9f1e7d452a12,5197,9,Y,No,6b51d431df5d,3,4b227777d4dd,80,0,10,2,2,5,2,2,3
25,No,Travel_Rarely,180,Research & Development,2,1,Medical,1,854,1,03f8c1273e3d,65,4,1,Research Scientist,1,Single,26773930fcd8,21632,7,Y,No,3fdba35f04dc,3,4e07408562be,80,0,6,3,2,4,3,0,1
33,No,Travel_Rarely,586,Sales,1,3,Medical,1,855,1,03f8c1273e3d,48,4,2,Sales Executive,1,Divorced,7e9ce5ed46ef,21816,1,Y,No,785f3ec7eb32,4,6b86b273ff34,80,1,9,5,3,9,8,0,8
35,No,Travel_Rarely,1343,Research & Development,27,1,Medical,1,856,3,e8cca808ae5a,53,2,1,Research Scientist,1,Single,ecc4ba55675b,17852,1,Y,No,4fc82b26aecb,3,4b227777d4dd,80,0,6,3,2,6,5,1,1
36,No,Travel_Rarely,928,Sales,1,2,Life Sciences,1,857,2,03f8c1273e3d,56,3,2,Sales Executive,4,Married,0d497212b54b,2823,1,Y,Yes,8527a891e224,3,4b227777d4dd,80,1,18,1,2,18,14,4,11
32,No,Travel_Rarely,117,Sales,13,4,Life Sciences,1,859,2,03f8c1273e3d,73,3,2,Sales Executive,4,Divorced,64405ee1d117,9250,2,Y,No,4fc82b26aecb,3,4e07408562be,80,1,8,3,2,5,2,0,3
30,No,Travel_Frequently,1012,Research & Development,5,4,Life Sciences,1,861,2,03f8c1273e3d,75,2,1,Research Scientist,4,Divorced,6c8147fcd46e,2373,9,Y,No,6b51d431df5d,3,d4735e3a265e,80,1,10,3,2,5,4,0,3
53,No,Travel_Rarely,661,Sales,7,2,Marketing,1,862,1,e8cca808ae5a,78,2,3,Sales Executive,4,Married,dfc8e74194e7,20715,7,Y,Yes,4ec9599fc203,3,4b227777d4dd,80,1,35,3,3,5,2,0,4
45,No,Travel_Rarely,930,Sales,9,3,Marketing,1,864,4,03f8c1273e3d,74,3,3,Sales Executive,1,Divorced,f29d0a62a293,19239,4,Y,Yes,6b51d431df5d,3,4e07408562be,80,1,18,2,3,5,4,0,2
32,No,Travel_Rarely,638,Research & Development,8,2,Medical,1,865,3,e8cca808ae5a,91,4,2,Research Scientist,3,Married,fb9b2de925b8,22162,5,Y,No,6b51d431df5d,3,4e07408562be,80,1,9,3,2,5,3,1,3
52,No,Travel_Frequently,890,Research & Development,25,4,Medical,1,867,3,e8cca808ae5a,81,2,4,Manufacturing Director,4,Married,c0650c2d13bc,19028,3,Y,No,785f3ec7eb32,4,4e07408562be,80,0,31,3,3,9,8,0,0
37,No,Travel_Rarely,342,Sales,16,4,Marketing,1,868,4,03f8c1273e3d,66,2,2,Sales Executive,3,Divorced,675b544c61ad,24558,4,Y,No,9400f1b21cb5,3,4b227777d4dd,80,2,9,2,3,1,0,0,0
28,No,Travel_Rarely,1169,Human Resources,8,2,Medical,1,869,2,03f8c1273e3d,63,2,1,Human Resources,4,Divorced,206bc84a380b,23965,1,Y,No,3fdba35f04dc,3,4b227777d4dd,80,1,6,6,3,5,1,0,4
22,No,Travel_Rarely,1230,Research & Development,1,2,Life Sciences,1,872,4,03f8c1273e3d,33,2,2,Manufacturing Director,4,Married,32b39bf12b85,19146,6,Y,No,785f3ec7eb32,4,6b86b273ff34,80,2,4,2,1,2,2,2,2
44,No,Travel_Rarely,986,Research & Development,8,4,Life Sciences,1,874,1,03f8c1273e3d,62,4,1,Laboratory Technician,4,Married,f16e7eb58b27,5044,2,Y,Yes,c2356069e9d1,4,4e07408562be,80,1,10,2,2,3,2,0,2
42,No,Travel_Frequently,1271,Research & Development,2,1,Medical,1,875,2,03f8c1273e3d,35,3,1,Research Scientist,4,Single,81e3115919b4,9068,5,Y,Yes,8527a891e224,3,4b227777d4dd,80,0,8,2,3,2,1,2,2
36,No,Travel_Rarely,1278,Human Resources,8,3,Life Sciences,1,878,1,03f8c1273e3d,77,2,1,Human Resources,1,Married,93a2b2c62298,8635,0,Y,No,6f4b6612125f,4,4e07408562be,80,0,6,3,3,5,4,0,3
25,No,Travel_Rarely,141,Sales,3,1,Other,1,879,3,03f8c1273e3d,98,3,2,Sales Executive,1,Married,c43804ea600a,14363,1,Y,Yes,4ec9599fc203,3,4b227777d4dd,80,0,5,3,3,5,3,0,3
35,No,Travel_Rarely,607,Research & Development,9,3,Life Sciences,1,880,4,e8cca808ae5a,66,2,3,Manufacturing Director,3,Married,d6443a648779,23457,1,Y,Yes,f5ca38f748a1,4,d4735e3a265e,80,1,17,2,3,17,14,5,15
35,Yes,Travel_Frequently,130,Research & Development,25,4,Life Sciences,1,881,4,e8cca808ae5a,96,3,1,Research Scientist,2,Divorced,b1ab1e892617,16612,1,Y,Yes,9400f1b21cb5,3,6b86b273ff34,80,1,10,3,2,10,2,7,8
32,No,Non-Travel,300,Research & Development,1,3,Life Sciences,1,882,4,03f8c1273e3d,61,3,1,Laboratory Technician,4,Divorced,74bb05d20f93,9148,0,Y,No,6b51d431df5d,3,d4735e3a265e,80,1,4,2,3,3,0,0,2
25,No,Travel_Rarely,583,Sales,4,1,Marketing,1,885,3,03f8c1273e3d,87,2,2,Sales Executive,1,Married,9cf876e274c8,18154,1,Y,No,6b51d431df5d,3,6b86b273ff34,80,0,5,1,4,5,2,0,3
49,No,Travel_Rarely,1418,Research & Development,1,3,Technical Degree,1,887,3,e8cca808ae5a,36,3,1,Research Scientist,1,Married,15bb14fd6972,10554,2,Y,No,b17ef6d19c7a,3,d4735e3a265e,80,1,7,2,3,4,2,0,2
24,No,Non-Travel,1269,Research & Development,4,1,Life Sciences,1,888,1,03f8c1273e3d,46,2,1,Laboratory Technician,4,Married,77f1eef97df6,10778,0,Y,No,4523540f1504,3,4b227777d4dd,80,0,6,2,2,5,2,3,4
32,No,Travel_Frequently,379,Sales,5,2,Life Sciences,1,889,2,03f8c1273e3d,48,3,2,Sales Executive,2,Married,9807fe182f3d,8891,1,Y,No,8527a891e224,3,4b227777d4dd,80,1,10,3,3,10,8,5,3
38,No,Travel_Rarely,395,Sales,9,3,Marketing,1,893,2,03f8c1273e3d,98,2,1,Sales Representative,2,Married,cbcd59dc5044,12102,0,Y,No,9400f1b21cb5,3,4b227777d4dd,80,1,3,3,3,2,2,1,2
42,No,Travel_Rarely,1265,Research & Development,3,3,Life Sciences,1,894,3,e8cca808ae5a,95,4,2,Laboratory Technician,4,Married,2e9352c70404,23726,2,Y,Yes,3fdba35f04dc,3,d4735e3a265e,80,1,17,1,2,5,3,1,3
31,No,Travel_Rarely,1222,Research & Development,11,4,Life Sciences,1,895,4,03f8c1273e3d,48,3,1,Research Scientist,4,Married,08eb507fdfc2,14871,3,Y,Yes,9400f1b21cb5,3,d4735e3a265e,80,1,8,2,3,6,4,0,2
29,Yes,Travel_Rarely,341,Sales,1,3,Medical,1,896,2,e8cca808ae5a,48,2,1,Sales Representative,3,Divorced,19d62f0f54e0,23522,6,Y,Yes,9400f1b21cb5,3,4e07408562be,80,3,5,3,3,3,2,0,2
53,No,Travel_Rarely,868,Sales,8,3,Marketing,1,897,1,03f8c1273e3d,73,3,4,Sales Executive,4,Married,d15a33ab1781,22789,5,Y,No,8527a891e224,3,4e07408562be,80,1,28,3,3,2,0,2,2
35,No,Travel_Rarely,672,Research & Development,25,3,Technical Degree,1,899,4,03f8c1273e3d,78,2,3,Manufacturing Director,2,Married,97d7f9916088,9129,3,Y,No,b17ef6d19c7a,3,6b86b273ff34,80,0,16,2,3,13,10,4,8
37,No,Travel_Frequently,1231,Sales,21,2,Medical,1,900,3,e8cca808ae5a,54,3,1,Sales Representative,4,Married,09cc2d87080e,21222,5,Y,No,e629fa6598d7,3,d4735e3a265e,80,1,10,3,3,5,4,0,0
53,No,Travel_Rarely,102,Research & Development,23,4,Life Sciences,1,901,4,e8cca808ae5a,72,3,4,Research Director,4,Single,5175c49e0f88,20206,6,Y,No,4ec9599fc203,3,4e07408562be,80,0,33,0,3,12,9,3,8
43,No,Travel_Frequently,422,Research & Development,1,3,Life Sciences,1,902,4,e8cca808ae5a,33,3,2,Healthcare Representative,4,Married,b903eceaae46,21782,4,Y,No,3fdba35f04dc,3,d4735e3a265e,80,1,12,2,2,5,2,2,2
47,No,Travel_Rarely,249,Sales,2,2,Marketing,1,903,3,e8cca808ae5a,35,3,2,Sales Executive,4,Married,131927c00278,17783,0,Y,Yes,785f3ec7eb32,4,6b86b273ff34,80,1,8,2,3,7,6,7,7
37,No,Non-Travel,1252,Sales,19,2,Medical,1,904,1,03f8c1273e3d,32,3,3,Sales Executive,2,Single,2c2ae095d55d,4814,1,Y,Yes,3fdba35f04dc,3,4b227777d4dd,80,0,10,2,3,10,0,0,9
50,No,Non-Travel,881,Research & Development,2,4,Life Sciences,1,905,1,03f8c1273e3d,98,3,4,Manager,1,Divorced,753b3dfbf00b,4544,1,Y,No,4fc82b26aecb,3,4b227777d4dd,80,1,31,3,3,31,6,14,7
39,No,Travel_Rarely,1383,Human Resources,2,3,Life Sciences,1,909,4,e8cca808ae5a,42,2,2,Human Resources,4,Married,b7b598d56a50,7790,8,Y,No,4fc82b26aecb,3,4e07408562be,80,2,13,2,3,5,4,0,4
33,No,Travel_Rarely,1075,Human Resources,3,2,Human Resources,1,910,4,03f8c1273e3d,57,3,1,Human Resources,2,Divorced,56eff0923675,22650,3,Y,Yes,4fc82b26aecb,3,4e07408562be,80,1,7,4,4,4,3,0,3
32,Yes,Travel_Rarely,374,Research & Development,25,4,Life Sciences,1,911,1,03f8c1273e3d,87,3,1,Laboratory Technician,4,Single,323faa6557b9,18016,1,Y,Yes,c2356069e9d1,4,4e07408562be,80,0,1,2,1,1,0,0,1
29,No,Travel_Rarely,1086,Research & Development,7,1,Medical,1,912,1,e8cca808ae5a,62,2,1,Laboratory Technician,4,Divorced,6cf5896600cb,6054,6,Y,No,8527a891e224,3,4e07408562be,80,3,8,5,3,4,3,0,3
44,No,Travel_Rarely,661,Research & Development,9,2,Life Sciences,1,913,2,03f8c1273e3d,61,3,1,Research Scientist,1,Married,ecc4ba55675b,7508,1,Y,Yes,3fdba35f04dc,3,4b227777d4dd,80,0,8,0,3,8,7,7,1
28,No,Travel_Rarely,821,Sales,5,4,Medical,1,916,1,03f8c1273e3d,98,3,2,Sales Executive,4,Single,6f56be29dcf1,24252,1,Y,No,8527a891e224,3,d4735e3a265e,80,0,4,3,3,4,2,0,2
58,Yes,Travel_Frequently,781,Research & Development,2,1,Life Sciences,1,918,4,03f8c1273e3d,57,2,1,Laboratory Technician,4,Divorced,86af1a4e8605,13384,9,Y,Yes,8527a891e224,3,4b227777d4dd,80,1,3,3,2,1,0,0,0
43,No,Travel_Rarely,177,Research & Development,8,3,Life Sciences,1,920,1,e8cca808ae5a,55,3,2,Manufacturing Director,2,Divorced,04db176799f4,23814,4,Y,No,6f4b6612125f,4,4e07408562be,80,1,4,2,4,1,0,0,0
20,Yes,Travel_Rarely,500,Sales,2,3,Medical,1,922,3,e8cca808ae5a,49,2,1,Sales Representative,3,Single,2920b9489aa3,22052,1,Y,No,3fdba35f04dc,3,4b227777d4dd,80,0,2,3,2,2,2,0,2
21,Yes,Travel_Rarely,1427,Research & Development,18,1,Other,1,923,4,e8cca808ae5a,65,3,1,Research Scientist,4,Single,a080bd4f0f51,8870,1,Y,No,9400f1b21cb5,3,6b86b273ff34,80,0,1,3,2,1,0,0,0
36,No,Travel_Rarely,1425,Research & Development,14,1,Life Sciences,1,924,3,03f8c1273e3d,68,3,2,Healthcare Representative,4,Married,d39c538aae1d,4821,0,Y,Yes,4523540f1504,3,6b86b273ff34,80,1,17,2,2,16,8,4,11
47,No,Travel_Rarely,1454,Sales,2,4,Life Sciences,1,925,4,e8cca808ae5a,65,2,1,Sales Representative,4,Single,ed4f9ab58560,13137,1,Y,Yes,4ec9599fc203,3,6b86b273ff34,80,0,3,3,2,3,2,1,2
22,Yes,Travel_Rarely,617,Research & Development,3,1,Life Sciences,1,926,2,e8cca808ae5a,34,3,2,Manufacturing Director,3,Married,b39c1d3efa91,10022,0,Y,Yes,9400f1b21cb5,3,6b86b273ff34,80,1,4,3,4,3,2,0,2
41,Yes,Travel_Rarely,1085,Research & Development,2,4,Life Sciences,1,927,2,e8cca808ae5a,57,1,1,Laboratory Technician,4,Divorced,a2541e84e912,17725,4,Y,Yes,3fdba35f04dc,3,4e07408562be,80,1,10,1,2,7,7,1,0
28,No,Travel_Rarely,995,Research & Development,9,3,Medical,1,930,3,e8cca808ae5a,77,3,1,Research Scientist,3,Divorced,1a5de96b8308,9834,5,Y,No,4ec9599fc203,3,d4735e3a265e,80,1,6,2,3,2,2,2,2
39,Yes,Travel_Rarely,1122,Research & Development,6,3,Medical,1,932,4,03f8c1273e3d,70,3,1,Laboratory Technician,1,Married,62c488bbaded,4303,7,Y,Yes,6f4b6612125f,4,4b227777d4dd,80,0,8,2,1,2,2,2,2
27,No,Travel_Rarely,618,Research & Development,4,3,Life Sciences,1,933,2,e8cca808ae5a,76,3,1,Research Scientist,3,Single,edbf8a7109de,17808,1,Y,No,9400f1b21cb5,3,4e07408562be,80,0,1,2,3,1,1,0,0
34,No,Travel_Rarely,546,Research & Development,10,3,Life Sciences,1,934,2,03f8c1273e3d,83,3,1,Laboratory Technician,2,Divorced,e5e53c784d5d,6896,1,Y,No,8527a891e224,3,d4735e3a265e,80,2,1,3,3,1,0,1,0
42,No,Travel_Rarely,462,Sales,14,2,Medical,1,936,3,e8cca808ae5a,68,2,2,Sales Executive,3,Single,ff2fbb2c3bff,7824,7,Y,No,4523540f1504,3,6b86b273ff34,80,0,10,6,3,5,4,0,3
33,No,Travel_Rarely,1198,Research & Development,1,4,Other,1,939,3,03f8c1273e3d,100,2,1,Research Scientist,1,Single,60d6e8f7ae7a,3339,3,Y,Yes,4fc82b26aecb,3,d4735e3a265e,80,0,6,1,3,3,2,0,2
58,No,Travel_Rarely,1272,Research & Development,5,3,Technical Degree,1,940,3,e8cca808ae5a,37,2,3,Healthcare Representative,2,Divorced,cc52431a2d5f,9255,2,Y,Yes,3fdba35f04dc,3,4b227777d4dd,80,1,24,3,3,6,0,0,4
31,No,Travel_Rarely,154,Sales,7,4,Life Sciences,1,941,2,03f8c1273e3d,41,2,1,Sales Representative,3,Married,a8a2c6189790,11737,3,Y,No,e629fa6598d7,3,d4735e3a265e,80,0,13,2,4,7,7,5,2
35,No,Travel_Rarely,1137,Research & Development,21,1,Life Sciences,1,942,4,e8cca808ae5a,51,3,2,Healthcare Representative,4,Married,346f05a48032,19170,1,Y,Yes,b7a56873cd77,4,4b227777d4dd,80,1,10,2,1,10,6,0,7
49,No,Travel_Rarely,527,Research & Development,8,2,Other,1,944,1,e8cca808ae5a,51,3,3,Laboratory Technician,2,Married,1e3158b9cf89,22477,4,Y,No,4fc82b26aecb,3,4e07408562be,80,1,29,3,2,26,9,1,7
48,No,Travel_Rarely,1469,Research & Development,20,4,Medical,1,945,4,03f8c1273e3d,51,3,1,Research Scientist,3,Married,2f5b70c621fd,5543,4,Y,No,4523540f1504,3,6b86b273ff34,80,2,13,2,2,0,0,0,0
31,No,Non-Travel,1188,Sales,20,2,Marketing,1,947,4,e8cca808ae5a,45,3,2,Sales Executive,3,Married,0ab1922f8f4a,24406,1,Y,No,3fdba35f04dc,3,4b227777d4dd,80,1,9,2,2,9,8,0,0
36,No,Travel_Rarely,188,Research & Development,7,4,Other,1,949,2,03f8c1273e3d,65,3,1,Research Scientist,4,Single,d845f041e1ad,23293,2,Y,No,4ec9599fc203,3,4e07408562be,80,0,8,6,3,6,2,0,1
38,No,Travel_Rarely,1333,Research & Development,1,3,Technical Degree,1,950,4,e8cca808ae5a,80,3,3,Research Director,1,Married,5ee9d72d01a1,16292,1,Y,No,3fdba35f04dc,3,d4735e3a265e,80,1,15,3,3,15,12,5,11
32,No,Non-Travel,1184,Research & Development,1,3,Life Sciences,1,951,3,e8cca808ae5a,70,2,1,Laboratory Technician,2,Married,ae9123de2fc4,3974,6,Y,No,f5ca38f748a1,4,4e07408562be,80,0,5,3,3,3,0,0,2
25,Yes,Travel_Rarely,867,Sales,19,2,Marketing,1,952,3,03f8c1273e3d,36,2,1,Sales Representative,2,Married,bcf1b6a7a986,18798,1,Y,Yes,4ec9599fc203,3,4e07408562be,80,3,1,2,3,1,0,0,0
40,No,Travel_Rarely,658,Sales,10,4,Marketing,1,954,1,03f8c1273e3d,67,2,3,Sales Executive,2,Divorced,c6ca46cb6d9c,20652,2,Y,No,6b51d431df5d,3,d4735e3a265e,80,1,11,2,2,1,0,0,0
26,No,Travel_Frequently,1283,Sales,1,3,Medical,1,956,3,03f8c1273e3d,52,2,2,Sales Executive,1,Single,7ef4694c838d,11148,1,Y,No,6b51d431df5d,3,d4735e3a265e,80,0,7,2,3,7,7,0,7
41,No,Travel_Rarely,263,Research & Development,6,3,Medical,1,957,4,03f8c1273e3d,59,3,1,Laboratory Technician,1,Single,c51f4d33c138,3119,2,Y,Yes,3fdba35f04dc,3,4e07408562be,80,0,20,3,3,18,13,2,17
36,No,Travel_Rarely,938,Research & Development,2,4,Medical,1,958,3,03f8c1273e3d,79,3,1,Laboratory Technician,3,Single,0322afb553ec,12287,4,Y,No,6f4b6612125f,4,4e07408562be,80,0,16,6,3,11,8,3,9
19,Yes,Travel_Rarely,419,Sales,21,3,Other,1,959,4,03f8c1273e3d,37,2,1,Sales Representative,2,Single,b8dc2c143be8,9947,1,Y,Yes,3fdba35f04dc,3,d4735e3a265e,80,0,1,3,4,1,0,0,0
20,Yes,Travel_Rarely,129,Research & Development,4,3,Technical Degree,1,960,1,03f8c1273e3d,84,3,1,Laboratory Technician,1,Single,09cc2d87080e,13008,1,Y,No,9400f1b21cb5,3,d4735e3a265e,80,0,1,2,3,1,0,0,0
31,No,Travel_Rarely,616,Research & Development,12,3,Medical,1,961,4,e8cca808ae5a,41,3,2,Healthcare Representative,4,Married,3c8a2ab40a0c,17369,0,Y,Yes,4fc82b26aecb,3,4e07408562be,80,2,10,2,1,9,7,8,5
40,No,Travel_Frequently,1469,Research & Development,9,4,Medical,1,964,4,03f8c1273e3d,35,3,1,Research Scientist,2,Divorced,2e27bb07e506,25063,8,Y,Yes,8527a891e224,3,4b227777d4dd,80,1,3,2,3,1,1,0,0
32,No,Travel_Rarely,498,Research & Development,3,4,Medical,1,966,3,e8cca808ae5a,93,3,2,Manufacturing Director,1,Married,e5a406855f76,13554,1,Y,No,6b51d431df5d,3,4e07408562be,80,1,8,2,4,8,7,6,3
36,Yes,Travel_Rarely,530,Sales,3,1,Life Sciences,1,967,3,03f8c1273e3d,51,2,3,Sales Executive,4,Married,e10c732652c9,5518,1,Y,Yes,4fc82b26aecb,3,6b86b273ff34,80,1,16,6,3,16,7,3,7
33,No,Travel_Rarely,1069,Research & Development,1,3,Life Sciences,1,969,2,e8cca808ae5a,42,2,2,Healthcare Representative,4,Single,1772ef0fd032,12291,0,Y,No,8527a891e224,3,6b86b273ff34,80,0,6,3,3,5,0,1,4
37,Yes,Travel_Rarely,625,Sales,1,4,Life Sciences,1,970,1,03f8c1273e3d,46,2,3,Sales Executive,3,Married,f7137a528bd2,14922,5,Y,No,4fc82b26aecb,3,4e07408562be,80,0,17,2,1,14,1,11,7
45,No,Non-Travel,805,Research & Development,4,2,Life Sciences,1,972,3,03f8c1273e3d,57,3,2,Laboratory Technician,2,Married,a5c718889eb4,23163,1,Y,No,6b51d431df5d,3,d4735e3a265e,80,0,9,5,2,9,7,0,8
29,No,Travel_Frequently,1404,Sales,20,3,Technical Degree,1,974,3,e8cca808ae5a,84,3,1,Sales Representative,4,Married,3a6e2b22591e,18203,1,Y,No,e629fa6598d7,3,d4735e3a265e,80,1,3,5,3,3,1,0,2
35,No,Travel_Rarely,1219,Sales,18,3,Medical,1,975,3,e8cca808ae5a,86,3,2,Sales Executive,3,Married,1c0a41630b5c,6179,1,Y,No,b17ef6d19c7a,3,d4735e3a265e,80,0,5,3,3,5,2,1,0
52,No,Travel_Rarely,1053,Research & Development,1,2,Life Sciences,1,976,4,03f8c1273e3d,70,3,4,Manager,4,Married,66dcda9b7b16,13829,2,Y,No,e629fa6598d7,3,d4735e3a265e,80,1,26,2,2,9,8,7,8
58,Yes,Travel_Rarely,289,Research & Development,2,3,Technical Degree,1,977,4,03f8c1273e3d,51,3,1,Research Scientist,3,Single,cc0f20917ee0,26227,4,Y,No,c2356069e9d1,4,6b86b273ff34,80,0,7,4,3,1,0,0,0
53,No,Travel_Rarely,1376,Sales,2,2,Medical,1,981,3,03f8c1273e3d,45,3,4,Manager,3,Divorced,fa7150fc2b08,13938,6,Y,No,3fdba35f04dc,3,4e07408562be,80,1,22,3,4,17,13,15,2
30,No,Travel_Rarely,231,Sales,8,2,Other,1,982,3,03f8c1273e3d,62,3,3,Sales Executive,3,Divorced,19dc1c2e10e7,9977,5,Y,No,4fc82b26aecb,3,6b86b273ff34,80,1,10,2,4,8,4,7,7
38,No,Non-Travel,152,Sales,10,3,Technical Degree,1,983,3,e8cca808ae5a,85,3,2,Sales Executive,4,Single,439534579423,19899,1,Y,Yes,3fdba35f04dc,3,d4735e3a265e,80,0,6,1,3,5,3,1,3
35,No,Travel_Rarely,882,Sales,3,4,Life Sciences,1,984,4,03f8c1273e3d,92,3,3,Sales Executive,4,Divorced,a6ea08cf9c70,6812,6,Y,No,3fdba35f04dc,3,d4735e3a265e,80,1,12,2,3,10,9,0,8
39,No,Travel_Rarely,903,Sales,2,5,Life Sciences,1,985,1,03f8c1273e3d,41,4,3,Sales Executive,3,Single,179cf283f9f5,2560,0,Y,No,4ec9599fc203,3,4b227777d4dd,80,0,9,3,3,8,7,0,7
40,Yes,Non-Travel,1479,Sales,24,3,Life Sciences,1,986,2,e8cca808ae5a,100,4,4,Sales Executive,2,Single,46640fc80390,17071,4,Y,Yes,b17ef6d19c7a,3,4b227777d4dd,80,0,22,2,2,1,0,0,0
47,No,Travel_Frequently,1379,Research & Development,16,4,Medical,1,987,3,03f8c1273e3d,64,4,2,Manufacturing Director,3,Divorced,197a2971491b,6759,1,Y,Yes,9400f1b21cb5,3,4e07408562be,80,0,20,3,4,19,10,2,7
36,No,Non-Travel,1229,Sales,8,4,Technical Degree,1,990,1,03f8c1273e3d,84,3,2,Sales Executive,4,Divorced,c567607d2989,25952,4,Y,No,3fdba35f04dc,3,4b227777d4dd,80,2,12,3,3,7,7,0,7
31,Yes,Non-Travel,335,Research & Development,9,2,Medical,1,991,3,03f8c1273e3d,46,2,1,Research Scientist,1,Single,f5334f59cc82,10322,0,Y,Yes,785f3ec7eb32,4,6b86b273ff34,80,0,4,0,3,3,2,1,2
33,No,Non-Travel,722,Sales,17,3,Life Sciences,1,992,4,03f8c1273e3d,38,3,4,Manager,3,Single,56ab004edd09,20489,1,Y,No,4fc82b26aecb,3,4b227777d4dd,80,0,10,2,3,10,8,6,0
29,Yes,Travel_Rarely,906,Research & Development,10,3,Life Sciences,1,994,4,e8cca808ae5a,92,2,1,Research Scientist,1,Single,62c488bbaded,11479,6,Y,Yes,f5ca38f748a1,4,4e07408562be,80,0,3,5,3,0,0,0,0
33,No,Travel_Rarely,461,Research & Development,13,1,Life Sciences,1,995,2,e8cca808ae5a,53,3,1,Research Scientist,4,Single,9841b7a33831,17241,3,Y,No,4ec9599fc203,3,6b86b273ff34,80,0,5,4,3,3,2,0,2
45,No,Travel_Rarely,974,Research & Development,1,4,Medical,1,996,4,e8cca808ae5a,91,3,1,Laboratory Technician,4,Divorced,8e3330aeb5e9,11005,3,Y,No,8527a891e224,3,4b227777d4dd,80,2,8,2,3,5,3,0,2
50,No,Travel_Rarely,1126,Research & Development,1,2,Medical,1,997,4,03f8c1273e3d,66,3,4,Research Director,4,Divorced,8ad402359e12,6615,9,Y,No,785f3ec7eb32,4,4e07408562be,80,1,32,1,2,5,4,1,3
33,No,Travel_Frequently,827,Research & Development,1,4,Other,1,998,3,e8cca808ae5a,84,4,2,Healthcare Representative,2,Married,3267ef2a83a7,20161,1,Y,Yes,3fdba35f04dc,3,6b86b273ff34,80,1,6,2,3,6,5,1,2
41,No,Travel_Frequently,840,Research & Development,9,3,Medical,1,999,1,03f8c1273e3d,64,3,5,Research Director,3,Divorced,c509f31eabf3,3735,2,Y,No,4523540f1504,3,d4735e3a265e,80,1,21,2,4,18,16,0,11
27,No,Travel_Rarely,1134,Research & Development,16,4,Technical Degree,1,1001,3,e8cca808ae5a,37,3,1,Laboratory Technician,2,Married,61f5869c42cc,12086,9,Y,No,8527a891e224,3,d4735e3a265e,80,1,4,2,3,2,2,2,2
45,No,Non-Travel,248,Research & Development,23,2,Life Sciences,1,1002,4,03f8c1273e3d,42,3,2,Laboratory Technician,1,Married,00039a15178b,14039,1,Y,Yes,e629fa6598d7,3,4e07408562be,80,1,9,2,3,9,8,0,8
47,No,Travel_Rarely,955,Sales,4,2,Life Sciences,1,1003,4,e8cca808ae5a,83,3,2,Sales Executive,4,Single,95d4362bd3cd,8571,1,Y,Yes,4523540f1504,3,4e07408562be,80,0,9,0,3,9,0,0,7
30,Yes,Travel_Rarely,138,Research & Development,22,3,Life Sciences,1,1004,1,e8cca808ae5a,48,3,1,Research Scientist,3,Married,ddc10a5906f8,11539,4,Y,Yes,4fc82b26aecb,3,d4735e3a265e,80,0,7,2,3,5,2,0,1
50,No,Travel_Rarely,939,Research & Development,24,3,Life Sciences,1,1005,4,03f8c1273e3d,95,3,4,Manufacturing Director,3,Married,e5856c4e3930,4161,3,Y,Yes,4ec9599fc203,3,4b227777d4dd,80,1,22,2,3,12,11,1,5
38,No,Travel_Frequently,1391,Research & Development,10,1,Medical,1,1006,3,03f8c1273e3d,66,3,1,Research Scientist,3,Married,85c7fe931900,12127,0,Y,No,4523540f1504,3,d4735e3a265e,80,1,3,0,2,2,1,0,2
46,No,Travel_Rarely,566,Research & Development,7,2,Medical,1,1007,4,03f8c1273e3d,75,3,3,Manufacturing Director,3,Divorced,9ae07e2fab26,24208,6,Y,No,3fdba35f04dc,3,d4735e3a265e,80,1,13,3,3,8,7,0,7
24,No,Travel_Rarely,1206,Research & Development,17,1,Medical,1,1009,4,e8cca808ae5a,41,2,2,Manufacturing Director,3,Divorced,6d472e1b4030,24117,1,Y,No,e629fa6598d7,3,d4735e3a265e,80,2,5,6,3,4,2,3,2
35,Yes,Travel_Rarely,622,Research & Development,14,4,Other,1,1010,3,03f8c1273e3d,39,2,1,Laboratory Technician,2,Divorced,c94b98f60924,10074,1,Y,Yes,c2356069e9d1,4,4b227777d4dd,80,1,5,2,1,4,2,0,2
31,No,Travel_Frequently,853,Research & Development,1,1,Life Sciences,1,1011,3,e8cca808ae5a,96,3,2,Manufacturing Director,1,Married,2a3b858f52f7,11275,1,Y,No,6b51d431df5d,3,4e07408562be,80,1,4,1,3,4,3,0,3
18,No,Non-Travel,287,Research & Development,5,2,Life Sciences,1,1012,2,03f8c1273e3d,73,3,1,Research Scientist,4,Single,11382b8de6b4,13493,1,Y,No,e629fa6598d7,3,4b227777d4dd,80,0,0,2,3,0,0,0,0
54,No,Travel_Rarely,1441,Research & Development,17,3,Technical Degree,1,1013,3,e8cca808ae5a,56,3,3,Manufacturing Director,3,Married,f4afeebf210a,13943,8,Y,No,4fc82b26aecb,3,4e07408562be,80,1,22,2,3,10,7,0,8
35,No,Travel_Rarely,583,Research & Development,25,4,Medical,1,1014,3,e8cca808ae5a,57,3,3,Healthcare Representative,3,Divorced,55ae4eea1c5c,6975,1,Y,Yes,4fc82b26aecb,3,4e07408562be,80,1,16,3,2,16,10,10,1
30,No,Travel_Rarely,153,Research & Development,8,2,Life Sciences,1,1015,2,e8cca808ae5a,73,4,3,Research Director,1,Married,024e9489dcc6,17802,0,Y,Yes,6b51d431df5d,3,4e07408562be,80,3,9,4,2,8,7,1,7
20,Yes,Travel_Rarely,1097,Research & Development,11,3,Medical,1,1016,4,e8cca808ae5a,98,2,1,Research Scientist,1,Single,3a0e14026c6b,18275,1,Y,Yes,e629fa6598d7,3,6b86b273ff34,80,0,1,2,3,1,0,0,0
30,Yes,Travel_Frequently,109,Research & Development,5,3,Medical,1,1017,2,e8cca808ae5a,60,3,1,Laboratory Technician,2,Single,f7d804610280,25725,0,Y,No,4523540f1504,3,6b86b273ff34,80,0,4,3,3,3,2,1,2
26,No,Travel_Rarely,1066,Research & Development,2,2,Medical,1,1018,4,03f8c1273e3d,32,4,2,Manufacturing Director,4,Married,3cd7b476b240,3334,1,Y,No,6b51d431df5d,3,d4735e3a265e,80,0,8,2,3,8,7,1,3
22,No,Travel_Rarely,217,Research & Development,8,1,Life Sciences,1,1019,2,03f8c1273e3d,94,1,1,Laboratory Technician,1,Married,b815f5c63059,6881,1,Y,No,e629fa6598d7,3,6b86b273ff34,80,1,4,3,2,4,3,1,1
48,No,Travel_Rarely,277,Research & Development,6,3,Life Sciences,1,1022,1,03f8c1273e3d,97,2,2,Healthcare Representative,3,Single,15811bd57b46,13119,2,Y,No,3fdba35f04dc,3,4b227777d4dd,80,0,19,0,3,2,2,2,2
48,No,Travel_Rarely,1355,Research & Development,4,4,Life Sciences,1,1024,3,03f8c1273e3d,78,2,3,Healthcare Representative,3,Single,b9b7a8e8f28b,22245,7,Y,No,8527a891e224,3,d4735e3a265e,80,0,27,3,3,15,11,4,8
41,No,Travel_Rarely,549,Research & Development,7,2,Medical,1,1025,4,e8cca808ae5a,42,3,2,Manufacturing Director,3,Single,5ca452a03e3d,23371,6,Y,No,8527a891e224,3,d4735e3a265e,80,0,8,6,3,2,2,2,1
39,No,Travel_Rarely,466,Research & Development,1,1,Life Sciences,1,1026,4,e8cca808ae5a,65,2,4,Manufacturing Director,4,Married,9f5923259bf6,7060,1,Y,No,b17ef6d19c7a,3,4e07408562be,80,1,21,3,3,21,6,11,8
27,No,Travel_Rarely,1055,Research & Development,2,4,Life Sciences,1,1027,1,e8cca808ae5a,47,3,2,Manufacturing Director,4,Married,52144ce70556,4658,0,Y,No,4ec9599fc203,3,d4735e3a265e,80,1,4,2,3,3,2,2,2
35,No,Travel_Rarely,802,Research & Development,10,3,Other,1,1028,2,03f8c1273e3d,45,3,1,Laboratory Technician,4,Divorced,9cd129f891c5,9541,1,Y,No,f5ca38f748a1,4,6b86b273ff34,80,1,3,4,2,3,2,1,2
42,No,Travel_Rarely,265,Sales,5,2,Marketing,1,1029,4,03f8c1273e3d,90,3,5,Manager,3,Married,7c29d63e49b7,7770,6,Y,No,3fdba35f04dc,3,d4735e3a265e,80,0,21,3,4,1,0,0,0
50,No,Travel_Rarely,804,Research & Development,9,3,Life Sciences,1,1030,1,03f8c1273e3d,64,3,1,Laboratory Technician,4,Married,86af1a4e8605,20165,4,Y,No,4ec9599fc203,3,d4735e3a265e,80,0,8,5,3,1,0,0,0
59,No,Travel_Rarely,715,Research & Development,2,3,Life Sciences,1,1032,3,e8cca808ae5a,69,2,4,Manufacturing Director,4,Single,624a88a52988,21829,3,Y,Yes,3fdba35f04dc,3,6b86b273ff34,80,0,30,4,3,5,3,4,3
37,Yes,Travel_Rarely,1141,Research & Development,11,2,Medical,1,1033,1,e8cca808ae5a,61,1,2,Healthcare Representative,2,Married,0f9305fb9daa,14382,5,Y,No,e629fa6598d7,3,6b86b273ff34,80,0,15,2,1,1,0,0,0
55,No,Travel_Frequently,135,Research & Development,18,4,Medical,1,1034,3,03f8c1273e3d,62,3,2,Healthcare Representative,2,Married,854c9a6ae832,12992,3,Y,Yes,8527a891e224,3,4b227777d4dd,80,2,17,3,3,8,7,6,7
41,No,Non-Travel,247,Research & Development,7,1,Life Sciences,1,1035,2,e8cca808ae5a,55,1,5,Research Director,3,Divorced,d3bc6770ef4e,20284,1,Y,No,785f3ec7eb32,4,d4735e3a265e,80,2,21,3,3,21,16,5,10
38,No,Travel_Rarely,1035,Sales,3,4,Life Sciences,1,1036,2,03f8c1273e3d,42,3,2,Sales Executive,4,Single,c5563da47332,4981,8,Y,Yes,6b51d431df5d,3,4e07408562be,80,0,19,1,3,1,0,0,0
26,Yes,Non-Travel,265,Sales,29,2,Medical,1,1037,2,03f8c1273e3d,79,1,2,Sales Executive,1,Single,88e1a9ff81d0,21813,8,Y,No,4ec9599fc203,3,4b227777d4dd,80,0,7,6,3,2,2,2,2
52,Yes,Travel_Rarely,266,Sales,2,1,Marketing,1,1038,1,e8cca808ae5a,57,1,5,Manager,4,Married,2a520b20ce6a,25846,1,Y,No,e629fa6598d7,3,4b227777d4dd,80,1,33,3,3,32,14,6,9
44,No,Travel_Rarely,1448,Sales,28,3,Medical,1,1039,4,e8cca808ae5a,53,4,4,Sales Executive,4,Married,c8bc939f55d8,11737,3,Y,Yes,4ec9599fc203,3,4e07408562be,80,1,23,2,3,12,11,11,11
50,No,Non-Travel,145,Sales,1,3,Life Sciences,1,1040,4,e8cca808ae5a,95,3,2,Sales Executive,3,Married,9e2496ce96a8,24920,0,Y,No,6b51d431df5d,3,6b86b273ff34,80,1,19,3,3,18,7,0,13
36,Yes,Travel_Rarely,885,Research & Development,16,4,Life Sciences,1,1042,3,e8cca808ae5a,43,4,1,Laboratory Technician,1,Single,4d5f60d62b85,8269,1,Y,No,b17ef6d19c7a,3,4e07408562be,80,0,18,1,3,17,13,15,14
39,No,Travel_Frequently,945,Research & Development,22,3,Medical,1,1043,4,e8cca808ae5a,82,3,3,Manufacturing Director,1,Single,d16f88f0b053,5083,1,Y,Yes,3fdba35f04dc,3,4e07408562be,80,0,21,2,3,21,6,2,8
33,No,Non-Travel,1038,Sales,8,1,Life Sciences,1,1044,2,e8cca808ae5a,88,2,1,Sales Representative,4,Single,93a2b2c62298,21437,0,Y,No,9400f1b21cb5,3,4b227777d4dd,80,0,3,2,2,2,2,2,2
45,No,Travel_Rarely,1234,Sales,11,2,Life Sciences,1,1045,4,e8cca808ae5a,90,3,4,Manager,4,Married,1ff64286fcc9,5404,3,Y,No,3fdba35f04dc,3,d4735e3a265e,80,1,26,4,4,9,3,1,1
32,No,Non-Travel,1109,Research & Development,29,4,Medical,1,1046,4,e8cca808ae5a,69,3,1,Laboratory Technician,3,Single,d2572ef35614,11135,9,Y,No,6b51d431df5d,3,d4735e3a265e,80,0,10,2,3,8,7,7,7
34,No,Travel_Rarely,216,Sales,1,4,Marketing,1,1047,2,03f8c1273e3d,75,4,2,Sales Executive,4,Divorced,a70a0909a825,12278,0,Y,No,4fc82b26aecb,3,4b227777d4dd,80,1,16,2,2,15,1,0,9
59,No,Travel_Rarely,1089,Sales,1,2,Technical Degree,1,1048,2,03f8c1273e3d,66,3,3,Manager,4,Married,e4b7a4de7b60,11038,3,Y,Yes,8527a891e224,3,4e07408562be,80,1,14,1,1,6,4,0,4
45,No,Travel_Rarely,788,Human Resources,24,4,Medical,1,1049,2,03f8c1273e3d,36,3,1,Human Resources,2,Single,d933c1002482,8318,1,Y,No,b17ef6d19c7a,3,6b86b273ff34,80,0,6,3,3,6,3,0,4
53,No,Travel_Frequently,124,Sales,2,3,Marketing,1,1050,3,e8cca808ae5a,38,2,3,Sales Executive,2,Married,277879fdcbcd,23537,2,Y,No,6b51d431df5d,3,6b86b273ff34,80,1,30,2,3,15,7,6,12
36,Yes,Travel_Rarely,660,Research & Development,15,3,Other,1,1052,1,03f8c1273e3d,81,3,2,Laboratory Technician,3,Divorced,42e030263323,7858,7,Y,No,8527a891e224,3,d4735e3a265e,80,1,9,3,2,1,0,0,0
26,Yes,Travel_Frequently,342,Research & Development,2,3,Life Sciences,1,1053,1,03f8c1273e3d,57,3,1,Research Scientist,1,Married,d8ec3903c81c,15346,6,Y,Yes,8527a891e224,3,d4735e3a265e,80,1,6,2,3,3,2,1,2
34,No,Travel_Rarely,1333,Sales,10,4,Life Sciences,1,1055,3,e8cca808ae5a,87,3,1,Sales Representative,3,Married,230ad27c6e6e,18410,1,Y,Yes,9400f1b21cb5,3,4b227777d4dd,80,1,1,2,3,1,1,0,0
28,No,Travel_Rarely,1144,Sales,10,1,Medical,1,1056,4,03f8c1273e3d,74,3,1,Sales Representative,2,Married,d8b5e2791d0d,23384,1,Y,No,785f3ec7eb32,4,d4735e3a265e,80,0,1,5,3,1,0,0,0
38,No,Travel_Frequently,1186,Research & Development,3,4,Other,1,1060,3,03f8c1273e3d,44,3,1,Research Scientist,3,Married,417e475bb4d9,2997,3,Y,No,b17ef6d19c7a,3,6b86b273ff34,80,1,8,2,3,2,2,2,2
50,No,Travel_Rarely,1464,Research & Development,2,4,Medical,1,1061,2,03f8c1273e3d,62,3,5,Research Director,3,Married,956a9f617df6,12853,2,Y,Yes,4fc82b26aecb,3,4b227777d4dd,80,1,29,2,2,8,1,7,7
37,No,Travel_Rarely,124,Research & Development,3,3,Other,1,1062,4,e8cca808ae5a,35,3,2,Healthcare Representative,2,Single,fbdf4ba3e18f,13848,3,Y,No,e629fa6598d7,3,6b86b273ff34,80,0,8,3,2,4,3,0,1
40,No,Travel_Rarely,300,Sales,26,3,Marketing,1,1066,3,03f8c1273e3d,74,3,2,Sales Executive,1,Married,7a81ab9d6809,22217,1,Y,No,8527a891e224,3,d4735e3a265e,80,1,8,3,2,7,7,7,5
26,No,Travel_Frequently,921,Research & Development,1,1,Medical,1,1068,1,e8cca808ae5a,66,2,1,Research Scientist,3,Divorced,f1cfa5ebb149,25265,1,Y,No,3fdba35f04dc,3,4e07408562be,80,2,5,5,3,5,3,1,3
46,No,Travel_Rarely,430,Research & Development,1,4,Medical,1,1069,4,03f8c1273e3d,40,3,5,Research Director,4,Divorced,af09c177385d,21445,9,Y,No,4523540f1504,3,4b227777d4dd,80,2,23,0,3,2,2,2,2
54,No,Travel_Rarely,1082,Sales,2,4,Life Sciences,1,1070,3,e8cca808ae5a,41,2,3,Sales Executive,3,Married,c9d2e694fd60,8392,6,Y,No,4fc82b26aecb,3,d4735e3a265e,80,1,13,4,3,9,4,7,0
56,No,Travel_Frequently,1240,Research & Development,9,3,Medical,1,1071,1,e8cca808ae5a,63,3,1,Research Scientist,3,Married,0780e4217317,12154,2,Y,No,9400f1b21cb5,3,d4735e3a265e,80,1,18,4,3,5,4,0,3
36,No,Travel_Rarely,796,Research & Development,12,5,Medical,1,1073,4,e8cca808ae5a,51,2,3,Manufacturing Director,4,Single,f68c7a5a728d,15669,0,Y,No,4fc82b26aecb,3,d4735e3a265e,80,0,15,2,2,14,8,7,8
55,No,Non-Travel,444,Research & Development,2,1,Medical,1,1074,3,03f8c1273e3d,40,2,4,Manager,1,Single,61f804392cb0,17323,7,Y,No,e629fa6598d7,3,d4735e3a265e,80,0,31,3,4,9,7,6,2
43,No,Travel_Rarely,415,Sales,25,3,Medical,1,1076,3,03f8c1273e3d,79,2,3,Sales Executive,4,Divorced,4948f8d8f3aa,5268,5,Y,No,3fdba35f04dc,3,4e07408562be,80,1,18,5,3,1,0,0,0
20,Yes,Travel_Frequently,769,Sales,9,3,Marketing,1,1077,4,e8cca808ae5a,54,3,1,Sales Representative,4,Single,61503690505f,17205,1,Y,Yes,8527a891e224,3,d4735e3a265e,80,0,2,3,3,2,2,0,2
21,Yes,Travel_Rarely,1334,Research & Development,10,3,Life Sciences,1,1079,3,e8cca808ae5a,36,2,1,Laboratory Technician,1,Single,c775788b4db4,17258,1,Y,No,3fdba35f04dc,3,6b86b273ff34,80,0,1,6,2,1,0,1,0
46,No,Travel_Rarely,1003,Research & Development,8,4,Life Sciences,1,1080,4,e8cca808ae5a,74,2,2,Research Scientist,1,Divorced,48bf30cf24d5,21029,8,Y,Yes,535fa30d7e25,4,6b86b273ff34,80,3,19,2,3,16,13,1,7
51,Yes,Travel_Rarely,1323,Research & Development,4,4,Life Sciences,1,1081,1,03f8c1273e3d,34,3,1,Research Scientist,3,Married,a1e2bd5c6506,10332,9,Y,Yes,6b51d431df5d,3,4e07408562be,80,3,18,2,4,10,0,2,7
28,Yes,Non-Travel,1366,Research & Development,24,2,Technical Degree,1,1082,2,03f8c1273e3d,72,2,3,Healthcare Representative,1,Single,b35b29141698,12355,1,Y,No,6b51d431df5d,3,6b86b273ff34,80,0,10,2,2,10,7,1,9
26,No,Travel_Rarely,192,Research & Development,1,2,Medical,1,1083,1,03f8c1273e3d,59,2,1,Laboratory Technician,1,Married,32ea22f4c85e,11141,1,Y,No,b17ef6d19c7a,3,6b86b273ff34,80,2,6,2,3,5,3,1,3
30,No,Travel_Rarely,1176,Research & Development,20,3,Other,1,1084,3,03f8c1273e3d,85,3,2,Manufacturing Director,1,Married,3022082f133e,9096,0,Y,No,e629fa6598d7,3,4e07408562be,80,1,7,1,2,6,2,0,2
41,No,Travel_Rarely,509,Research & Development,7,2,Technical Degree,1,1085,2,e8cca808ae5a,43,4,1,Research Scientist,3,Married,0358720d4a0e,18863,1,Y,No,3fdba35f04dc,3,4e07408562be,80,0,10,3,3,10,6,0,8
38,No,Travel_Rarely,330,Research & Development,17,1,Life Sciences,1,1088,3,e8cca808ae5a,65,2,3,Healthcare Representative,3,Married,af97d1baebca,24608,0,Y,No,4ec9599fc203,3,6b86b273ff34,80,1,20,4,2,19,9,1,9
40,No,Travel_Rarely,1492,Research & Development,20,4,Technical Degree,1,1092,1,03f8c1273e3d,61,3,3,Healthcare Representative,4,Married,44a9fe9520c5,26542,4,Y,No,f5ca38f748a1,4,4b227777d4dd,80,1,14,6,3,11,10,11,1
27,No,Non-Travel,1277,Research & Development,8,5,Life Sciences,1,1094,1,03f8c1273e3d,87,1,1,Laboratory Technician,3,Married,c0d32e8f4dc2,5869,1,Y,No,9400f1b21cb5,3,4b227777d4dd,80,3,3,4,3,3,2,1,2
55,No,Travel_Frequently,1091,Research & Development,2,1,Life Sciences,1,1096,4,03f8c1273e3d,65,3,3,Manufacturing Director,2,Married,be6b81475540,15813,3,Y,No,4ec9599fc203,3,d4735e3a265e,80,1,23,4,3,3,2,1,2
28,No,Travel_Rarely,857,Research & Development,10,3,Other,1,1097,3,e8cca808ae5a,59,3,2,Research Scientist,3,Single,0663ba1a1822,7909,3,Y,No,3fdba35f04dc,3,4b227777d4dd,80,0,10,4,4,8,7,1,7
44,Yes,Travel_Rarely,1376,Human Resources,1,2,Medical,1,1098,2,03f8c1273e3d,91,2,3,Human Resources,1,Married,220c2ca81adf,2326,9,Y,No,8527a891e224,3,4b227777d4dd,80,1,24,1,3,20,6,3,6
33,No,Travel_Rarely,654,Research & Development,5,3,Life Sciences,1,1099,4,03f8c1273e3d,34,2,3,Healthcare Representative,4,Divorced,46d4b8ad705c,21214,4,Y,No,e629fa6598d7,3,4e07408562be,80,1,9,2,3,3,2,1,2
35,Yes,Travel_Rarely,1204,Sales,4,3,Technical Degree,1,1100,4,03f8c1273e3d,86,3,3,Sales Executive,1,Single,b786f156b551,10333,0,Y,Yes,785f3ec7eb32,4,6b86b273ff34,80,0,9,2,3,8,7,4,7
33,Yes,Travel_Frequently,827,Research & Development,29,4,Medical,1,1101,1,e8cca808ae5a,54,2,2,Research Scientist,3,Single,647d52aad892,3129,1,Y,No,785f3ec7eb32,4,d4735e3a265e,80,0,14,4,3,13,7,3,8
28,No,Travel_Rarely,895,Research & Development,15,2,Life Sciences,1,1102,1,03f8c1273e3d,50,3,1,Laboratory Technician,3,Divorced,c838df5335c1,22482,1,Y,No,b17ef6d19c7a,3,4b227777d4dd,80,1,4,5,2,4,2,2,2
34,No,Travel_Frequently,618,Research & Development,3,1,Life Sciences,1,1103,1,03f8c1273e3d,45,3,2,Healthcare Representative,4,Single,c4e2e9a17e38,22266,0,Y,No,4523540f1504,3,4e07408562be,80,0,7,1,2,6,2,0,4
37,No,Travel_Rarely,309,Sales,10,4,Life Sciences,1,1105,4,e8cca808ae5a,88,2,2,Sales Executive,4,Divorced,8b0293055776,24223,2,Y,Yes,8527a891e224,3,4e07408562be,80,3,8,5,3,1,0,0,0
25,Yes,Travel_Rarely,1219,Research & Development,4,1,Technical Degree,1,1106,4,03f8c1273e3d,32,3,1,Laboratory Technician,4,Married,4978f72a379a,4605,1,Y,Yes,e629fa6598d7,3,d4735e3a265e,80,1,7,3,4,7,7,5,6
26,Yes,Travel_Rarely,1330,Research & Development,21,3,Medical,1,1107,1,03f8c1273e3d,37,3,1,Laboratory Technician,3,Divorced,1a5de96b8308,19373,1,Y,No,f5ca38f748a1,4,4e07408562be,80,1,1,0,2,1,1,0,0
33,Yes,Travel_Rarely,1017,Research & Development,25,3,Medical,1,1108,1,03f8c1273e3d,55,2,1,Research Scientist,2,Single,cb46cf928f85,2993,4,Y,Yes,f5ca38f748a1,4,d4735e3a265e,80,0,5,0,3,2,2,2,2
42,No,Travel_Rarely,469,Research & Development,2,2,Medical,1,1109,4,03f8c1273e3d,35,3,4,Manager,1,Married,04ed28ab2b2a,14399,0,Y,No,4523540f1504,3,4b227777d4dd,80,1,23,3,3,22,6,13,7
28,Yes,Travel_Frequently,1009,Research & Development,1,3,Medical,1,1111,1,03f8c1273e3d,45,2,1,Laboratory Technician,2,Divorced,dda67706bcbb,7160,1,Y,No,e629fa6598d7,3,6b86b273ff34,80,2,1,2,3,1,0,0,0
50,Yes,Travel_Frequently,959,Sales,1,4,Other,1,1113,4,03f8c1273e3d,81,3,2,Sales Executive,3,Single,e593b3235fd5,17251,3,Y,Yes,8527a891e224,3,4b227777d4dd,80,0,5,4,3,0,0,0,0
33,No,Travel_Frequently,970,Sales,7,3,Life Sciences,1,1114,4,e8cca808ae5a,30,3,2,Sales Executive,2,Married,5ce5695fc14e,13401,0,Y,No,4523540f1504,3,4e07408562be,80,1,4,3,3,3,2,0,2
34,No,Non-Travel,697,Research & Development,3,4,Life Sciences,1,1115,3,03f8c1273e3d,40,2,1,Research Scientist,4,Married,eedaf2856c6f,22478,3,Y,No,4523540f1504,3,4b227777d4dd,80,3,6,2,3,0,0,0,0
48,No,Non-Travel,1262,Research & Development,1,4,Medical,1,1116,1,03f8c1273e3d,35,4,4,Manager,4,Single,d35a6e3087a1,16154,2,Y,No,785f3ec7eb32,4,4e07408562be,80,0,27,3,2,5,4,2,1
45,No,Non-Travel,1050,Sales,9,4,Life Sciences,1,1117,2,e8cca808ae5a,65,2,2,Sales Executive,3,Married,57c5119ac46c,17970,1,Y,No,3fdba35f04dc,3,4b227777d4dd,80,1,15,2,3,15,10,4,12
52,No,Travel_Rarely,994,Research & Development,7,4,Life Sciences,1,1118,2,03f8c1273e3d,87,3,3,Healthcare Representative,2,Single,9bc7449020d4,15322,7,Y,No,9400f1b21cb5,3,4b227777d4dd,80,0,18,4,3,8,6,4,0
38,No,Travel_Rarely,770,Sales,10,4,Marketing,1,1119,3,03f8c1273e3d,73,2,3,Sales Executive,3,Divorced,627a3cc348cc,5569,0,Y,Yes,8527a891e224,3,d4735e3a265e,80,2,9,2,3,8,7,2,7
29,No,Travel_Rarely,1107,Research & Development,28,4,Life Sciences,1,1120,3,e8cca808ae5a,93,3,1,Research Scientist,4,Divorced,2d98306af4db,26968,4,Y,No,785f3ec7eb32,4,6b86b273ff34,80,1,11,1,3,7,5,1,7
28,No,Travel_Rarely,950,Research & Development,3,3,Medical,1,1121,4,e8cca808ae5a,93,3,3,Manufacturing Director,2,Divorced,df4e0207f66e,8039,0,Y,No,4523540f1504,3,d4735e3a265e,80,3,10,3,2,9,7,1,7
46,No,Travel_Rarely,406,Sales,3,1,Marketing,1,1124,1,03f8c1273e3d,52,3,4,Manager,3,Married,15acd5fc8aa2,15596,3,Y,No,6b51d431df5d,3,4b227777d4dd,80,1,23,3,3,12,9,4,9
38,No,Travel_Rarely,130,Sales,2,2,Marketing,1,1125,4,03f8c1273e3d,32,3,3,Sales Executive,2,Single,2c16a0622069,20619,7,Y,No,b17ef6d19c7a,3,4e07408562be,80,0,10,2,3,1,0,0,0
43,No,Travel_Frequently,1082,Research & Development,27,3,Life Sciences,1,1126,3,e8cca808ae5a,83,3,3,Manufacturing Director,1,Married,a09d026a2d76,11535,8,Y,No,4fc82b26aecb,3,4e07408562be,80,1,18,1,3,8,7,0,1
39,Yes,Travel_Frequently,203,Research & Development,2,3,Life Sciences,1,1127,1,03f8c1273e3d,84,3,4,Healthcare Representative,4,Divorced,ee3e2c4e1d65,13547,7,Y,No,4fc82b26aecb,3,4b227777d4dd,80,3,21,4,3,18,7,11,5
40,No,Travel_Rarely,1308,Research & Development,14,3,Medical,1,1128,3,03f8c1273e3d,44,2,5,Research Director,3,Single,16b0e04a5a83,17544,1,Y,No,8527a891e224,3,6b86b273ff34,80,0,21,2,4,20,7,4,9
21,No,Travel_Rarely,984,Research & Development,1,1,Technical Degree,1,1131,4,e8cca808ae5a,70,2,1,Research Scientist,2,Single,06c973e49be9,25326,1,Y,Yes,4fc82b26aecb,3,4e07408562be,80,0,2,6,4,2,2,2,2
39,No,Non-Travel,439,Research & Development,9,3,Life Sciences,1,1132,3,03f8c1273e3d,70,3,2,Laboratory Technician,2,Single,8303b606b12c,8770,9,Y,No,e629fa6598d7,3,4e07408562be,80,0,9,2,2,5,4,0,3
36,No,Non-Travel,217,Research & Development,18,4,Life Sciences,1,1133,1,03f8c1273e3d,78,3,2,Manufacturing Director,4,Single,f7f2a37e8616,23238,2,Y,No,f5ca38f748a1,4,6b86b273ff34,80,0,18,0,3,11,9,0,9
31,No,Travel_Frequently,793,Sales,20,3,Life Sciences,1,1135,3,03f8c1273e3d,67,4,1,Sales Representative,4,Married,6bcc05d40b17,21981,0,Y,No,6b51d431df5d,3,6b86b273ff34,80,1,3,4,3,2,2,2,2
28,No,Travel_Rarely,1451,Research & Development,2,1,Life Sciences,1,1136,1,03f8c1273e3d,67,2,1,Research Scientist,2,Married,f34b72e14fb2,19911,0,Y,No,4523540f1504,3,6b86b273ff34,80,0,6,2,1,5,3,0,4
35,No,Travel_Frequently,1182,Sales,11,2,Marketing,1,1137,4,03f8c1273e3d,54,3,2,Sales Executive,4,Divorced,914a6de7d899,18500,1,Y,No,4fc82b26aecb,3,4b227777d4dd,80,1,5,3,3,5,2,0,2
49,No,Travel_Rarely,174,Sales,8,4,Technical Degree,1,1138,4,03f8c1273e3d,56,2,4,Sales Executive,2,Married,ed7f9c05bbc9,11879,6,Y,No,4523540f1504,3,d4735e3a265e,80,1,22,3,3,9,8,2,3
34,No,Travel_Frequently,1003,Research & Development,2,2,Life Sciences,1,1140,4,03f8c1273e3d,95,3,2,Manufacturing Director,3,Single,27cc37a6a2d5,15834,2,Y,No,4fc82b26aecb,3,4b227777d4dd,80,0,5,3,2,3,2,0,2
29,No,Travel_Frequently,490,Research & Development,10,3,Life Sciences,1,1143,4,e8cca808ae5a,61,3,1,Research Scientist,2,Divorced,5c7a722d8d8f,17940,0,Y,No,8527a891e224,3,4b227777d4dd,80,2,8,2,2,7,5,1,1
42,No,Travel_Rarely,188,Research & Development,29,3,Medical,1,1148,2,03f8c1273e3d,56,1,2,Laboratory Technician,4,Single,8ca1c1cf209e,9558,4,Y,No,9400f1b21cb5,3,6b86b273ff34,80,0,16,3,3,1,0,0,0
29,No,Travel_Rarely,718,Research & Development,8,1,Medical,1,1150,2,03f8c1273e3d,79,2,2,Manufacturing Director,4,Married,fcf40aad4b47,17689,1,Y,Yes,e629fa6598d7,3,4e07408562be,80,1,10,2,2,10,7,1,2
38,No,Travel_Rarely,433,Human Resources,1,3,Human Resources,1,1152,3,03f8c1273e3d,37,4,1,Human Resources,3,Married,5bac544801aa,6004,1,Y,No,3fdba35f04dc,3,4b227777d4dd,80,1,7,2,4,7,6,5,0
28,No,Travel_Frequently,773,Research & Development,6,3,Life Sciences,1,1154,3,03f8c1273e3d,39,2,1,Research Scientist,3,Divorced,f038ba9c0704,22088,1,Y,Yes,8527a891e224,3,4b227777d4dd,80,1,3,2,3,3,1,0,2
18,Yes,Non-Travel,247,Research & Development,8,1,Medical,1,1156,3,03f8c1273e3d,80,3,1,Laboratory Technician,3,Single,90bbc9533a02,13556,1,Y,No,6b51d431df5d,3,4b227777d4dd,80,0,0,0,3,0,0,0,0
33,Yes,Travel_Rarely,603,Sales,9,4,Marketing,1,1157,1,e8cca808ae5a,77,3,2,Sales Executive,1,Single,2e99a1f37adb,18385,0,Y,Yes,4523540f1504,3,6b86b273ff34,80,0,6,3,3,5,2,0,3
41,No,Travel_Rarely,167,Research & Development,12,4,Life Sciences,1,1158,2,03f8c1273e3d,46,3,1,Laboratory Technician,4,Married,cf51156a5dc0,9051,3,Y,Yes,4fc82b26aecb,3,6b86b273ff34,80,1,6,4,3,1,0,0,0
31,Yes,Travel_Frequently,874,Research & Development,15,3,Medical,1,1160,3,03f8c1273e3d,72,3,1,Laboratory Technician,3,Married,9d45a4710a9a,6233,1,Y,No,6b51d431df5d,3,4e07408562be,80,1,2,5,2,2,2,2,2
37,No,Travel_Rarely,367,Research & Development,25,2,Medical,1,1161,3,e8cca808ae5a,52,2,2,Healthcare Representative,4,Divorced,4fe3714b9736,17171,7,Y,No,3fdba35f04dc,3,4e07408562be,80,2,9,2,3,6,2,1,3
27,No,Travel_Rarely,199,Research & Development,6,3,Life Sciences,1,1162,4,03f8c1273e3d,55,2,1,Research Scientist,3,Married,9f2ca3ad3165,7950,1,Y,No,3fdba35f04dc,3,4e07408562be,80,1,4,0,3,4,2,2,2
34,No,Travel_Rarely,1400,Sales,9,1,Life Sciences,1,1163,2,e8cca808ae5a,70,3,2,Sales Executive,3,Married,e0698009ae49,5829,1,Y,No,f5ca38f748a1,4,6b86b273ff34,80,0,6,3,2,6,5,1,3
35,No,Travel_Rarely,528,Human Resources,8,4,Technical Degree,1,1164,3,03f8c1273e3d,100,3,1,Human Resources,3,Single,cfef26c8661f,7108,1,Y,No,4523540f1504,3,d4735e3a265e,80,0,6,2,1,5,4,1,4
29,Yes,Travel_Rarely,408,Sales,23,1,Life Sciences,1,1165,4,e8cca808ae5a,45,2,3,Sales Executive,1,Married,63dfb10d2ca8,11162,1,Y,No,3fdba35f04dc,3,6b86b273ff34,80,1,11,3,1,11,8,3,10
40,No,Travel_Frequently,593,Research & Development,9,4,Medical,1,1166,2,e8cca808ae5a,88,3,3,Research Director,3,Single,23c8e3a71e03,13782,9,Y,No,4523540f1504,3,4e07408562be,80,0,20,3,2,18,7,2,13
42,Yes,Travel_Frequently,481,Sales,12,3,Life Sciences,1,1167,3,03f8c1273e3d,44,3,4,Sales Executive,1,Single,ecdaecedbd12,2447,0,Y,Yes,6b51d431df5d,3,d4735e3a265e,80,0,22,2,2,21,9,13,14
42,No,Travel_Rarely,647,Sales,4,4,Marketing,1,1171,2,03f8c1273e3d,45,3,2,Sales Executive,1,Single,5a8571752ba7,2253,7,Y,No,3fdba35f04dc,3,4b227777d4dd,80,0,9,3,4,6,4,1,5
35,No,Travel_Rarely,982,Research & Development,1,4,Medical,1,1172,4,03f8c1273e3d,58,2,1,Laboratory Technician,3,Married,ea215720034a,16340,6,Y,No,6b51d431df5d,3,d4735e3a265e,80,1,10,2,3,8,0,1,7
24,No,Travel_Rarely,477,Research & Development,24,3,Medical,1,1173,4,03f8c1273e3d,49,3,1,Laboratory Technician,2,Single,bef1552cfd69,6409,8,Y,No,785f3ec7eb32,4,4b227777d4dd,80,0,6,2,3,4,3,1,2
28,Yes,Travel_Rarely,1485,Research & Development,12,1,Life Sciences,1,1175,3,e8cca808ae5a,79,3,1,Laboratory Technician,4,Married,81e3115919b4,22955,1,Y,Yes,4fc82b26aecb,3,4b227777d4dd,80,0,1,4,2,1,1,0,0
26,No,Travel_Rarely,1384,Research & Development,3,4,Medical,1,1177,1,03f8c1273e3d,82,4,1,Laboratory Technician,4,Married,594333a314f6,13421,1,Y,No,785f3ec7eb32,4,d4735e3a265e,80,1,8,2,3,8,7,0,7
30,No,Travel_Rarely,852,Sales,10,3,Marketing,1,1179,3,03f8c1273e3d,72,2,2,Sales Executive,3,Married,660c4a65afff,2706,1,Y,No,4ec9599fc203,3,6b86b273ff34,80,1,10,3,3,10,3,1,4
40,No,Travel_Frequently,902,Research & Development,26,2,Medical,1,1180,3,e8cca808ae5a,92,2,2,Research Scientist,4,Married,dc99de4709eb,21203,3,Y,Yes,3fdba35f04dc,3,4b227777d4dd,80,1,16,3,1,1,1,0,0
35,No,Travel_Rarely,819,Research & Development,2,3,Life Sciences,1,1182,3,03f8c1273e3d,44,2,3,Manufacturing Director,2,Divorced,0353b5ce8cb2,19588,2,Y,No,4ec9599fc203,3,d4735e3a265e,80,1,15,2,4,7,7,6,4
34,No,Travel_Frequently,669,Research & Development,1,3,Medical,1,1184,4,03f8c1273e3d,97,2,2,Healthcare Representative,1,Single,d9a108ca35d8,25755,0,Y,No,f5ca38f748a1,4,4e07408562be,80,0,14,3,3,13,9,4,9
35,No,Travel_Frequently,636,Research & Development,4,4,Other,1,1185,4,03f8c1273e3d,47,2,1,Laboratory Technician,4,Married,c181bc1cc850,26537,1,Y,No,3fdba35f04dc,3,d4735e3a265e,80,1,2,2,4,2,2,2,2
43,Yes,Travel_Rarely,1372,Sales,9,3,Marketing,1,1188,1,e8cca808ae5a,85,1,2,Sales Executive,3,Single,bfbbc7d8940c,9489,8,Y,No,3fdba35f04dc,3,d4735e3a265e,80,0,7,2,2,4,3,1,3
32,No,Non-Travel,862,Sales,2,1,Life Sciences,1,1190,3,e8cca808ae5a,76,3,1,Sales Representative,1,Divorced,5395e1ae8455,14947,1,Y,No,6b51d431df5d,3,4e07408562be,80,3,1,3,3,1,0,0,0
56,No,Travel_Rarely,718,Research & Development,4,4,Technical Degree,1,1191,4,e8cca808ae5a,92,3,5,Manager,1,Divorced,fcaa9748e3cb,18575,4,Y,No,3fdba35f04dc,3,4b227777d4dd,80,1,28,2,3,5,2,4,2
29,No,Travel_Rarely,1401,Research & Development,6,1,Medical,1,1192,2,e8cca808ae5a,54,3,1,Laboratory Technician,4,Married,656d5be9b843,26342,1,Y,No,3fdba35f04dc,3,6b86b273ff34,80,1,10,5,3,10,8,0,8
19,No,Travel_Rarely,645,Research & Development,9,2,Life Sciences,1,1193,3,03f8c1273e3d,54,3,1,Research Scientist,1,Single,beda66e7862b,7172,1,Y,No,b7a56873cd77,4,4e07408562be,80,0,1,4,3,1,1,0,0
45,No,Travel_Rarely,1457,Research & Development,7,3,Medical,1,1195,1,e8cca808ae5a,83,3,1,Research Scientist,3,Married,6da3125ed2a5,20100,4,Y,Yes,9400f1b21cb5,3,4e07408562be,80,1,7,2,2,3,2,0,2
37,No,Travel_Rarely,977,Research & Development,1,3,Life Sciences,1,1196,4,e8cca808ae5a,56,2,2,Manufacturing Director,4,Married,78434abcbc10,9961,1,Y,No,3fdba35f04dc,3,d4735e3a265e,80,1,14,2,2,14,8,3,11
20,No,Travel_Rarely,805,Research & Development,3,3,Life Sciences,1,1198,1,03f8c1273e3d,87,2,1,Laboratory Technician,3,Single,ea52aa5790c1,12828,1,Y,No,6b51d431df5d,3,6b86b273ff34,80,0,2,2,2,2,2,1,2
44,Yes,Travel_Rarely,1097,Research & Development,10,4,Life Sciences,1,1200,3,03f8c1273e3d,96,3,1,Research Scientist,3,Single,a93706e865c2,10826,1,Y,Yes,4fc82b26aecb,3,4e07408562be,80,0,6,4,3,6,4,0,2
53,No,Travel_Rarely,1223,Research & Development,7,2,Medical,1,1201,4,e8cca808ae5a,50,3,5,Manager,3,Divorced,445fe50910df,18640,3,Y,No,4ec9599fc203,3,d4735e3a265e,80,1,26,6,3,7,7,4,7
29,No,Travel_Rarely,942,Research & Development,15,1,Life Sciences,1,1202,2,e8cca808ae5a,69,1,1,Research Scientist,4,Married,59933d776452,26933,0,Y,Yes,4ec9599fc203,3,6b86b273ff34,80,1,6,2,2,5,4,1,3
22,Yes,Travel_Frequently,1256,Research & Development,3,4,Life Sciences,1,1203,3,03f8c1273e3d,48,2,1,Research Scientist,4,Married,7c9b3e0182d1,4223,0,Y,Yes,4fc82b26aecb,3,d4735e3a265e,80,1,1,5,3,0,0,0,0
46,No,Travel_Rarely,1402,Sales,2,3,Marketing,1,1204,3,e8cca808ae5a,69,3,4,Manager,1,Married,2149a48b1870,24097,8,Y,No,535fa30d7e25,4,6b86b273ff34,80,0,28,2,3,26,15,15,9
44,No,Non-Travel,111,Research & Development,17,3,Life Sciences,1,1206,4,03f8c1273e3d,74,1,1,Research Scientist,3,Single,808c9cfebd38,4279,2,Y,No,3fdba35f04dc,3,4b227777d4dd,80,0,6,3,3,0,0,0,0
33,No,Travel_Rarely,147,Human Resources,2,3,Human Resources,1,1207,2,03f8c1273e3d,99,3,1,Human Resources,3,Married,8b34042b7a96,8429,1,Y,No,3fdba35f04dc,3,4b227777d4dd,80,1,5,2,3,5,4,1,4
41,Yes,Non-Travel,906,Research & Development,5,2,Life Sciences,1,1210,1,03f8c1273e3d,95,2,1,Research Scientist,1,Divorced,74e709109498,20293,6,Y,No,4523540f1504,3,6b86b273ff34,80,1,5,2,1,1,0,0,0
30,No,Travel_Rarely,1329,Sales,29,4,Life Sciences,1,1211,3,03f8c1273e3d,61,3,2,Sales Executive,1,Divorced,481d60bc802f,13192,8,Y,No,9400f1b21cb5,3,4e07408562be,80,3,8,3,3,4,3,0,3
40,No,Travel_Frequently,1184,Sales,2,4,Medical,1,1212,2,03f8c1273e3d,62,3,2,Sales Executive,2,Married,4babc876be86,25440,5,Y,No,6b51d431df5d,3,4b227777d4dd,80,3,5,2,3,0,0,0,0
50,No,Travel_Frequently,1421,Research & Development,2,3,Medical,1,1215,4,e8cca808ae5a,30,3,4,Manager,1,Married,2de9233924dc,9490,2,Y,No,785f3ec7eb32,4,4e07408562be,80,1,32,3,3,2,2,2,2
28,No,Travel_Rarely,1179,Research & Development,19,4,Medical,1,1216,4,03f8c1273e3d,78,2,1,Laboratory Technician,1,Married,6b4dd2d449aa,12449,1,Y,No,6b51d431df5d,3,4e07408562be,80,3,6,2,3,6,5,3,3
46,No,Travel_Rarely,1450,Research & Development,15,2,Life Sciences,1,1217,4,03f8c1273e3d,52,3,5,Research Director,2,Married,604410d157b0,10849,5,Y,No,4fc82b26aecb,3,6b86b273ff34,80,1,25,2,3,4,2,0,3
35,No,Travel_Rarely,1361,Sales,17,4,Life Sciences,1,1218,3,03f8c1273e3d,94,3,2,Sales Executive,1,Married,d9eac2f7abef,21026,3,Y,Yes,e629fa6598d7,3,4b227777d4dd,80,3,15,2,3,7,7,1,7
24,Yes,Travel_Rarely,984,Research & Development,17,2,Life Sciences,1,1219,4,e8cca808ae5a,97,3,1,Laboratory Technician,2,Married,4321a844ee76,3372,1,Y,No,3fdba35f04dc,3,6b86b273ff34,80,1,1,3,1,1,0,0,0
33,No,Travel_Frequently,1146,Sales,25,3,Medical,1,1220,2,e8cca808ae5a,82,3,2,Sales Executive,3,Married,012b946b1029,4905,1,Y,No,6b51d431df5d,3,6b86b273ff34,80,1,10,3,2,10,7,0,1
36,No,Travel_Rarely,917,Research & Development,6,4,Life Sciences,1,1221,3,03f8c1273e3d,60,1,1,Laboratory Technician,3,Divorced,6dba77308243,6865,1,Y,No,8527a891e224,3,4e07408562be,80,1,7,4,3,7,7,1,7
30,No,Travel_Rarely,853,Research & Development,7,4,Life Sciences,1,1224,3,03f8c1273e3d,49,3,2,Laboratory Technician,3,Divorced,625bcac215cf,11309,1,Y,No,3fdba35f04dc,3,6b86b273ff34,80,3,10,4,2,10,7,8,9
44,No,Travel_Rarely,200,Research & Development,29,4,Other,1,1225,4,03f8c1273e3d,32,3,2,Research Scientist,4,Single,00f7f5c26f42,7744,1,Y,No,b7a56873cd77,4,d4735e3a265e,80,0,20,3,3,20,11,13,17
20,No,Travel_Rarely,654,Sales,21,3,Marketing,1,1226,3,03f8c1273e3d,43,4,1,Sales Representative,4,Single,f0687ba079b3,5050,1,Y,No,4523540f1504,3,4b227777d4dd,80,0,2,2,3,2,1,2,2
46,No,Travel_Rarely,150,Research & Development,2,4,Technical Degree,1,1228,4,03f8c1273e3d,60,3,2,Manufacturing Director,4,Divorced,ef80e37bb1d4,17433,2,Y,No,4fc82b26aecb,3,4e07408562be,80,1,12,3,2,6,3,1,4
42,No,Non-Travel,179,Human Resources,2,5,Medical,1,1231,4,03f8c1273e3d,79,4,2,Human Resources,1,Married,4dcd556f7a07,12858,7,Y,No,b17ef6d19c7a,3,6b86b273ff34,80,1,10,3,4,4,3,0,3
60,No,Travel_Rarely,696,Sales,7,4,Marketing,1,1233,2,03f8c1273e3d,52,4,2,Sales Executive,4,Divorced,083f509d5f1c,10893,0,Y,Yes,4ec9599fc203,3,d4735e3a265e,80,1,12,3,3,11,7,1,9
32,No,Travel_Frequently,116,Research & Development,13,3,Other,1,1234,3,e8cca808ae5a,77,2,1,Laboratory Technician,2,Married,4d5f60d62b85,7331,1,Y,No,f5ca38f748a1,4,4e07408562be,80,1,2,2,3,2,2,2,2
32,No,Travel_Frequently,1316,Research & Development,2,2,Life Sciences,1,1235,4,e8cca808ae5a,38,3,2,Research Scientist,3,Single,f3907a096c7c,2338,4,Y,Yes,8527a891e224,3,4b227777d4dd,80,0,10,2,3,8,7,0,7
36,No,Travel_Rarely,363,Research & Development,1,3,Technical Degree,1,1237,3,e8cca808ae5a,77,1,3,Manufacturing Director,1,Divorced,b6ddaf9562ee,4235,2,Y,Yes,6f4b6612125f,4,4e07408562be,80,1,17,2,3,7,7,7,7
33,No,Travel_Rarely,117,Research & Development,9,3,Medical,1,1238,1,03f8c1273e3d,60,3,1,Research Scientist,4,Married,2668b2960fc6,6311,0,Y,No,3fdba35f04dc,3,d4735e3a265e,80,1,15,5,3,14,10,4,10
40,No,Travel_Rarely,107,Sales,10,3,Technical Degree,1,1239,2,e8cca808ae5a,84,2,2,Sales Executive,2,Divorced,3fcda963bdda,11591,7,Y,No,6b51d431df5d,3,d4735e3a265e,80,1,7,2,4,5,1,1,3
25,No,Travel_Rarely,1356,Sales,10,4,Life Sciences,1,1240,3,03f8c1273e3d,57,3,2,Sales Executive,4,Single,44864c96fa1c,20623,0,Y,No,8527a891e224,3,d4735e3a265e,80,0,5,4,3,4,3,1,1
30,No,Travel_Rarely,1465,Research & Development,1,3,Medical,1,1241,4,03f8c1273e3d,63,3,1,Research Scientist,2,Married,cc49091e6a3f,9369,0,Y,Yes,6f4b6612125f,4,6b86b273ff34,80,1,12,2,3,11,9,5,7
42,No,Travel_Frequently,458,Research & Development,26,5,Medical,1,1242,1,e8cca808ae5a,60,3,3,Research Director,1,Married,3cee1cb9c320,23281,3,Y,Yes,4523540f1504,3,4e07408562be,80,0,20,6,3,1,0,0,0
35,No,Non-Travel,1212,Sales,8,2,Marketing,1,1243,3,e8cca808ae5a,78,2,3,Sales Executive,4,Married,19ff64bd9bf3,13755,4,Y,Yes,4fc82b26aecb,3,d4735e3a265e,80,1,16,6,2,13,2,4,12
27,No,Travel_Rarely,1103,Research & Development,14,3,Life Sciences,1,1244,1,03f8c1273e3d,42,3,1,Research Scientist,1,Married,b60300641c36,14377,1,Y,Yes,8527a891e224,3,4b227777d4dd,80,2,9,3,2,9,7,6,8
54,No,Travel_Frequently,966,Research & Development,1,4,Life Sciences,1,1245,4,e8cca808ae5a,53,3,3,Manufacturing Director,3,Divorced,ebad919801eb,9659,7,Y,No,4523540f1504,3,6b86b273ff34,80,1,33,2,1,5,4,1,4
44,No,Travel_Rarely,1117,Research & Development,2,1,Life Sciences,1,1246,1,e8cca808ae5a,72,4,1,Research Scientist,4,Married,72d1b5da6eea,19982,1,Y,No,3fdba35f04dc,3,4b227777d4dd,80,1,10,5,3,10,5,7,7
19,Yes,Non-Travel,504,Research & Development,10,3,Medical,1,1248,1,e8cca808ae5a,96,2,1,Research Scientist,2,Single,40e485376e18,6148,1,Y,Yes,b7a56873cd77,4,d4735e3a265e,80,0,1,2,4,1,1,0,0
29,No,Travel_Rarely,1010,Research & Development,1,3,Life Sciences,1,1249,1,e8cca808ae5a,97,3,1,Research Scientist,4,Divorced,432d5fe6d67c,5598,1,Y,No,e629fa6598d7,3,6b86b273ff34,80,3,3,5,3,3,2,1,2
54,No,Travel_Rarely,685,Research & Development,3,3,Life Sciences,1,1250,4,03f8c1273e3d,85,3,4,Research Director,4,Married,269ff40c2129,23474,3,Y,No,8527a891e224,3,6b86b273ff34,80,0,36,2,3,10,9,0,9
31,No,Travel_Rarely,1332,Research & Development,11,2,Medical,1,1251,3,03f8c1273e3d,80,3,2,Healthcare Representative,1,Married,93edf7f031bf,17089,1,Y,Yes,6b51d431df5d,3,4b227777d4dd,80,0,6,2,2,6,5,0,1
31,No,Travel_Rarely,1062,Research & Development,24,3,Medical,1,1252,3,e8cca808ae5a,96,2,2,Healthcare Representative,1,Single,7536db66480f,17198,1,Y,No,9400f1b21cb5,3,d4735e3a265e,80,0,10,2,3,10,9,1,8
59,No,Travel_Rarely,326,Sales,3,3,Life Sciences,1,1254,3,e8cca808ae5a,48,2,2,Sales Executive,4,Single,8c2fa65f4b95,16490,5,Y,No,4523540f1504,3,4b227777d4dd,80,0,13,2,3,6,1,0,5
43,No,Travel_Rarely,920,Research & Development,3,3,Life Sciences,1,1255,3,03f8c1273e3d,96,1,5,Research Director,4,Married,c84d32080086,18625,3,Y,No,8527a891e224,3,d4735e3a265e,80,1,25,2,3,8,7,0,7
49,No,Travel_Rarely,1098,Research & Development,4,2,Medical,1,1256,1,03f8c1273e3d,85,2,5,Manager,3,Married,cf6685400b75,12124,2,Y,No,3fdba35f04dc,3,4e07408562be,80,1,23,2,4,1,0,0,0
36,No,Travel_Frequently,469,Research & Development,3,3,Technical Degree,1,1257,3,03f8c1273e3d,46,3,1,Research Scientist,2,Married,0670783b46c5,9256,1,Y,No,6b51d431df5d,3,4e07408562be,80,0,12,2,2,11,10,0,7
48,No,Travel_Rarely,969,Research & Development,2,2,Technical Degree,1,1258,4,03f8c1273e3d,76,4,1,Laboratory Technician,2,Single,ecc4ba55675b,16620,5,Y,No,4fc82b26aecb,3,4e07408562be,80,0,7,4,2,1,0,0,0
27,No,Travel_Rarely,1167,Research & Development,4,2,Life Sciences,1,1259,1,03f8c1273e3d,76,3,1,Research Scientist,3,Divorced,c3114e3f771d,3208,1,Y,No,4fc82b26aecb,3,d4735e3a265e,80,3,5,2,3,5,3,0,3
29,No,Travel_Rarely,1329,Research & Development,7,3,Life Sciences,1,1260,3,03f8c1273e3d,82,3,2,Healthcare Representative,4,Divorced,04ccbbfcc420,4204,1,Y,Yes,4fc82b26aecb,3,d4735e3a265e,80,2,6,2,3,6,0,1,0
48,No,Travel_Rarely,715,Research & Development,1,3,Life Sciences,1,1263,4,03f8c1273e3d,76,2,5,Research Director,4,Single,8ab3afab58a8,8733,6,Y,No,6b51d431df5d,3,4e07408562be,80,0,25,3,4,1,0,0,0
29,No,Travel_Rarely,694,Research & Development,1,3,Life Sciences,1,1264,4,e8cca808ae5a,87,2,4,Research Director,4,Divorced,1431d8fee5aa,3423,3,Y,No,8527a891e224,3,d4735e3a265e,80,2,9,2,2,7,7,1,7
34,No,Travel_Rarely,1320,Research & Development,20,3,Technical Degree,1,1265,3,e8cca808ae5a,89,4,1,Research Scientist,3,Married,385ad5955fc2,21643,0,Y,No,4523540f1504,3,4b227777d4dd,80,0,2,5,2,1,0,0,0
44,No,Travel_Rarely,1099,Sales,5,3,Marketing,1,1267,2,03f8c1273e3d,88,3,5,Manager,2,Married,1302e6b526ab,8751,7,Y,No,4fc82b26aecb,3,4e07408562be,80,1,26,5,3,22,9,3,10
33,No,Travel_Rarely,536,Sales,10,5,Marketing,1,1268,4,03f8c1273e3d,82,4,3,Sales Executive,3,Divorced,fe44376f5c09,21708,0,Y,Yes,8527a891e224,3,4b227777d4dd,80,2,10,3,3,9,8,0,8
19,No,Travel_Rarely,265,Research & Development,25,3,Life Sciences,1,1269,2,e8cca808ae5a,57,4,1,Research Scientist,4,Single,fdb99f39ebd2,21221,1,Y,Yes,6b51d431df5d,3,4b227777d4dd,80,0,1,2,3,1,0,0,1
23,No,Travel_Rarely,373,Research & Development,1,2,Life Sciences,1,1270,4,03f8c1273e3d,47,3,1,Research Scientist,3,Married,fa3cfb3f1bb8,16901,1,Y,No,785f3ec7eb32,4,4b227777d4dd,80,1,1,2,3,1,0,0,1
25,Yes,Travel_Frequently,599,Sales,24,1,Life Sciences,1,1273,3,03f8c1273e3d,73,1,1,Sales Representative,4,Single,63ecbfa3a1ad,8040,1,Y,Yes,8527a891e224,3,4b227777d4dd,80,0,1,4,3,1,0,1,0
26,No,Travel_Rarely,583,Research & Development,4,2,Life Sciences,1,1275,3,03f8c1273e3d,53,3,1,Research Scientist,4,Single,7dcca41d83db,9973,1,Y,Yes,f5ca38f748a1,4,d4735e3a265e,80,0,8,2,2,8,5,2,2
45,Yes,Travel_Rarely,1449,Sales,2,3,Marketing,1,1277,1,e8cca808ae5a,94,1,5,Manager,2,Single,7b9f861ce137,2493,2,Y,Yes,b17ef6d19c7a,3,6b86b273ff34,80,0,26,2,3,24,10,1,11
55,No,Non-Travel,177,Research & Development,8,1,Medical,1,1278,4,03f8c1273e3d,37,2,4,Healthcare Representative,2,Divorced,b11c82628048,25592,1,Y,Yes,e629fa6598d7,3,4b227777d4dd,80,1,34,3,3,33,9,15,0
21,Yes,Travel_Frequently,251,Research & Development,10,2,Life Sciences,1,1279,1,e8cca808ae5a,45,2,1,Laboratory Technician,3,Single,63727ee4cff3,25308,1,Y,No,f5ca38f748a1,4,4e07408562be,80,0,2,2,1,2,2,2,2
46,No,Travel_Rarely,168,Sales,4,2,Marketing,1,1280,4,e8cca808ae5a,33,2,5,Manager,2,Married,361f035d2900,9946,2,Y,No,8527a891e224,3,4e07408562be,80,1,26,2,3,11,4,0,8
34,No,Travel_Rarely,131,Sales,2,3,Marketing,1,1281,3,e8cca808ae5a,86,3,2,Sales Executive,1,Single,888686c56da0,6039,0,Y,Yes,6b51d431df5d,3,4b227777d4dd,80,0,4,3,3,3,2,0,2
51,No,Travel_Frequently,237,Sales,9,3,Life Sciences,1,1282,4,03f8c1273e3d,83,3,5,Manager,2,Divorced,1ce46c4a4002,19196,4,Y,Yes,c2356069e9d1,4,6b86b273ff34,80,1,31,5,2,29,10,11,10
59,No,Travel_Rarely,1429,Research & Development,18,4,Medical,1,1283,4,03f8c1273e3d,67,3,3,Manufacturing Director,4,Single,8cc51f5a7376,20002,6,Y,No,6b51d431df5d,3,4b227777d4dd,80,0,25,6,2,9,7,5,4
34,No,Travel_Frequently,135,Research & Development,19,3,Medical,1,1285,3,e8cca808ae5a,46,3,2,Laboratory Technician,2,Divorced,79f06f8fde33,22534,4,Y,No,3fdba35f04dc,3,4e07408562be,80,2,15,2,4,11,8,5,10
28,No,Travel_Frequently,791,Research & Development,1,4,Medical,1,1286,4,03f8c1273e3d,44,3,1,Laboratory Technician,3,Single,9e3b6232cb7b,6842,0,Y,Yes,4fc82b26aecb,3,4e07408562be,80,0,5,2,2,4,2,0,2
44,No,Travel_Rarely,1199,Research & Development,4,2,Life Sciences,1,1288,3,03f8c1273e3d,92,4,5,Manager,1,Divorced,59e29443e992,17477,1,Y,No,8527a891e224,3,4b227777d4dd,80,2,26,4,2,25,9,14,13
34,No,Travel_Frequently,648,Human Resources,11,3,Life Sciences,1,1289,3,03f8c1273e3d,56,2,2,Human Resources,2,Married,44489ca1033a,21833,4,Y,No,4fc82b26aecb,3,4b227777d4dd,80,2,14,5,4,10,9,1,8
35,No,Travel_Rarely,735,Research & Development,6,1,Life Sciences,1,1291,3,03f8c1273e3d,66,3,1,Research Scientist,3,Married,02ec6cded188,6020,0,Y,Yes,8527a891e224,3,4b227777d4dd,80,0,4,3,3,3,2,2,2
42,No,Travel_Rarely,603,Research & Development,7,4,Medical,1,1292,2,e8cca808ae5a,78,4,2,Research Scientist,2,Married,eb3d9dac4607,5628,6,Y,Yes,b17ef6d19c7a,3,4b227777d4dd,80,0,18,2,3,1,0,0,0
43,No,Travel_Rarely,531,Sales,4,4,Marketing,1,1293,4,e8cca808ae5a,56,2,3,Sales Executive,4,Single,51f4699a9135,20364,3,Y,No,8527a891e224,3,4b227777d4dd,80,0,23,3,4,21,7,15,17
36,No,Travel_Rarely,429,Research & Development,2,4,Life Sciences,1,1294,3,e8cca808ae5a,53,3,2,Manufacturing Director,2,Single,9d95bba70236,2323,9,Y,Yes,4fc82b26aecb,3,4b227777d4dd,80,0,18,2,3,16,14,5,12
44,Yes,Travel_Rarely,621,Research & Development,15,3,Medical,1,1295,1,e8cca808ae5a,73,3,3,Healthcare Representative,4,Married,98b29bed8086,14075,1,Y,No,4fc82b26aecb,3,4b227777d4dd,80,1,10,2,3,10,7,0,5
28,No,Travel_Frequently,193,Research & Development,2,3,Life Sciences,1,1296,4,03f8c1273e3d,52,2,1,Laboratory Technician,4,Married,01ba9d7ab511,14222,1,Y,Yes,6b51d431df5d,3,d4735e3a265e,80,1,2,2,3,2,2,2,2
51,No,Travel_Frequently,968,Research & Development,6,2,Medical,1,1297,2,e8cca808ae5a,40,2,1,Laboratory Technician,3,Single,344ddf4c03d6,4257,0,Y,No,8527a891e224,3,d4735e3a265e,80,0,8,6,2,7,0,7,7
30,No,Non-Travel,879,Research & Development,9,2,Medical,1,1298,3,e8cca808ae5a,72,3,2,Manufacturing Director,3,Single,8b29757eee97,12858,7,Y,Yes,4ec9599fc203,3,4e07408562be,80,0,10,3,3,8,4,1,7
29,Yes,Travel_Rarely,806,Research & Development,7,3,Technical Degree,1,1299,2,e8cca808ae5a,39,3,1,Laboratory Technician,3,Divorced,4cf84afda7c7,17285,3,Y,Yes,3fdba35f04dc,3,6b86b273ff34,80,2,10,2,3,7,7,7,7
28,No,Travel_Rarely,640,Research & Development,1,3,Technical Degree,1,1301,4,03f8c1273e3d,84,3,1,Research Scientist,1,Single,4e49800fbc3c,4732,2,Y,No,4fc82b26aecb,3,d4735e3a265e,80,0,5,2,2,3,2,1,2
25,No,Travel_Rarely,266,Research & Development,1,3,Medical,1,1303,4,e8cca808ae5a,40,3,1,Research Scientist,2,Single,b72653265c6b,18830,1,Y,No,4ec9599fc203,3,4b227777d4dd,80,0,2,3,2,2,2,2,1
32,No,Travel_Rarely,604,Sales,8,3,Medical,1,1304,3,03f8c1273e3d,56,4,2,Sales Executive,4,Married,ecd0ea4e7758,11693,1,Y,No,e629fa6598d7,3,4e07408562be,80,2,10,4,4,10,7,0,8
45,No,Travel_Frequently,364,Research & Development,25,3,Medical,1,1306,2,e8cca808ae5a,83,3,5,Manager,2,Single,9c81f5e84fd8,13035,3,Y,No,785f3ec7eb32,4,4e07408562be,80,0,22,4,3,0,0,0,0
39,No,Travel_Rarely,412,Research & Development,13,4,Medical,1,1307,3,e8cca808ae5a,94,2,4,Manager,2,Divorced,fdef70125673,17334,6,Y,Yes,3fdba35f04dc,3,4b227777d4dd,80,2,21,4,3,19,9,15,2
58,No,Travel_Rarely,848,Research & Development,23,4,Life Sciences,1,1308,1,03f8c1273e3d,88,3,1,Research Scientist,3,Divorced,eb3d9dac4607,26076,1,Y,No,6b51d431df5d,3,4b227777d4dd,80,2,2,3,3,2,2,2,2
32,Yes,Travel_Rarely,1089,Research & Development,7,2,Life Sciences,1,1309,4,03f8c1273e3d,79,3,2,Laboratory Technician,3,Married,c7d0562cd4f6,22845,1,Y,No,4ec9599fc203,3,6b86b273ff34,80,1,10,3,3,10,4,1,1
39,Yes,Travel_Rarely,360,Research & Development,23,3,Medical,1,1310,3,03f8c1273e3d,93,3,1,Research Scientist,1,Single,b281e0d9a459,22154,0,Y,No,3fdba35f04dc,3,6b86b273ff34,80,0,6,2,3,5,2,0,3
30,No,Travel_Rarely,1138,Research & Development,6,3,Technical Degree,1,1311,1,e8cca808ae5a,48,2,2,Laboratory Technician,4,Married,7323374915f1,23631,0,Y,No,6b51d431df5d,3,6b86b273ff34,80,1,10,6,3,9,2,6,7
36,No,Travel_Rarely,325,Research & Development,10,4,Technical Degree,1,1312,4,e8cca808ae5a,63,3,3,Healthcare Representative,3,Married,3d952e5622e6,5747,3,Y,No,6b51d431df5d,3,6b86b273ff34,80,0,10,0,3,7,7,1,7
46,No,Travel_Rarely,991,Human Resources,1,2,Life Sciences,1,1314,4,e8cca808ae5a,44,3,1,Human Resources,1,Single,7312fa1be2ea,22957,6,Y,No,6b51d431df5d,3,4e07408562be,80,0,10,3,4,7,6,5,7
28,No,Non-Travel,1476,Research & Development,1,3,Life Sciences,1,1315,3,e8cca808ae5a,55,1,2,Laboratory Technician,4,Married,8a541e403b7f,16392,0,Y,No,4fc82b26aecb,3,6b86b273ff34,80,3,10,6,3,9,8,7,5
50,No,Travel_Rarely,1322,Research & Development,28,3,Life Sciences,1,1317,4,e8cca808ae5a,43,3,4,Research Director,1,Married,cca9b44908ff,22422,4,Y,Yes,4fc82b26aecb,3,d4735e3a265e,80,0,25,2,3,3,2,1,2
40,Yes,Travel_Rarely,299,Sales,25,4,Marketing,1,1318,4,03f8c1273e3d,57,2,3,Sales Executive,2,Single,56a70082d635,17235,2,Y,Yes,6b51d431df5d,3,4e07408562be,80,0,9,2,3,5,4,1,0
52,Yes,Travel_Rarely,1030,Sales,5,3,Life Sciences,1,1319,2,03f8c1273e3d,64,3,3,Sales Executive,2,Single,dbbcd3ff0292,21534,9,Y,Yes,9400f1b21cb5,3,4e07408562be,80,0,10,2,2,8,7,7,7
30,No,Travel_Rarely,634,Research & Development,17,4,Medical,1,1321,2,e8cca808ae5a,95,3,3,Manager,1,Married,73d2d5938ef4,25927,1,Y,Yes,535fa30d7e25,4,4b227777d4dd,80,2,9,2,3,9,1,0,8
39,No,Travel_Rarely,524,Research & Development,18,2,Life Sciences,1,1322,1,03f8c1273e3d,32,3,2,Manufacturing Director,3,Single,1edbf99ceb74,13352,0,Y,No,4fc82b26aecb,3,6b86b273ff34,80,0,9,6,3,8,7,1,7
31,No,Non-Travel,587,Sales,2,4,Life Sciences,1,1324,4,e8cca808ae5a,57,3,3,Sales Executive,3,Divorced,a33686b000cb,8935,1,Y,Yes,9400f1b21cb5,3,6b86b273ff34,80,1,10,5,2,10,8,9,6
41,No,Non-Travel,256,Sales,10,2,Medical,1,1329,3,03f8c1273e3d,40,1,2,Sales Executive,2,Single,0a6ac7af764d,22074,1,Y,No,3fdba35f04dc,3,6b86b273ff34,80,0,19,4,3,19,2,11,9
31,Yes,Travel_Frequently,1060,Sales,1,3,Life Sciences,1,1331,4,e8cca808ae5a,54,3,1,Sales Representative,2,Single,594686bcfe8a,8319,1,Y,Yes,4fc82b26aecb,3,6b86b273ff34,80,0,3,2,4,3,2,2,2
44,Yes,Travel_Rarely,935,Research & Development,3,3,Life Sciences,1,1333,1,03f8c1273e3d,89,3,1,Laboratory Technician,1,Married,9bf42f4b66fe,14669,4,Y,No,6b51d431df5d,3,4e07408562be,80,0,10,4,4,3,2,1,2
42,No,Non-Travel,495,Research & Development,2,1,Life Sciences,1,1334,3,03f8c1273e3d,37,3,4,Manager,3,Married,e802b5ad6d7c,26582,0,Y,Yes,3fdba35f04dc,3,4b227777d4dd,80,0,21,3,2,20,8,2,10
55,No,Travel_Rarely,282,Research & Development,2,2,Medical,1,1336,4,e8cca808ae5a,58,1,5,Manager,3,Married,b56e953c0a5b,6992,4,Y,No,8527a891e224,3,4b227777d4dd,80,1,23,5,3,19,9,9,11
56,No,Travel_Rarely,206,Human Resources,8,4,Life Sciences,1,1338,4,03f8c1273e3d,99,3,5,Manager,2,Single,47414db45eb6,4022,6,Y,No,8527a891e224,3,6b86b273ff34,80,0,36,4,3,7,3,7,7
40,No,Non-Travel,458,Research & Development,16,2,Life Sciences,1,1340,3,03f8c1273e3d,74,3,1,Research Scientist,3,Divorced,65bba5fb79d7,8532,9,Y,No,b17ef6d19c7a,3,d4735e3a265e,80,1,6,0,3,4,2,0,0
34,No,Travel_Rarely,943,Research & Development,9,3,Life Sciences,1,1344,4,03f8c1273e3d,86,3,3,Healthcare Representative,4,Divorced,d2642c5b5a66,5494,0,Y,No,4fc82b26aecb,3,4b227777d4dd,80,1,10,0,2,9,7,1,6
40,No,Travel_Rarely,523,Research & Development,2,3,Life Sciences,1,1346,3,03f8c1273e3d,98,3,2,Research Scientist,4,Single,94ca7771bcbf,22455,1,Y,No,3fdba35f04dc,3,4e07408562be,80,0,9,4,3,9,8,8,8
41,No,Travel_Frequently,1018,Sales,1,3,Marketing,1,1349,3,e8cca808ae5a,66,3,2,Sales Executive,1,Divorced,0f9c6877b9e9,4297,0,Y,No,4523540f1504,3,4b227777d4dd,80,1,10,2,3,9,3,1,7
35,No,Travel_Frequently,482,Research & Development,4,4,Life Sciences,1,1350,3,03f8c1273e3d,87,3,2,Research Scientist,3,Single,727a25d0f92f,2690,1,Y,Yes,4fc82b26aecb,3,d4735e3a265e,80,0,9,3,3,9,6,1,1
51,No,Travel_Rarely,770,Human Resources,5,3,Life Sciences,1,1352,3,03f8c1273e3d,84,3,4,Manager,2,Divorced,1af512d1034c,17588,1,Y,Yes,4fc82b26aecb,3,d4735e3a265e,80,1,33,2,3,33,9,0,10
38,No,Travel_Rarely,1009,Sales,2,2,Life Sciences,1,1355,2,e8cca808ae5a,31,3,2,Sales Executive,1,Divorced,3653151b7ac7,19461,3,Y,No,e629fa6598d7,3,4b227777d4dd,80,1,11,3,3,7,7,1,7
34,No,Travel_Rarely,507,Sales,15,2,Medical,1,1356,3,e8cca808ae5a,66,3,2,Sales Executive,1,Single,24a63ec7c93b,23553,1,Y,No,6b51d431df5d,3,4b227777d4dd,80,0,10,6,4,10,8,9,6
25,No,Travel_Rarely,882,Research & Development,19,1,Medical,1,1358,4,03f8c1273e3d,67,3,1,Laboratory Technician,4,Married,7c67342e1dc9,9075,3,Y,No,4fc82b26aecb,3,4e07408562be,80,3,7,6,2,3,2,1,2
58,Yes,Travel_Rarely,601,Research & Development,7,4,Medical,1,1360,3,e8cca808ae5a,53,2,3,Manufacturing Director,1,Married,39346d4953ad,12023,7,Y,Yes,8527a891e224,3,4b227777d4dd,80,0,31,0,2,10,9,5,9
40,No,Travel_Rarely,329,Research & Development,1,4,Life Sciences,1,1361,2,03f8c1273e3d,88,3,1,Laboratory Technician,2,Married,21694999947c,6762,3,Y,No,785f3ec7eb32,4,4e07408562be,80,1,7,3,3,4,2,0,3
36,No,Travel_Frequently,607,Sales,7,3,Marketing,1,1362,1,e8cca808ae5a,83,4,2,Sales Executive,1,Married,fd7d77de225b,2261,2,Y,No,b17ef6d19c7a,3,4b227777d4dd,80,1,17,2,2,15,7,6,13
48,No,Travel_Rarely,855,Research & Development,4,3,Life Sciences,1,1363,4,03f8c1273e3d,54,3,3,Manufacturing Director,4,Single,617ce64d3266,18706,1,Y,No,4fc82b26aecb,3,4e07408562be,80,0,11,2,3,10,9,0,8
27,No,Travel_Rarely,1291,Sales,11,3,Medical,1,1364,3,e8cca808ae5a,98,4,1,Sales Representative,4,Married,4a621015e533,6527,8,Y,No,8527a891e224,3,d4735e3a265e,80,1,5,4,3,1,0,0,0
51,No,Travel_Rarely,1405,Research & Development,11,2,Technical Degree,1,1367,4,e8cca808ae5a,82,2,4,Manufacturing Director,2,Single,073dcb43d06d,24439,3,Y,No,b17ef6d19c7a,3,d4735e3a265e,80,0,29,1,2,5,2,0,3
18,No,Non-Travel,1124,Research & Development,1,3,Life Sciences,1,1368,4,e8cca808ae5a,97,3,1,Laboratory Technician,4,Single,68722dedde84,19305,1,Y,No,e629fa6598d7,3,4e07408562be,80,0,0,5,4,0,0,0,0
35,No,Travel_Rarely,817,Research & Development,1,3,Medical,1,1369,4,e8cca808ae5a,60,2,2,Laboratory Technician,4,Married,c426adaef99b,10846,0,Y,No,6b51d431df5d,3,d4735e3a265e,80,1,10,0,3,9,7,0,0
27,No,Travel_Frequently,793,Sales,2,1,Life Sciences,1,1371,4,03f8c1273e3d,43,1,2,Sales Executive,4,Single,dcf8345c0ffb,20392,3,Y,No,f5ca38f748a1,4,d4735e3a265e,80,0,8,3,3,6,2,0,0
55,Yes,Travel_Rarely,267,Sales,13,4,Marketing,1,1372,1,03f8c1273e3d,85,4,4,Sales Executive,3,Single,08d7c1f04067,9277,6,Y,Yes,4523540f1504,3,4e07408562be,80,0,24,2,2,19,7,3,8
56,No,Travel_Rarely,1369,Research & Development,23,3,Life Sciences,1,1373,4,03f8c1273e3d,68,3,4,Manufacturing Director,2,Married,6cf57950d3bb,18235,4,Y,Yes,6b51d431df5d,3,6b86b273ff34,80,1,33,0,3,19,16,15,9
34,No,Non-Travel,999,Research & Development,26,1,Technical Degree,1,1374,1,e8cca808ae5a,92,2,1,Research Scientist,3,Divorced,8f0f97e140e1,15891,1,Y,No,f5ca38f748a1,4,4e07408562be,80,3,5,2,3,5,4,0,0
40,No,Travel_Rarely,1202,Research & Development,2,1,Medical,1,1375,2,e8cca808ae5a,89,4,2,Healthcare Representative,3,Divorced,b47f1606518f,13888,5,Y,No,f5ca38f748a1,4,d4735e3a265e,80,3,15,0,3,12,11,11,8
34,No,Travel_Rarely,285,Research & Development,29,3,Medical,1,1377,2,03f8c1273e3d,86,3,2,Laboratory Technician,3,Married,4681639741f4,17491,4,Y,No,3fdba35f04dc,3,6b86b273ff34,80,2,10,1,3,8,7,7,7
31,Yes,Travel_Frequently,703,Sales,2,3,Life Sciences,1,1379,3,e8cca808ae5a,90,2,1,Sales Representative,4,Single,28742531f88c,11882,7,Y,No,8527a891e224,3,4e07408562be,80,0,3,3,4,1,0,0,0
35,Yes,Travel_Frequently,662,Sales,18,4,Marketing,1,1380,4,e8cca808ae5a,67,3,2,Sales Executive,3,Married,0b9d9315522c,23288,0,Y,Yes,4ec9599fc203,3,4e07408562be,80,1,5,0,2,4,2,3,2
38,No,Travel_Frequently,693,Research & Development,7,3,Life Sciences,1,1382,4,03f8c1273e3d,57,4,1,Research Scientist,3,Divorced,9d45a4710a9a,15748,1,Y,No,4fc82b26aecb,3,4b227777d4dd,80,3,4,2,3,4,2,0,3
34,No,Travel_Rarely,404,Research & Development,2,4,Technical Degree,1,1383,3,e8cca808ae5a,98,3,2,Healthcare Representative,4,Single,953bcc66efc2,6163,1,Y,No,4fc82b26aecb,3,4b227777d4dd,80,0,14,2,4,14,11,4,11
28,No,Travel_Rarely,736,Sales,26,3,Life Sciences,1,1387,3,03f8c1273e3d,48,2,2,Sales Executive,1,Married,5ec68887c118,24232,1,Y,No,4fc82b26aecb,3,4e07408562be,80,1,5,0,3,5,3,0,4
31,Yes,Travel_Rarely,330,Research & Development,22,4,Medical,1,1389,4,03f8c1273e3d,98,3,2,Manufacturing Director,3,Married,aad06835b82a,21057,1,Y,Yes,e629fa6598d7,3,4b227777d4dd,80,2,10,3,2,10,2,6,7
39,No,Travel_Rarely,1498,Sales,21,4,Life Sciences,1,1390,1,03f8c1273e3d,44,2,2,Sales Executive,4,Married,90ee5a78aac9,3567,3,Y,Yes,6b51d431df5d,3,4b227777d4dd,80,2,8,2,4,5,4,1,4
51,No,Travel_Frequently,541,Sales,2,3,Marketing,1,1391,2,03f8c1273e3d,52,3,3,Sales Executive,2,Married,22a7d620bdd8,15395,2,Y,No,4fc82b26aecb,3,d4735e3a265e,80,0,14,5,3,4,2,3,2
41,No,Travel_Frequently,1200,Research & Development,22,3,Life Sciences,1,1392,4,e8cca808ae5a,75,3,2,Research Scientist,4,Divorced,6339497c1ac5,13953,3,Y,Yes,8527a891e224,3,6b86b273ff34,80,2,12,4,2,6,2,3,3
37,No,Travel_Rarely,1439,Research & Development,4,1,Life Sciences,1,1394,3,03f8c1273e3d,54,3,1,Research Scientist,3,Married,a51baee97374,5182,7,Y,Yes,e629fa6598d7,3,4b227777d4dd,80,0,8,2,3,6,4,1,3
33,No,Travel_Frequently,1111,Sales,5,1,Life Sciences,1,1395,2,03f8c1273e3d,61,3,2,Sales Executive,4,Married,9daf56fbee71,19293,6,Y,No,3fdba35f04dc,3,6b86b273ff34,80,0,8,2,4,5,4,1,2
32,No,Travel_Rarely,499,Sales,2,1,Marketing,1,1396,3,03f8c1273e3d,36,3,2,Sales Executive,2,Married,705249ef258f,20497,0,Y,Yes,3fdba35f04dc,3,6b86b273ff34,80,3,4,3,2,3,2,1,2
39,No,Non-Travel,1485,Research & Development,25,2,Life Sciences,1,1397,3,03f8c1273e3d,71,3,3,Healthcare Representative,3,Married,c112a2ade544,3449,3,Y,No,6f4b6612125f,4,d4735e3a265e,80,1,13,2,3,6,4,0,5
25,No,Travel_Rarely,1372,Sales,18,1,Life Sciences,1,1399,1,03f8c1273e3d,93,4,2,Sales Executive,3,Married,70252984654c,12477,2,Y,No,4fc82b26aecb,3,d4735e3a265e,80,0,6,3,2,3,2,1,2
52,No,Travel_Frequently,322,Research & Development,28,2,Medical,1,1401,4,e8cca808ae5a,59,4,4,Manufacturing Director,3,Married,e5e3eb7ac440,9731,2,Y,Yes,4fc82b26aecb,3,d4735e3a265e,80,1,24,3,2,5,3,0,2
43,No,Travel_Rarely,930,Research & Development,6,3,Medical,1,1402,1,e8cca808ae5a,73,2,2,Research Scientist,3,Single,68d6d6acae8d,20003,1,Y,Yes,8527a891e224,3,6b86b273ff34,80,0,20,3,1,20,7,1,8
27,No,Travel_Rarely,205,Sales,10,3,Marketing,1,1403,4,e8cca808ae5a,98,2,2,Sales Executive,4,Married,a6ea31161f3e,7100,1,Y,Yes,4fc82b26aecb,3,4b227777d4dd,80,0,6,3,3,6,2,4,4
27,Yes,Travel_Rarely,135,Research & Development,17,4,Life Sciences,1,1405,4,e8cca808ae5a,51,3,1,Research Scientist,3,Single,456d12e33d0e,25681,1,Y,Yes,3fdba35f04dc,3,4b227777d4dd,80,0,8,2,3,8,2,7,7
26,No,Travel_Rarely,683,Research & Development,2,1,Medical,1,1407,1,03f8c1273e3d,36,2,1,Research Scientist,4,Single,b281e0d9a459,4050,0,Y,No,6b51d431df5d,3,4b227777d4dd,80,0,5,2,3,4,3,1,1
42,No,Travel_Rarely,1147,Human Resources,10,3,Human Resources,1,1408,3,e8cca808ae5a,31,3,4,Manager,1,Married,aa2c8b9ceda2,16616,0,Y,No,8527a891e224,3,4e07408562be,80,1,21,5,3,20,7,0,9
52,No,Travel_Rarely,258,Research & Development,8,4,Other,1,1409,3,e8cca808ae5a,54,3,1,Laboratory Technician,1,Married,0ded688ee74a,17363,9,Y,No,3fdba35f04dc,3,4e07408562be,80,0,12,2,1,5,4,0,4
37,No,Travel_Rarely,1462,Research & Development,11,3,Medical,1,1411,1,e8cca808ae5a,94,3,1,Laboratory Technician,3,Single,2bb1c90302be,19106,4,Y,No,4ec9599fc203,3,6b86b273ff34,80,0,8,6,3,3,2,0,2
35,No,Travel_Frequently,200,Research & Development,18,2,Life Sciences,1,1412,3,03f8c1273e3d,60,3,3,Manufacturing Director,4,Single,fb1263670c1d,19944,2,Y,No,4fc82b26aecb,3,4e07408562be,80,0,10,2,3,2,2,2,2
25,No,Travel_Rarely,949,Research & Development,1,3,Technical Degree,1,1415,1,03f8c1273e3d,81,3,1,Laboratory Technician,4,Married,fcfe44d0a076,4910,4,Y,No,4fc82b26aecb,3,d4735e3a265e,80,1,7,2,2,3,2,0,2
26,No,Travel_Rarely,652,Research & Development,7,3,Other,1,1417,3,03f8c1273e3d,100,4,1,Laboratory Technician,1,Single,4809d1306cd4,23577,0,Y,No,6b51d431df5d,3,4b227777d4dd,80,0,8,2,3,7,7,0,7
29,No,Travel_Rarely,332,Human Resources,17,3,Other,1,1419,2,03f8c1273e3d,51,2,3,Human Resources,1,Single,8ddf24ab1d3a,9769,1,Y,No,3fdba35f04dc,3,6b86b273ff34,80,0,10,3,2,10,9,0,9
49,Yes,Travel_Frequently,1475,Research & Development,28,2,Life Sciences,1,1420,1,03f8c1273e3d,97,2,2,Laboratory Technician,1,Single,1ce7bdf71376,22710,3,Y,No,f5ca38f748a1,4,6b86b273ff34,80,0,20,2,3,4,3,1,3
29,Yes,Travel_Frequently,337,Research & Development,14,1,Other,1,1421,3,e8cca808ae5a,84,3,3,Healthcare Representative,4,Single,0e7efaeb2c67,22930,0,Y,Yes,6b51d431df5d,3,6b86b273ff34,80,0,9,1,3,8,7,7,7
54,No,Travel_Rarely,971,Research & Development,1,3,Medical,1,1422,4,e8cca808ae5a,54,3,4,Research Director,4,Single,05ada60fc3a3,5652,6,Y,No,9400f1b21cb5,3,4b227777d4dd,80,0,29,3,2,20,7,12,7
58,No,Travel_Rarely,1055,Research & Development,1,3,Medical,1,1423,4,e8cca808ae5a,76,3,5,Research Director,1,Married,37f0abad1878,22456,3,Y,Yes,6f4b6612125f,4,4e07408562be,80,1,32,3,3,9,8,1,5
55,No,Travel_Rarely,1136,Research & Development,1,4,Medical,1,1424,2,03f8c1273e3d,81,4,4,Research Director,4,Divorced,4b9d7337a115,12414,2,Y,No,3fdba35f04dc,3,4b227777d4dd,80,2,31,4,4,7,7,0,0
36,No,Travel_Rarely,1174,Sales,3,4,Marketing,1,1425,1,e8cca808ae5a,99,3,2,Sales Executive,2,Single,823b7ddf15b9,20763,3,Y,Yes,b17ef6d19c7a,3,4b227777d4dd,80,0,15,3,3,5,4,0,1
31,Yes,Travel_Frequently,667,Sales,1,4,Life Sciences,1,1427,2,e8cca808ae5a,50,1,1,Sales Representative,3,Single,80b6b4d27012,16154,1,Y,No,6b51d431df5d,3,d4735e3a265e,80,0,1,3,3,1,0,0,0
30,No,Travel_Rarely,855,Sales,7,4,Marketing,1,1428,4,e8cca808ae5a,73,3,2,Sales Executive,1,Divorced,2ae8a105b8d7,12761,7,Y,No,8527a891e224,3,d4735e3a265e,80,2,8,3,3,3,2,0,2
31,No,Travel_Rarely,182,Research & Development,8,5,Life Sciences,1,1430,1,e8cca808ae5a,93,3,4,Research Director,2,Single,8630de5bd303,8847,3,Y,No,4fc82b26aecb,3,4e07408562be,80,0,9,3,4,3,2,1,0
34,No,Travel_Frequently,560,Research & Development,1,4,Other,1,1431,4,03f8c1273e3d,91,3,1,Research Scientist,1,Divorced,a51baee97374,20284,5,Y,No,8527a891e224,3,4e07408562be,80,2,10,2,3,4,3,1,3
31,Yes,Travel_Rarely,202,Research & Development,8,3,Life Sciences,1,1433,1,e8cca808ae5a,34,2,1,Research Scientist,2,Single,b81d00e65f74,22262,1,Y,No,6b51d431df5d,3,4e07408562be,80,0,1,3,4,1,0,0,0
27,No,Travel_Rarely,1377,Research & Development,11,1,Life Sciences,1,1434,2,03f8c1273e3d,91,3,1,Laboratory Technician,1,Married,1aaf97e300d5,7679,0,Y,No,8527a891e224,3,d4735e3a265e,80,0,6,3,4,5,0,1,4
36,No,Travel_Rarely,172,Research & Development,4,4,Life Sciences,1,1435,1,03f8c1273e3d,37,2,2,Laboratory Technician,4,Single,04b4b3a7ae75,22604,1,Y,No,b17ef6d19c7a,3,4e07408562be,80,0,10,2,2,10,4,1,8
36,No,Travel_Rarely,329,Sales,16,4,Marketing,1,1436,3,e8cca808ae5a,98,2,2,Sales Executive,1,Married,edbb15588efb,13494,4,Y,No,3fdba35f04dc,3,6b86b273ff34,80,2,11,3,2,3,2,0,2
47,No,Travel_Rarely,465,Research & Development,1,3,Technical Degree,1,1438,1,03f8c1273e3d,74,3,1,Research Scientist,4,Married,7c6cb0b8e3dc,10205,7,Y,No,6b51d431df5d,3,4e07408562be,80,1,17,2,2,6,5,1,2
25,Yes,Travel_Rarely,383,Sales,9,2,Life Sciences,1,1439,1,03f8c1273e3d,68,2,1,Sales Representative,1,Married,936d1dafd8b1,15182,3,Y,No,6b51d431df5d,3,6b86b273ff34,80,0,6,2,3,3,2,2,2
37,No,Non-Travel,1413,Research & Development,5,2,Technical Degree,1,1440,3,03f8c1273e3d,84,4,1,Laboratory Technician,3,Single,889e2fc00981,25470,0,Y,No,8527a891e224,3,6b86b273ff34,80,0,7,2,1,6,5,1,3
56,No,Travel_Rarely,1255,Research & Development,1,2,Life Sciences,1,1441,1,e8cca808ae5a,90,3,1,Research Scientist,1,Married,6b32c01a019b,10494,2,Y,No,785f3ec7eb32,4,4b227777d4dd,80,1,5,3,4,3,2,1,0
47,No,Travel_Rarely,359,Research & Development,2,4,Medical,1,1443,1,e8cca808ae5a,82,3,4,Research Director,3,Married,f911d0fe47e8,26703,3,Y,No,9400f1b21cb5,3,d4735e3a265e,80,2,26,2,4,20,17,5,6
24,No,Travel_Rarely,1476,Sales,4,1,Medical,1,1445,4,e8cca808ae5a,42,3,2,Sales Executive,3,Married,25616f4178f0,15211,1,Y,Yes,6b51d431df5d,3,4e07408562be,80,2,5,3,3,5,4,0,3
32,No,Travel_Rarely,601,Sales,7,5,Marketing,1,1446,4,03f8c1273e3d,97,3,2,Sales Executive,4,Married,4044d96743ce,23343,4,Y,No,6b51d431df5d,3,4e07408562be,80,1,7,3,2,4,3,0,3
34,No,Travel_Rarely,401,Research & Development,1,3,Life Sciences,1,1447,4,e8cca808ae5a,86,2,1,Laboratory Technician,2,Married,ed4f9ab58560,3708,5,Y,No,4523540f1504,3,6b86b273ff34,80,1,7,2,2,5,4,0,2
41,No,Travel_Rarely,1283,Research & Development,5,5,Medical,1,1448,2,03f8c1273e3d,90,4,1,Research Scientist,3,Married,06ceef971553,5561,2,Y,Yes,6b51d431df5d,3,6b86b273ff34,80,0,7,5,2,4,2,0,3
40,No,Non-Travel,663,Research & Development,9,4,Other,1,1449,3,03f8c1273e3d,81,3,2,Laboratory Technician,3,Divorced,7ca01a22d3f9,23099,3,Y,No,4fc82b26aecb,3,4e07408562be,80,2,11,2,4,8,7,0,7
31,No,Travel_Rarely,326,Sales,8,2,Life Sciences,1,1453,1,03f8c1273e3d,31,3,3,Sales Executive,4,Divorced,87358fdcecd7,8386,1,Y,No,4ec9599fc203,3,6b86b273ff34,80,1,13,5,3,13,7,9,9
46,Yes,Travel_Rarely,377,Sales,9,3,Marketing,1,1457,1,03f8c1273e3d,52,3,3,Sales Executive,4,Divorced,7780e013b7e8,15986,4,Y,No,4fc82b26aecb,3,6b86b273ff34,80,1,28,1,4,7,7,4,3
39,Yes,Non-Travel,592,Research & Development,2,3,Life Sciences,1,1458,1,e8cca808ae5a,54,2,1,Laboratory Technician,1,Single,283f3aceea5c,17181,2,Y,Yes,535fa30d7e25,4,d4735e3a265e,80,0,11,2,4,1,0,0,0
31,Yes,Travel_Frequently,1445,Research & Development,1,5,Life Sciences,1,1459,3,e8cca808ae5a,100,4,3,Manufacturing Director,2,Single,71b38cb18504,8931,1,Y,No,4fc82b26aecb,3,6b86b273ff34,80,0,10,2,3,10,8,4,7
45,No,Travel_Rarely,1038,Research & Development,20,3,Medical,1,1460,2,03f8c1273e3d,95,1,3,Healthcare Representative,1,Divorced,e3da9974bd6e,19863,2,Y,Yes,4ec9599fc203,3,d4735e3a265e,80,1,24,2,3,7,7,0,7
31,No,Travel_Rarely,1398,Human Resources,8,2,Medical,1,1461,4,e8cca808ae5a,96,4,1,Human Resources,2,Single,62fb418140a7,24609,9,Y,No,4ec9599fc203,3,4b227777d4dd,80,0,8,3,3,3,2,0,2
31,Yes,Travel_Frequently,523,Research & Development,2,3,Life Sciences,1,1464,2,03f8c1273e3d,94,3,1,Laboratory Technician,4,Married,2b44d508c484,21081,6,Y,Yes,3fdba35f04dc,3,4e07408562be,80,1,7,2,1,2,2,2,2
45,No,Travel_Rarely,1448,Research & Development,29,3,Technical Degree,1,1465,2,03f8c1273e3d,55,3,3,Manufacturing Director,4,Married,052dcdcf2185,14720,4,Y,Yes,4ec9599fc203,3,4b227777d4dd,80,2,10,4,4,3,1,1,2
48,No,Travel_Rarely,1221,Sales,7,3,Marketing,1,1466,3,03f8c1273e3d,96,3,2,Sales Executive,1,Divorced,e316e58e56a6,24795,4,Y,No,4fc82b26aecb,3,6b86b273ff34,80,3,15,3,3,2,2,2,2
34,Yes,Travel_Rarely,1107,Human Resources,9,4,Technical Degree,1,1467,1,e8cca808ae5a,52,3,1,Human Resources,3,Married,c3b4f551e745,3072,1,Y,No,e629fa6598d7,3,4b227777d4dd,80,0,2,0,3,2,2,2,2
40,No,Non-Travel,218,Research & Development,8,1,Medical,1,1468,4,03f8c1273e3d,55,2,3,Research Director,2,Divorced,2a51eb8629d9,25178,2,Y,No,4fc82b26aecb,3,4e07408562be,80,1,16,5,3,9,8,4,8
28,No,Travel_Rarely,866,Sales,5,3,Medical,1,1469,4,03f8c1273e3d,84,3,2,Sales Executive,1,Single,63a8ae3a3555,23490,0,Y,No,4ec9599fc203,3,4b227777d4dd,80,0,6,4,3,5,4,1,3
44,No,Non-Travel,981,Research & Development,5,3,Life Sciences,1,1471,3,03f8c1273e3d,90,2,1,Laboratory Technician,3,Single,77f1eef97df6,7973,3,Y,No,8527a891e224,3,4b227777d4dd,80,0,7,5,3,5,2,0,3
53,No,Travel_Rarely,447,Research & Development,2,3,Medical,1,1472,4,03f8c1273e3d,39,4,4,Research Director,2,Single,a7c3e80e238e,19764,4,Y,No,6b51d431df5d,3,d4735e3a265e,80,0,35,2,2,9,8,8,8
49,No,Travel_Rarely,1495,Research & Development,5,4,Technical Degree,1,1473,1,03f8c1273e3d,96,3,2,Healthcare Representative,3,Married,337aed6750c0,21534,2,Y,No,8527a891e224,3,d4735e3a265e,80,1,20,0,2,3,2,1,2
40,No,Travel_Rarely,896,Research & Development,2,3,Medical,1,1474,3,03f8c1273e3d,68,3,1,Research Scientist,3,Divorced,38083c7ee912,8045,2,Y,No,8527a891e224,3,4e07408562be,80,1,8,3,4,3,1,1,2
44,No,Travel_Rarely,1467,Research & Development,20,3,Life Sciences,1,1475,4,03f8c1273e3d,49,3,1,Research Scientist,2,Single,7c6cb0b8e3dc,21158,1,Y,No,3fdba35f04dc,3,4e07408562be,80,0,6,3,2,5,2,1,3
33,No,Travel_Frequently,430,Sales,7,3,Medical,1,1477,4,03f8c1273e3d,54,3,2,Sales Executive,1,Married,f9ca4044fc87,17456,0,Y,No,8527a891e224,3,6b86b273ff34,80,2,5,2,3,4,3,0,3
34,No,Travel_Rarely,1326,Sales,3,3,Other,1,1478,4,03f8c1273e3d,81,1,2,Sales Executive,1,Single,e0a19cbdac9f,15891,3,Y,No,4ec9599fc203,3,4b227777d4dd,80,0,15,2,3,13,9,3,12
30,No,Travel_Rarely,1358,Sales,16,1,Life Sciences,1,1479,4,03f8c1273e3d,96,3,2,Sales Executive,3,Married,9401e925f195,2939,8,Y,No,e629fa6598d7,3,4e07408562be,80,2,4,2,2,2,1,2,2
42,No,Travel_Frequently,748,Research & Development,9,2,Medical,1,1480,1,e8cca808ae5a,74,3,1,Laboratory Technician,4,Single,c0db1a8f10c8,16458,1,Y,No,3fdba35f04dc,3,4e07408562be,80,0,12,3,3,12,9,5,8
44,No,Travel_Frequently,383,Sales,1,5,Marketing,1,1481,1,e8cca808ae5a,79,3,2,Sales Executive,3,Married,1900b07bf0e9,9282,7,Y,No,6b51d431df5d,3,4e07408562be,80,1,11,4,2,1,0,0,0
30,No,Non-Travel,990,Research & Development,7,3,Technical Degree,1,1482,3,03f8c1273e3d,64,3,1,Research Scientist,3,Divorced,f8726da5732f,7152,1,Y,No,3fdba35f04dc,3,d4735e3a265e,80,2,1,2,2,1,0,0,0
57,No,Travel_Rarely,405,Research & Development,1,2,Life Sciences,1,1483,2,03f8c1273e3d,93,4,2,Research Scientist,3,Married,0ec89b31a9f4,2721,0,Y,No,c2356069e9d1,4,6b86b273ff34,80,1,13,2,2,12,9,2,8
49,No,Travel_Rarely,1490,Research & Development,7,4,Life Sciences,1,1484,3,03f8c1273e3d,35,3,3,Healthcare Representative,2,Divorced,ad9f42cccb79,20948,3,Y,No,8527a891e224,3,d4735e3a265e,80,2,29,3,3,8,7,0,7
34,No,Travel_Frequently,829,Research & Development,15,3,Medical,1,1485,2,03f8c1273e3d,71,3,4,Research Director,1,Divorced,07c4e8f4a0ee,11929,7,Y,No,8527a891e224,3,4b227777d4dd,80,2,16,3,2,14,8,6,9
28,Yes,Travel_Frequently,1496,Sales,1,3,Technical Degree,1,1486,1,03f8c1273e3d,92,3,1,Sales Representative,3,Married,69e62ea6ec1e,15747,3,Y,No,e629fa6598d7,3,4b227777d4dd,80,1,5,3,4,3,2,1,2
29,Yes,Travel_Frequently,115,Sales,13,3,Technical Degree,1,1487,1,e8cca808ae5a,51,3,2,Sales Executive,2,Single,f1332ac40751,17485,5,Y,No,4fc82b26aecb,3,6b86b273ff34,80,0,7,4,1,5,3,0,0
34,Yes,Travel_Rarely,790,Sales,24,4,Medical,1,1489,1,e8cca808ae5a,40,2,2,Sales Executive,2,Single,5779cc39462d,7815,0,Y,Yes,535fa30d7e25,4,4e07408562be,80,0,16,2,4,15,9,10,10
35,No,Travel_Rarely,660,Sales,7,1,Life Sciences,1,1492,4,03f8c1273e3d,76,3,1,Sales Representative,3,Married,62c488bbaded,16192,1,Y,No,3fdba35f04dc,3,6b86b273ff34,80,1,1,3,3,1,0,0,0
24,Yes,Travel_Frequently,381,Research & Development,9,3,Medical,1,1494,2,03f8c1273e3d,89,3,1,Laboratory Technician,1,Single,976d5deeab73,16998,2,Y,Yes,4fc82b26aecb,3,4e07408562be,80,0,4,2,2,0,0,0,0
24,No,Non-Travel,830,Sales,13,2,Life Sciences,1,1495,4,e8cca808ae5a,78,3,1,Sales Representative,2,Married,9212e5e6ef41,7103,1,Y,No,3fdba35f04dc,3,4e07408562be,80,1,1,2,3,1,0,0,0
44,No,Travel_Frequently,1193,Research & Development,2,1,Medical,1,1496,2,03f8c1273e3d,86,3,3,Manufacturing Director,3,Single,c32b4f99d9fd,19719,5,Y,Yes,4ec9599fc203,3,d4735e3a265e,80,0,16,2,2,2,2,2,2
29,No,Travel_Rarely,1246,Sales,19,3,Life Sciences,1,1497,3,03f8c1273e3d,77,2,2,Sales Executive,3,Divorced,f2bf58e54f66,23757,1,Y,No,8527a891e224,3,4e07408562be,80,2,10,3,3,10,7,0,4
30,No,Travel_Rarely,330,Human Resources,1,3,Life Sciences,1,1499,3,03f8c1273e3d,46,3,1,Human Resources,3,Divorced,a0119e19d7f7,15428,0,Y,No,6f4b6612125f,4,6b86b273ff34,80,1,6,3,4,5,3,1,3
55,No,Travel_Rarely,1229,Research & Development,4,4,Life Sciences,1,1501,4,03f8c1273e3d,30,3,2,Healthcare Representative,3,Married,cc557d460799,16143,0,Y,Yes,b17ef6d19c7a,3,d4735e3a265e,80,0,4,2,3,3,2,1,2
33,No,Travel_Rarely,1099,Research & Development,4,4,Medical,1,1502,1,e8cca808ae5a,82,2,1,Laboratory Technician,2,Married,d9cf8835e2a7,8192,8,Y,No,4fc82b26aecb,3,4b227777d4dd,80,0,8,5,3,5,4,0,2
47,No,Travel_Rarely,571,Sales,14,3,Medical,1,1503,3,e8cca808ae5a,78,3,2,Sales Executive,3,Married,eabee6aaeece,24200,3,Y,Yes,4523540f1504,3,4e07408562be,80,1,11,4,2,5,4,1,2
28,Yes,Travel_Frequently,289,Research & Development,2,2,Medical,1,1504,3,03f8c1273e3d,38,2,1,Laboratory Technician,1,Single,5ee36f40051a,5355,7,Y,No,4fc82b26aecb,3,4e07408562be,80,0,8,2,2,0,0,0,0
28,No,Travel_Rarely,1423,Research & Development,1,3,Life Sciences,1,1506,1,03f8c1273e3d,72,2,1,Research Scientist,3,Divorced,e830a0d7d5f3,12530,1,Y,No,8527a891e224,3,4b227777d4dd,80,1,1,2,1,1,0,0,0
28,No,Travel_Frequently,467,Sales,7,3,Life Sciences,1,1507,3,03f8c1273e3d,55,3,2,Sales Executive,1,Single,a66ce68fad6c,11827,0,Y,No,8527a891e224,3,4b227777d4dd,80,0,5,5,3,4,2,1,3
49,No,Travel_Rarely,271,Research & Development,3,2,Medical,1,1509,3,e8cca808ae5a,43,2,2,Laboratory Technician,1,Married,98f63a859469,23070,4,Y,No,b7a56873cd77,4,6b86b273ff34,80,1,10,3,3,3,2,1,2
29,No,Travel_Frequently,410,Research & Development,2,1,Life Sciences,1,1513,4,e8cca808ae5a,97,3,1,Laboratory Technician,2,Married,9335bcf86fc2,4668,0,Y,No,3fdba35f04dc,3,4e07408562be,80,3,4,3,3,3,2,0,2
28,No,Travel_Rarely,1083,Research & Development,29,1,Life Sciences,1,1514,3,03f8c1273e3d,96,1,2,Manufacturing Director,2,Married,f8a2a1141001,3173,1,Y,No,8527a891e224,3,d4735e3a265e,80,2,8,2,2,8,6,1,7
33,No,Travel_Rarely,516,Research & Development,8,5,Life Sciences,1,1515,4,03f8c1273e3d,69,3,2,Healthcare Representative,3,Single,e78ade91a087,22049,2,Y,Yes,4523540f1504,3,6b86b273ff34,80,0,14,6,3,0,0,0,0
32,No,Travel_Rarely,495,Research & Development,10,3,Medical,1,1516,3,03f8c1273e3d,64,3,3,Manager,4,Single,9615748e731a,21072,2,Y,No,b7a56873cd77,4,d4735e3a265e,80,0,10,5,4,5,2,0,0
54,No,Travel_Frequently,1050,Research & Development,11,4,Medical,1,1520,2,e8cca808ae5a,87,3,4,Manager,4,Divorced,201b7ed6b01e,24456,3,Y,No,f5ca38f748a1,4,6b86b273ff34,80,1,26,2,3,14,9,1,12
29,Yes,Travel_Rarely,224,Research & Development,1,4,Technical Degree,1,1522,1,03f8c1273e3d,100,2,1,Research Scientist,1,Single,9bf42f4b66fe,7568,6,Y,No,3fdba35f04dc,3,4e07408562be,80,0,11,2,1,9,7,0,7
44,No,Travel_Rarely,136,Research & Development,28,3,Life Sciences,1,1523,4,03f8c1273e3d,32,3,4,Research Director,1,Married,84bea980ecfa,22074,3,Y,No,3fdba35f04dc,3,4e07408562be,80,1,24,1,4,20,6,14,17
39,No,Travel_Rarely,1089,Research & Development,6,3,Life Sciences,1,1525,2,e8cca808ae5a,32,3,3,Manufacturing Director,2,Single,d7ff7ef674aa,9150,4,Y,No,4ec9599fc203,3,4b227777d4dd,80,0,9,3,3,2,0,2,2
46,No,Travel_Rarely,228,Sales,3,3,Life Sciences,1,1527,3,e8cca808ae5a,51,3,4,Manager,2,Married,02faf837bee3,11380,8,Y,No,6b51d431df5d,3,4b227777d4dd,80,1,23,2,4,13,12,5,1
35,No,Travel_Rarely,1029,Research & Development,16,3,Life Sciences,1,1529,4,e8cca808ae5a,91,2,3,Healthcare Representative,2,Single,6a287a1078c0,21195,1,Y,No,9400f1b21cb5,3,4b227777d4dd,80,0,11,3,1,11,8,3,3
23,No,Travel_Rarely,507,Research & Development,20,1,Life Sciences,1,1533,1,03f8c1273e3d,97,3,2,Laboratory Technician,3,Single,1134c0a7d44f,24812,0,Y,No,8527a891e224,3,d4735e3a265e,80,0,5,2,3,4,3,1,2
40,Yes,Travel_Rarely,676,Research & Development,9,4,Life Sciences,1,1534,4,03f8c1273e3d,86,3,1,Laboratory Technician,1,Single,152e69cf3c8e,21831,3,Y,No,8527a891e224,3,d4735e3a265e,80,0,15,3,1,5,4,1,0
34,No,Travel_Rarely,971,Sales,1,3,Technical Degree,1,1535,4,03f8c1273e3d,64,2,3,Sales Executive,3,Married,6a34287a9fe2,12288,1,Y,Yes,8527a891e224,3,4b227777d4dd,80,0,10,3,3,10,9,8,6
31,Yes,Travel_Frequently,561,Research & Development,3,3,Life Sciences,1,1537,4,e8cca808ae5a,33,3,1,Research Scientist,3,Single,514e83039132,4156,1,Y,No,6b51d431df5d,3,6b86b273ff34,80,0,7,2,1,7,2,7,7
50,No,Travel_Frequently,333,Research & Development,22,5,Medical,1,1539,3,03f8c1273e3d,88,1,4,Research Director,4,Single,ba7552f4c7a8,24450,1,Y,Yes,3fdba35f04dc,3,4b227777d4dd,80,0,32,2,3,32,6,13,9
34,No,Travel_Rarely,1440,Sales,7,2,Technical Degree,1,1541,2,03f8c1273e3d,55,3,1,Sales Representative,3,Married,e7f63be25cae,4944,0,Y,Yes,b7a56873cd77,4,d4735e3a265e,80,1,12,4,3,11,10,5,7
42,No,Travel_Rarely,1210,Research & Development,2,3,Medical,1,1542,3,03f8c1273e3d,68,2,1,Laboratory Technician,2,Married,818a291377e2,24052,4,Y,No,8527a891e224,3,d4735e3a265e,80,1,4,3,3,1,0,0,0
37,No,Travel_Rarely,674,Research & Development,13,3,Medical,1,1543,1,03f8c1273e3d,47,3,2,Research Scientist,4,Married,6317984746f7,3031,1,Y,No,4523540f1504,3,6b86b273ff34,80,0,10,2,3,10,8,3,7
29,No,Travel_Rarely,441,Research & Development,8,1,Other,1,1544,3,e8cca808ae5a,39,1,2,Healthcare Representative,1,Married,bc0c6c425807,7288,3,Y,No,3fdba35f04dc,3,4e07408562be,80,1,9,3,3,7,7,0,7
33,No,Travel_Rarely,575,Research & Development,25,3,Life Sciences,1,1545,4,03f8c1273e3d,44,2,2,Manufacturing Director,2,Single,c8bcb9ad923c,24152,1,Y,No,3fdba35f04dc,3,4b227777d4dd,80,0,5,2,3,5,3,0,2
45,No,Travel_Rarely,950,Research & Development,28,3,Technical Degree,1,1546,4,03f8c1273e3d,97,3,1,Research Scientist,4,Married,ddc10a5906f8,4585,4,Y,No,f5ca38f748a1,4,4b227777d4dd,80,1,8,3,3,5,4,0,3
42,No,Travel_Frequently,288,Research & Development,2,3,Life Sciences,1,1547,4,03f8c1273e3d,40,3,3,Healthcare Representative,4,Married,533a874c8c9b,18611,2,Y,Yes,8527a891e224,3,4e07408562be,80,1,24,3,1,20,8,13,9
40,No,Travel_Rarely,1342,Sales,9,2,Medical,1,1548,1,03f8c1273e3d,47,3,2,Sales Executive,1,Married,ab254fbd2757,19345,0,Y,No,6b51d431df5d,3,4b227777d4dd,80,0,9,5,4,8,4,7,1
33,No,Travel_Rarely,589,Research & Development,28,4,Life Sciences,1,1549,2,03f8c1273e3d,79,3,2,Laboratory Technician,3,Married,b99c24b31ac1,22949,1,Y,Yes,6b51d431df5d,3,d4735e3a265e,80,1,15,3,3,15,14,5,7
40,No,Travel_Rarely,898,Human Resources,6,2,Medical,1,1550,3,03f8c1273e3d,38,3,4,Manager,4,Single,bbe9c5e33ded,17381,1,Y,Yes,6f4b6612125f,4,4b227777d4dd,80,0,21,2,3,21,7,7,7
24,No,Travel_Rarely,350,Research & Development,21,2,Technical Degree,1,1551,3,03f8c1273e3d,57,2,1,Laboratory Technician,1,Divorced,0b8d7cb09e68,10036,0,Y,No,8527a891e224,3,d4735e3a265e,80,3,2,3,3,1,1,0,0
40,No,Non-Travel,1142,Research & Development,8,2,Life Sciences,1,1552,4,03f8c1273e3d,72,3,2,Healthcare Representative,4,Divorced,76457445f89a,8841,3,Y,Yes,4ec9599fc203,3,4e07408562be,80,0,8,2,3,2,2,2,2
45,No,Travel_Rarely,538,Research & Development,1,4,Technical Degree,1,1553,1,03f8c1273e3d,66,3,3,Healthcare Representative,2,Divorced,bbd307789c2f,20933,1,Y,No,6b51d431df5d,3,6b86b273ff34,80,3,10,4,3,10,8,7,7
35,No,Travel_Rarely,1402,Sales,28,4,Life Sciences,1,1554,2,e8cca808ae5a,98,2,1,Sales Representative,3,Married,f87f6a02d81b,26204,0,Y,No,535fa30d7e25,4,6b86b273ff34,80,2,6,5,3,5,3,4,2
32,No,Travel_Rarely,824,Research & Development,5,2,Life Sciences,1,1555,4,e8cca808ae5a,67,2,2,Research Scientist,2,Married,42c092b2c296,15624,3,Y,No,6b51d431df5d,3,6b86b273ff34,80,1,12,2,3,7,1,2,5
36,No,Travel_Rarely,1157,Sales,2,4,Life Sciences,1,1556,3,03f8c1273e3d,70,3,1,Sales Representative,4,Single,70c766cb85e3,17001,3,Y,Yes,6f4b6612125f,4,4b227777d4dd,80,0,7,3,2,3,2,1,2
48,No,Travel_Rarely,492,Sales,16,4,Life Sciences,1,1557,3,e8cca808ae5a,96,3,2,Sales Executive,3,Divorced,7bc74860bbb1,13693,8,Y,No,8527a891e224,3,4e07408562be,80,1,18,2,3,8,7,7,7
29,No,Travel_Rarely,598,Research & Development,9,3,Life Sciences,1,1558,3,03f8c1273e3d,91,4,1,Research Scientist,3,Married,b815f5c63059,22376,6,Y,No,4ec9599fc203,3,6b86b273ff34,80,2,5,2,2,1,0,0,0
33,No,Travel_Rarely,1242,Sales,8,4,Life Sciences,1,1560,1,03f8c1273e3d,46,3,2,Sales Executive,1,Married,05fe5789313b,10589,2,Y,No,3fdba35f04dc,3,4b227777d4dd,80,1,8,6,1,2,2,2,2
30,Yes,Travel_Rarely,740,Sales,1,3,Life Sciences,1,1562,2,03f8c1273e3d,64,2,2,Sales Executive,1,Married,236308af6029,5323,1,Y,No,4fc82b26aecb,3,4b227777d4dd,80,1,10,4,3,10,8,6,7
38,No,Travel_Frequently,888,Human Resources,10,4,Human Resources,1,1563,3,03f8c1273e3d,71,3,2,Human Resources,3,Married,c5f89ad7a849,14814,3,Y,No,4fc82b26aecb,3,4e07408562be,80,0,10,2,3,6,3,1,2
35,No,Travel_Rarely,992,Research & Development,1,3,Medical,1,1564,4,03f8c1273e3d,68,2,1,Laboratory Technician,1,Single,b0b03d744a85,21731,1,Y,No,9400f1b21cb5,3,d4735e3a265e,80,0,3,3,3,3,0,1,2
30,No,Travel_Rarely,1288,Sales,29,4,Technical Degree,1,1568,3,03f8c1273e3d,33,3,3,Sales Executive,2,Married,166ef5a9db1e,17799,3,Y,No,6b51d431df5d,3,d4735e3a265e,80,1,9,3,3,4,2,1,3
35,Yes,Travel_Rarely,104,Research & Development,2,3,Life Sciences,1,1569,1,e8cca808ae5a,69,3,1,Laboratory Technician,1,Divorced,1acc01f346b3,26619,1,Y,Yes,6b51d431df5d,3,4b227777d4dd,80,1,1,2,3,1,0,0,0
53,Yes,Travel_Rarely,607,Research & Development,2,5,Technical Degree,1,1572,3,e8cca808ae5a,78,2,3,Manufacturing Director,4,Married,3bb7a172f510,14618,0,Y,No,b17ef6d19c7a,3,d4735e3a265e,80,1,34,4,3,33,7,1,9
38,Yes,Travel_Rarely,903,Research & Development,2,3,Medical,1,1573,3,03f8c1273e3d,81,3,2,Manufacturing Director,2,Married,8415a191df55,7653,4,Y,No,4fc82b26aecb,3,6b86b273ff34,80,2,7,2,3,5,2,1,4
32,No,Non-Travel,1200,Research & Development,1,4,Technical Degree,1,1574,4,03f8c1273e3d,62,3,2,Research Scientist,1,Married,8f7f63fd3b61,25174,4,Y,No,8527a891e224,3,d4735e3a265e,80,1,9,3,2,6,5,1,2
48,No,Travel_Rarely,1108,Research & Development,15,4,Other,1,1576,3,e8cca808ae5a,65,3,1,Research Scientist,1,Married,cb5611d87825,16530,8,Y,No,6b51d431df5d,3,4b227777d4dd,80,1,10,3,2,8,2,7,6
34,No,Travel_Rarely,479,Research & Development,7,4,Medical,1,1577,1,03f8c1273e3d,35,3,1,Research Scientist,4,Single,7b8b6e396edf,22061,1,Y,No,3fdba35f04dc,3,4e07408562be,80,0,1,4,1,1,0,0,0
55,No,Travel_Rarely,685,Sales,26,5,Marketing,1,1578,3,03f8c1273e3d,60,2,5,Manager,4,Married,5239ab2d3344,23037,1,Y,No,6f4b6612125f,4,4e07408562be,80,1,36,3,3,36,6,2,13
34,No,Travel_Rarely,1351,Research & Development,1,4,Life Sciences,1,1580,2,03f8c1273e3d,45,3,2,Research Scientist,4,Married,6320064497fd,13008,9,Y,No,4523540f1504,3,d4735e3a265e,80,1,9,3,2,2,2,2,1
26,No,Travel_Rarely,474,Research & Development,3,3,Life Sciences,1,1581,1,e8cca808ae5a,89,3,1,Research Scientist,4,Married,7907a88d77f2,11133,1,Y,No,6f4b6612125f,4,6b86b273ff34,80,0,1,5,3,1,0,0,0
38,No,Travel_Rarely,1245,Sales,14,3,Life Sciences,1,1582,3,03f8c1273e3d,80,3,2,Sales Executive,2,Married,9730f9c50a2e,12355,0,Y,No,4fc82b26aecb,3,4b227777d4dd,80,1,10,3,3,9,8,7,7
38,No,Travel_Rarely,437,Sales,16,3,Life Sciences,1,1583,2,e8cca808ae5a,90,3,2,Sales Executive,2,Single,f6641c06da15,16379,2,Y,No,6b51d431df5d,3,d4735e3a265e,80,0,8,5,4,3,2,1,2
36,No,Travel_Rarely,884,Sales,1,4,Life Sciences,1,1585,2,e8cca808ae5a,73,3,2,Sales Executive,3,Single,905daf4b6ccc,21447,6,Y,No,3fdba35f04dc,3,6b86b273ff34,80,0,15,5,3,1,0,0,0
29,No,Travel_Rarely,1370,Research & Development,3,1,Medical,1,1586,2,03f8c1273e3d,87,3,1,Laboratory Technician,1,Single,5837b4e1cfa1,16213,1,Y,Yes,4ec9599fc203,3,4b227777d4dd,80,0,10,3,3,10,9,1,5
35,No,Travel_Rarely,670,Research & Development,10,4,Medical,1,1587,1,e8cca808ae5a,51,3,2,Healthcare Representative,3,Single,af276dd998e0,4223,3,Y,Yes,b17ef6d19c7a,3,4e07408562be,80,0,10,4,3,5,2,0,4
39,No,Travel_Rarely,1462,Sales,6,3,Medical,1,1588,4,03f8c1273e3d,38,4,3,Sales Executive,3,Married,f05ab264302e,4658,2,Y,No,4fc82b26aecb,3,6b86b273ff34,80,1,11,3,3,7,6,7,6
29,No,Travel_Frequently,995,Research & Development,2,1,Life Sciences,1,1590,1,03f8c1273e3d,87,3,2,Healthcare Representative,4,Divorced,112a779faa0d,24483,1,Y,No,9400f1b21cb5,3,4b227777d4dd,80,1,6,0,4,6,4,1,3
50,No,Travel_Rarely,264,Sales,9,3,Marketing,1,1591,3,03f8c1273e3d,59,3,5,Manager,3,Married,55abfc4251a6,19519,4,Y,Yes,b17ef6d19c7a,3,4e07408562be,80,1,27,2,3,1,0,0,0
23,No,Travel_Rarely,977,Research & Development,10,3,Technical Degree,1,1592,4,03f8c1273e3d,45,4,1,Research Scientist,3,Married,d511b5d46902,12826,2,Y,No,b17ef6d19c7a,3,4b227777d4dd,80,1,4,2,3,2,2,2,2
36,No,Travel_Frequently,1302,Research & Development,6,4,Life Sciences,1,1594,1,03f8c1273e3d,80,4,2,Laboratory Technician,1,Married,b903eceaae46,19711,3,Y,Yes,3fdba35f04dc,3,4b227777d4dd,80,1,9,3,3,3,2,0,2
42,No,Travel_Rarely,1059,Research & Development,9,2,Other,1,1595,4,03f8c1273e3d,93,2,5,Manager,4,Single,a4149ae68b61,26362,8,Y,No,785f3ec7eb32,4,4b227777d4dd,80,0,24,2,3,1,0,0,1
35,No,Travel_Rarely,750,Research & Development,28,3,Life Sciences,1,1596,2,03f8c1273e3d,46,4,2,Laboratory Technician,3,Married,ab58ad627e6b,25348,1,Y,No,4523540f1504,3,4b227777d4dd,80,2,10,3,2,10,9,6,8
34,No,Travel_Frequently,653,Research & Development,10,4,Technical Degree,1,1597,4,03f8c1273e3d,92,2,2,Healthcare Representative,3,Married,2b8bf3b855a2,15332,1,Y,No,8527a891e224,3,d4735e3a265e,80,1,8,3,2,8,2,7,7
40,No,Travel_Rarely,118,Sales,14,2,Life Sciences,1,1598,4,e8cca808ae5a,84,3,2,Sales Executive,1,Married,fd7d77de225b,11262,1,Y,No,e629fa6598d7,3,4e07408562be,80,1,5,2,3,5,4,1,2
43,No,Travel_Rarely,990,Research & Development,27,3,Technical Degree,1,1599,4,03f8c1273e3d,87,4,1,Laboratory Technician,2,Divorced,a053262db2c0,5855,5,Y,No,6b51d431df5d,3,4e07408562be,80,1,8,0,3,6,4,0,2
35,No,Travel_Rarely,1349,Research & Development,7,2,Life Sciences,1,1601,3,03f8c1273e3d,63,2,1,Laboratory Technician,4,Married,8ba89f83a197,7713,1,Y,No,4ec9599fc203,3,4b227777d4dd,80,1,1,5,2,1,0,0,1
46,No,Travel_Rarely,563,Sales,1,4,Life Sciences,1,1602,4,03f8c1273e3d,56,4,4,Manager,1,Single,b5f9d03cf1c5,3156,1,Y,No,e629fa6598d7,3,d4735e3a265e,80,0,27,5,1,26,0,0,12
28,Yes,Travel_Rarely,329,Research & Development,24,3,Medical,1,1604,3,03f8c1273e3d,51,3,1,Laboratory Technician,2,Married,45c7b309a477,7324,1,Y,Yes,4523540f1504,3,4e07408562be,80,3,1,3,3,1,1,0,0
22,No,Non-Travel,457,Research & Development,26,2,Other,1,1605,2,e8cca808ae5a,85,2,1,Research Scientist,3,Married,35d5aa731b1e,10293,1,Y,Yes,8527a891e224,3,d4735e3a265e,80,0,4,2,2,4,2,1,3
50,No,Travel_Frequently,1234,Research & Development,20,5,Medical,1,1606,2,03f8c1273e3d,41,3,4,Healthcare Representative,3,Married,cb755b899854,20689,2,Y,Yes,e629fa6598d7,3,4e07408562be,80,1,32,3,3,30,8,12,13
32,No,Travel_Rarely,634,Research & Development,5,4,Other,1,1607,2,e8cca808ae5a,35,4,1,Research Scientist,4,Married,2ee62f16ca41,18783,3,Y,No,4523540f1504,3,4b227777d4dd,80,2,6,3,3,3,2,0,2
44,No,Travel_Rarely,1313,Research & Development,7,3,Medical,1,1608,2,e8cca808ae5a,31,3,5,Research Director,4,Divorced,e3058cd9f658,3549,0,Y,Yes,8527a891e224,3,4b227777d4dd,80,1,23,4,2,22,7,1,10
30,No,Travel_Rarely,241,Research & Development,7,3,Medical,1,1609,2,03f8c1273e3d,48,2,1,Research Scientist,2,Married,1744784df13e,5348,1,Y,No,6b51d431df5d,3,d4735e3a265e,80,1,6,3,2,6,4,1,1
45,No,Travel_Rarely,1015,Research & Development,5,5,Medical,1,1611,3,e8cca808ae5a,50,1,2,Laboratory Technician,1,Single,a6ea31161f3e,23447,1,Y,Yes,8527a891e224,3,6b86b273ff34,80,0,10,3,3,10,7,1,4
45,No,Non-Travel,336,Sales,26,3,Marketing,1,1612,1,03f8c1273e3d,52,2,2,Sales Executive,1,Married,caaafd2b3354,24162,1,Y,No,e629fa6598d7,3,6b86b273ff34,80,1,10,2,3,10,7,4,5
31,No,Travel_Frequently,715,Sales,2,4,Other,1,1613,4,03f8c1273e3d,54,3,2,Sales Executive,1,Single,3957deaf962b,21602,7,Y,No,3fdba35f04dc,3,4b227777d4dd,80,0,10,3,3,5,2,0,3
36,No,Travel_Rarely,559,Research & Development,12,4,Life Sciences,1,1614,3,e8cca808ae5a,76,3,2,Manufacturing Director,3,Married,731c883e561f,12421,9,Y,Yes,6b51d431df5d,3,d4735e3a265e,80,2,7,2,3,3,2,1,1
34,No,Travel_Frequently,426,Research & Development,10,4,Life Sciences,1,1615,3,03f8c1273e3d,42,4,2,Manufacturing Director,4,Divorced,5ec68887c118,17000,1,Y,No,3fdba35f04dc,3,6b86b273ff34,80,1,9,3,3,9,7,7,2
49,No,Travel_Rarely,722,Research & Development,25,4,Life Sciences,1,1617,3,e8cca808ae5a,84,3,1,Laboratory Technician,1,Married,4a8ed6268c17,22102,1,Y,No,8527a891e224,3,4b227777d4dd,80,1,10,3,2,9,6,1,4
39,No,Travel_Rarely,1387,Research & Development,10,5,Medical,1,1618,2,03f8c1273e3d,76,3,2,Manufacturing Director,1,Married,aa4109a07305,3835,2,Y,No,3fdba35f04dc,3,4b227777d4dd,80,3,10,3,3,7,7,7,7
27,No,Travel_Rarely,1302,Research & Development,19,3,Other,1,1619,4,03f8c1273e3d,67,2,1,Laboratory Technician,1,Divorced,99d344d4dba2,16290,1,Y,No,4fc82b26aecb,3,6b86b273ff34,80,2,7,3,3,7,7,0,7
35,No,Travel_Rarely,819,Research & Development,18,5,Life Sciences,1,1621,2,03f8c1273e3d,48,4,2,Research Scientist,1,Married,b343addd7aa6,26312,1,Y,No,4fc82b26aecb,3,4b227777d4dd,80,0,16,2,3,16,15,1,10
28,No,Travel_Rarely,580,Research & Development,27,3,Medical,1,1622,2,e8cca808ae5a,39,1,2,Manufacturing Director,1,Divorced,e9fcc34d4cd9,20460,0,Y,No,6f4b6612125f,4,d4735e3a265e,80,1,6,5,2,5,3,0,0
21,No,Travel_Rarely,546,Research & Development,5,1,Medical,1,1623,3,03f8c1273e3d,97,3,1,Research Scientist,4,Single,ab79acbdd62e,26009,1,Y,No,4ec9599fc203,3,4e07408562be,80,0,3,2,3,2,2,2,2
18,Yes,Travel_Frequently,544,Sales,3,2,Medical,1,1624,2,e8cca808ae5a,70,3,1,Sales Representative,4,Single,c98c37cbc024,18420,1,Y,Yes,6b51d431df5d,3,4e07408562be,80,0,0,2,4,0,0,0,0
47,No,Travel_Rarely,1176,Human Resources,26,4,Life Sciences,1,1625,4,e8cca808ae5a,98,3,5,Manager,3,Married,04c63d2b8b3b,5220,3,Y,No,4fc82b26aecb,3,4e07408562be,80,1,27,2,3,5,2,1,0
39,No,Travel_Rarely,170,Research & Development,3,2,Medical,1,1627,3,03f8c1273e3d,76,2,2,Laboratory Technician,3,Divorced,d642822b369c,10302,0,Y,No,e629fa6598d7,3,4b227777d4dd,80,1,11,3,3,10,8,0,7
40,No,Travel_Rarely,884,Research & Development,15,3,Life Sciences,1,1628,1,e8cca808ae5a,80,2,3,Manufacturing Director,3,Married,4c61425fecfe,25800,1,Y,No,3fdba35f04dc,3,4b227777d4dd,80,2,18,2,3,18,15,14,12
35,No,Non-Travel,208,Research & Development,8,4,Life Sciences,1,1630,3,e8cca808ae5a,52,3,2,Healthcare Representative,3,Married,2a3b858f52f7,12250,1,Y,No,6b51d431df5d,3,4b227777d4dd,80,1,15,5,3,14,11,2,9
37,No,Travel_Rarely,671,Research & Development,19,3,Life Sciences,1,1631,3,03f8c1273e3d,85,3,2,Manufacturing Director,3,Married,ee65fbaffa57,26493,3,Y,No,4523540f1504,3,6b86b273ff34,80,3,9,2,2,4,3,0,2
39,No,Travel_Frequently,711,Research & Development,4,3,Medical,1,1633,1,e8cca808ae5a,81,3,2,Manufacturing Director,3,Single,987f08bbb02c,3140,0,Y,No,3fdba35f04dc,3,4b227777d4dd,80,0,10,2,1,9,2,3,8
45,No,Travel_Rarely,1329,Research & Development,2,2,Other,1,1635,4,e8cca808ae5a,59,2,2,Manufacturing Director,4,Divorced,cdd17cd0ba8b,5388,1,Y,No,9400f1b21cb5,3,6b86b273ff34,80,2,10,3,3,10,7,3,9
38,No,Travel_Rarely,397,Research & Development,2,2,Medical,1,1638,4,e8cca808ae5a,54,2,3,Manufacturing Director,3,Married,c4e2e9a17e38,14199,3,Y,Yes,9400f1b21cb5,3,4b227777d4dd,80,1,10,6,4,5,4,0,2
35,Yes,Travel_Rarely,737,Sales,10,3,Medical,1,1639,4,03f8c1273e3d,55,2,3,Sales Executive,1,Married,0680e388fc5b,21530,9,Y,No,4523540f1504,3,4e07408562be,80,0,15,3,3,13,12,6,0
37,No,Travel_Rarely,1470,Research & Development,10,3,Medical,1,1640,2,e8cca808ae5a,71,3,1,Research Scientist,2,Married,9cfc3099e52f,9953,1,Y,No,4fc82b26aecb,3,6b86b273ff34,80,1,8,2,1,8,4,7,7
40,No,Travel_Rarely,448,Research & Development,16,3,Life Sciences,1,1641,3,e8cca808ae5a,84,3,3,Manufacturing Director,4,Single,a3c171bc7313,19948,6,Y,Yes,e629fa6598d7,3,4b227777d4dd,80,0,18,2,2,4,2,3,3
44,No,Travel_Frequently,602,Human Resources,1,5,Human Resources,1,1642,1,03f8c1273e3d,37,3,2,Human Resources,4,Married,8a8b6089b6da,10503,4,Y,Yes,4fc82b26aecb,3,4e07408562be,80,0,14,3,3,10,7,0,2
48,No,Travel_Frequently,365,Research & Development,4,5,Medical,1,1644,3,03f8c1273e3d,89,2,4,Manager,4,Married,cfea824e4165,5602,2,Y,No,b7a56873cd77,4,d4735e3a265e,80,1,23,3,3,2,2,2,2
35,Yes,Travel_Rarely,763,Sales,15,2,Medical,1,1645,1,03f8c1273e3d,59,1,2,Sales Executive,4,Divorced,90f285f8fb15,22098,6,Y,Yes,8527a891e224,3,4b227777d4dd,80,2,7,2,2,2,2,2,2
24,No,Travel_Frequently,567,Research & Development,2,1,Technical Degree,1,1646,1,e8cca808ae5a,32,3,1,Research Scientist,4,Single,432d5fe6d67c,17218,1,Y,Yes,3fdba35f04dc,3,4e07408562be,80,0,6,2,3,6,3,1,3
27,No,Travel_Rarely,486,Research & Development,8,3,Medical,1,1647,2,e8cca808ae5a,86,4,1,Research Scientist,3,Married,7811e7c165a3,22490,7,Y,No,4523540f1504,3,6b86b273ff34,80,0,5,0,3,3,2,0,2
27,No,Travel_Frequently,591,Research & Development,2,3,Medical,1,1648,4,03f8c1273e3d,87,3,1,Research Scientist,4,Single,ed946f65d2c7,6297,2,Y,No,3fdba35f04dc,3,4e07408562be,80,0,6,0,2,4,2,1,2
40,Yes,Travel_Rarely,1329,Research & Development,7,3,Life Sciences,1,1649,1,03f8c1273e3d,73,3,1,Laboratory Technician,1,Single,7bccba2d3a3f,3339,3,Y,Yes,8527a891e224,3,d4735e3a265e,80,0,10,3,1,4,2,0,3
29,No,Travel_Rarely,469,Sales,10,3,Medical,1,1650,3,03f8c1273e3d,42,2,2,Sales Executive,3,Single,7299095f1365,23413,9,Y,No,4fc82b26aecb,3,4e07408562be,80,0,8,2,3,5,2,1,4
36,No,Travel_Rarely,711,Research & Development,5,4,Life Sciences,1,1651,2,e8cca808ae5a,42,3,3,Healthcare Representative,1,Married,286c897eba57,22792,4,Y,No,6b51d431df5d,3,4e07408562be,80,2,9,6,3,3,2,0,2
25,No,Travel_Frequently,772,Research & Development,2,1,Life Sciences,1,1653,4,03f8c1273e3d,77,4,2,Manufacturing Director,3,Divorced,4541a289057b,4973,1,Y,No,4523540f1504,3,4e07408562be,80,2,7,6,3,7,7,0,7
39,No,Travel_Rarely,492,Research & Development,12,3,Medical,1,1654,4,03f8c1273e3d,66,3,2,Manufacturing Director,2,Married,b1627623a71a,7693,4,Y,No,6f4b6612125f,4,4e07408562be,80,0,7,3,3,5,4,1,0
49,No,Travel_Rarely,301,Research & Development,22,4,Other,1,1655,1,e8cca808ae5a,72,3,4,Research Director,2,Married,e133325b228e,3498,3,Y,No,b17ef6d19c7a,3,d4735e3a265e,80,2,27,2,3,4,2,1,2
50,No,Travel_Rarely,813,Research & Development,17,5,Life Sciences,1,1656,4,e8cca808ae5a,50,2,3,Research Director,1,Divorced,c03b82e3f605,21981,5,Y,No,e629fa6598d7,3,4e07408562be,80,3,19,3,3,14,11,1,11
20,No,Travel_Rarely,1141,Sales,2,3,Medical,1,1657,3,e8cca808ae5a,31,3,1,Sales Representative,3,Single,0ee95e1b4aa2,13251,1,Y,No,9400f1b21cb5,3,6b86b273ff34,80,0,2,3,3,2,2,2,2
34,No,Travel_Rarely,1130,Research & Development,3,3,Life Sciences,1,1658,4,e8cca808ae5a,66,3,2,Research Scientist,2,Divorced,5f60288fa383,19332,1,Y,No,6b51d431df5d,3,4e07408562be,80,1,11,2,3,11,8,7,9
36,No,Travel_Rarely,311,Research & Development,7,3,Life Sciences,1,1659,1,03f8c1273e3d,77,3,1,Laboratory Technician,2,Single,7931aa2a1bed,10950,2,Y,No,4fc82b26aecb,3,4e07408562be,80,0,15,4,3,4,3,1,3
49,No,Travel_Rarely,465,Research & Development,6,1,Life Sciences,1,1661,3,e8cca808ae5a,41,2,4,Healthcare Representative,3,Married,32c9c557b051,11652,2,Y,Yes,9400f1b21cb5,3,d4735e3a265e,80,1,30,3,3,15,11,2,12
36,No,Non-Travel,894,Research & Development,1,4,Medical,1,1662,4,e8cca808ae5a,33,2,2,Manufacturing Director,3,Married,9d9b481a8adb,15411,0,Y,No,e629fa6598d7,3,4e07408562be,80,0,4,6,3,3,2,1,2
36,No,Travel_Rarely,1040,Research & Development,3,2,Life Sciences,1,1664,4,03f8c1273e3d,79,4,2,Healthcare Representative,1,Divorced,06ca9051ba43,26308,6,Y,No,f5ca38f748a1,4,6b86b273ff34,80,1,13,3,3,5,4,0,4
54,No,Travel_Rarely,584,Research & Development,22,5,Medical,1,1665,2,e8cca808ae5a,91,3,4,Manager,3,Married,60c4893828c7,18685,3,Y,No,b7a56873cd77,4,4e07408562be,80,1,36,6,3,10,8,4,7
43,No,Travel_Rarely,1291,Research & Development,15,2,Life Sciences,1,1666,3,03f8c1273e3d,65,2,4,Research Director,3,Married,54750e433d92,3525,1,Y,No,c2356069e9d1,4,6b86b273ff34,80,1,14,3,3,14,10,6,11
35,Yes,Travel_Frequently,880,Sales,12,4,Other,1,1667,4,03f8c1273e3d,36,3,2,Sales Executive,4,Single,51358c64f062,10414,3,Y,Yes,c2356069e9d1,4,6b86b273ff34,80,0,13,2,4,11,9,6,7
38,No,Travel_Frequently,1189,Research & Development,1,3,Life Sciences,1,1668,4,03f8c1273e3d,90,3,2,Research Scientist,4,Married,3a5b1fbaad25,9867,7,Y,No,e629fa6598d7,3,4b227777d4dd,80,2,19,4,4,13,11,2,9
29,No,Travel_Rarely,991,Sales,5,3,Medical,1,1669,1,03f8c1273e3d,43,2,2,Sales Executive,2,Divorced,b06fa6f096dd,3356,1,Y,Yes,3fdba35f04dc,3,d4735e3a265e,80,1,10,3,2,10,0,0,9
33,No,Travel_Rarely,392,Sales,2,4,Medical,1,1670,4,03f8c1273e3d,93,3,2,Sales Executive,4,Divorced,065aab207e6f,3921,1,Y,No,8527a891e224,3,4e07408562be,80,2,6,5,3,6,2,0,4
32,No,Travel_Rarely,977,Research & Development,2,3,Medical,1,1671,4,03f8c1273e3d,45,3,2,Research Scientist,2,Divorced,07492b151560,25518,0,Y,No,3fdba35f04dc,3,4e07408562be,80,2,10,4,2,9,5,1,6
31,No,Travel_Rarely,1112,Sales,5,4,Life Sciences,1,1673,1,e8cca808ae5a,67,3,2,Sales Executive,4,Married,e5ac171853c6,22589,1,Y,No,4fc82b26aecb,3,6b86b273ff34,80,2,10,2,3,10,0,0,2
49,No,Travel_Rarely,464,Research & Development,16,3,Medical,1,1674,4,e8cca808ae5a,74,3,1,Laboratory Technician,1,Divorced,576a0f27a454,24941,4,Y,Yes,b17ef6d19c7a,3,d4735e3a265e,80,1,17,2,2,2,2,2,2
38,No,Travel_Frequently,148,Research & Development,2,3,Medical,1,1675,4,e8cca808ae5a,42,2,1,Laboratory Technician,2,Single,014e9fb03ec3,23826,1,Y,No,785f3ec7eb32,4,d4735e3a265e,80,0,4,3,3,4,3,3,3
47,No,Travel_Rarely,1225,Sales,2,4,Life Sciences,1,1676,2,e8cca808ae5a,47,4,4,Manager,2,Divorced,a3c05ccacdf7,21086,6,Y,No,8527a891e224,3,4e07408562be,80,3,29,2,3,3,2,1,2
49,No,Travel_Rarely,809,Research & Development,1,3,Life Sciences,1,1677,3,03f8c1273e3d,36,3,4,Manager,3,Single,beddc3499964,22384,4,Y,No,8527a891e224,3,6b86b273ff34,80,0,23,2,3,8,7,0,0
41,No,Travel_Rarely,1206,Sales,23,2,Life Sciences,1,1678,4,03f8c1273e3d,80,3,3,Sales Executive,3,Single,a84642510684,11591,3,Y,Yes,b17ef6d19c7a,3,4b227777d4dd,80,0,21,2,3,2,0,0,2
20,No,Travel_Rarely,727,Sales,9,1,Life Sciences,1,1680,4,03f8c1273e3d,54,3,1,Sales Representative,1,Single,ff3637d30b19,21082,1,Y,No,4fc82b26aecb,3,6b86b273ff34,80,0,2,3,3,2,2,0,2
33,No,Non-Travel,530,Sales,16,3,Life Sciences,1,1681,3,e8cca808ae5a,36,3,2,Sales Executive,4,Divorced,e1cbed0ecbee,16130,1,Y,Yes,b7a56873cd77,4,4e07408562be,80,1,7,2,3,6,5,1,2
36,No,Travel_Rarely,1351,Research & Development,26,4,Life Sciences,1,1682,1,03f8c1273e3d,80,3,2,Healthcare Representative,3,Married,38fbb36fa36c,7419,6,Y,No,8527a891e224,3,d4735e3a265e,80,2,10,2,2,3,2,0,2
44,No,Travel_Rarely,528,Human Resources,1,3,Life Sciences,1,1683,3,e8cca808ae5a,44,3,1,Human Resources,4,Divorced,fdd25b9aeb3d,4167,4,Y,Yes,4ec9599fc203,3,6b86b273ff34,80,3,8,2,3,2,2,2,2
23,Yes,Travel_Rarely,1320,Research & Development,8,1,Medical,1,1684,4,03f8c1273e3d,93,2,1,Laboratory Technician,3,Single,1c37f887fe79,20586,1,Y,Yes,4fc82b26aecb,3,6b86b273ff34,80,0,5,2,3,5,4,1,2
38,No,Travel_Rarely,1495,Research & Development,4,2,Medical,1,1687,4,e8cca808ae5a,87,3,1,Laboratory Technician,3,Married,757db91a8096,26176,7,Y,No,9400f1b21cb5,3,4b227777d4dd,80,1,7,5,2,0,0,0,0
53,No,Travel_Rarely,1395,Research & Development,24,4,Medical,1,1689,2,03f8c1273e3d,48,4,3,Healthcare Representative,4,Married,a441fa044924,3458,3,Y,No,e629fa6598d7,3,4e07408562be,80,0,11,2,3,4,3,1,2
48,Yes,Travel_Frequently,708,Sales,7,2,Medical,1,1691,4,e8cca808ae5a,95,3,1,Sales Representative,3,Married,9c55b07c4633,11740,2,Y,Yes,4fc82b26aecb,3,4e07408562be,80,2,19,3,3,9,7,7,7
32,Yes,Travel_Rarely,1259,Research & Development,2,4,Life Sciences,1,1692,4,03f8c1273e3d,95,3,1,Laboratory Technician,2,Single,6fef307f9c8a,24852,1,Y,No,6b51d431df5d,3,6b86b273ff34,80,0,1,2,3,1,0,0,0
26,No,Non-Travel,786,Research & Development,7,3,Medical,1,1693,4,03f8c1273e3d,76,3,1,Laboratory Technician,4,Single,5e8a21ead848,11925,1,Y,No,f5ca38f748a1,4,4e07408562be,80,0,7,5,3,7,7,5,7
55,No,Travel_Rarely,1441,Research & Development,22,3,Technical Degree,1,1694,1,03f8c1273e3d,94,2,1,Research Scientist,2,Divorced,ea1241439855,23737,5,Y,No,6b51d431df5d,3,4b227777d4dd,80,1,8,1,3,4,2,1,2
34,No,Travel_Rarely,1157,Research & Development,5,2,Medical,1,1696,2,03f8c1273e3d,57,2,2,Laboratory Technician,4,Married,69dfd503ee88,11912,1,Y,No,8527a891e224,3,4e07408562be,80,1,15,3,4,15,10,4,13
60,No,Travel_Rarely,370,Research & Development,1,4,Medical,1,1697,3,03f8c1273e3d,92,1,3,Healthcare Representative,4,Divorced,34a83fb0d8b7,20467,3,Y,No,f5ca38f748a1,4,4e07408562be,80,1,19,2,4,1,0,0,0
33,No,Travel_Rarely,267,Research & Development,21,3,Medical,1,1698,2,03f8c1273e3d,79,4,1,Laboratory Technician,2,Married,6ae9e4d22c46,13637,1,Y,No,4ec9599fc203,3,4b227777d4dd,80,3,14,6,3,14,11,2,13
37,No,Travel_Frequently,1278,Sales,1,4,Medical,1,1700,3,03f8c1273e3d,31,1,2,Sales Executive,4,Divorced,4123102683e9,7677,1,Y,No,8527a891e224,3,4e07408562be,80,2,6,2,2,6,3,1,3
34,No,Travel_Rarely,678,Research & Development,19,3,Life Sciences,1,1701,2,e8cca808ae5a,35,2,1,Research Scientist,4,Married,b1b716da14a1,20338,1,Y,No,6b51d431df5d,3,d4735e3a265e,80,0,10,3,3,10,9,8,7
23,Yes,Travel_Rarely,427,Sales,7,3,Life Sciences,1,1702,3,03f8c1273e3d,99,3,1,Sales Representative,4,Divorced,2bc805107667,25103,1,Y,Yes,6f4b6612125f,4,d4735e3a265e,80,1,3,2,3,3,2,0,2
44,No,Travel_Rarely,921,Research & Development,2,3,Life Sciences,1,1703,3,e8cca808ae5a,96,4,3,Healthcare Representative,4,Married,aea27ad29798,14810,1,Y,Yes,9400f1b21cb5,3,d4735e3a265e,80,1,9,2,3,8,7,6,7
35,No,Travel_Frequently,146,Research & Development,2,4,Medical,1,1704,1,03f8c1273e3d,79,2,1,Research Scientist,4,Single,afb36973671a,13970,0,Y,Yes,8527a891e224,3,4e07408562be,80,0,6,2,4,5,4,1,4
43,No,Travel_Rarely,1179,Sales,2,3,Medical,1,1706,4,03f8c1273e3d,73,3,2,Sales Executive,4,Married,cbea5b1e12b2,6069,1,Y,Yes,4523540f1504,3,6b86b273ff34,80,1,10,3,3,10,9,8,8
24,No,Travel_Rarely,581,Research & Development,9,3,Medical,1,1707,3,03f8c1273e3d,62,4,1,Research Scientist,3,Married,1f0c90cf2d41,17616,1,Y,No,b17ef6d19c7a,3,4b227777d4dd,80,1,5,1,3,5,3,0,4
41,No,Travel_Rarely,918,Sales,6,3,Marketing,1,1708,4,03f8c1273e3d,35,3,3,Sales Executive,3,Single,2cdf8ea6075c,15869,1,Y,No,6b51d431df5d,3,d4735e3a265e,80,0,10,3,3,10,8,8,7
29,No,Travel_Rarely,1082,Research & Development,9,4,Medical,1,1709,4,e8cca808ae5a,43,3,1,Laboratory Technician,3,Married,47a427797f19,25412,9,Y,No,4523540f1504,3,4e07408562be,80,1,9,2,3,5,3,1,2
36,No,Travel_Rarely,530,Sales,2,4,Life Sciences,1,1710,3,e8cca808ae5a,51,3,2,Sales Representative,4,Single,daa1dbb904b9,7439,3,Y,No,e629fa6598d7,3,4e07408562be,80,0,17,2,2,13,7,6,7
45,No,Non-Travel,1238,Research & Development,1,1,Life Sciences,1,1712,3,03f8c1273e3d,74,2,3,Healthcare Representative,3,Married,f883c57c2df2,3395,3,Y,No,535fa30d7e25,4,4b227777d4dd,80,1,25,3,2,23,15,14,4
24,Yes,Travel_Rarely,240,Human Resources,22,1,Human Resources,1,1714,4,03f8c1273e3d,58,1,1,Human Resources,3,Married,2ae7ffb0ec4d,11585,1,Y,No,4fc82b26aecb,3,4e07408562be,80,1,1,2,3,1,0,0,0
47,Yes,Travel_Frequently,1093,Sales,9,3,Life Sciences,1,1716,3,03f8c1273e3d,82,1,4,Sales Executive,3,Married,8498cfe1c971,24164,7,Y,No,4fc82b26aecb,3,4e07408562be,80,0,25,3,1,23,5,14,10
26,No,Travel_Rarely,390,Research & Development,17,4,Medical,1,1718,4,03f8c1273e3d,62,1,1,Laboratory Technician,3,Married,9a5a48758da3,6217,1,Y,No,e629fa6598d7,3,4e07408562be,80,3,3,3,4,3,2,0,2
45,No,Travel_Rarely,1005,Research & Development,28,2,Technical Degree,1,1719,4,e8cca808ae5a,48,2,4,Research Director,2,Single,07329cd98321,17119,1,Y,No,4fc82b26aecb,3,4e07408562be,80,0,21,2,3,21,6,8,6
32,No,Travel_Frequently,585,Research & Development,10,3,Life Sciences,1,1720,1,03f8c1273e3d,56,3,1,Research Scientist,3,Married,2adcda788844,17360,6,Y,No,3fdba35f04dc,3,6b86b273ff34,80,1,10,3,2,5,2,1,3
31,No,Travel_Rarely,741,Research & Development,2,4,Life Sciences,1,1721,2,03f8c1273e3d,69,3,1,Laboratory Technician,3,Married,a9695960eb99,18103,1,Y,No,8527a891e224,3,4b227777d4dd,80,1,6,2,4,5,2,0,3
41,No,Non-Travel,552,Human Resources,4,3,Human Resources,1,1722,3,03f8c1273e3d,60,1,2,Human Resources,2,Married,aa71543206a7,20794,6,Y,No,9400f1b21cb5,3,d4735e3a265e,80,1,10,4,3,3,2,1,2
40,No,Travel_Rarely,369,Research & Development,8,2,Life Sciences,1,1724,2,e8cca808ae5a,92,3,2,Manufacturing Director,1,Married,f1faf6fba3fb,5041,2,Y,Yes,b17ef6d19c7a,3,d4735e3a265e,80,1,18,3,3,1,0,0,0
24,No,Travel_Rarely,506,Research & Development,29,1,Medical,1,1725,2,03f8c1273e3d,91,3,1,Laboratory Technician,1,Divorced,96e85c9fe31d,3622,1,Y,No,3fdba35f04dc,3,d4735e3a265e,80,3,6,2,4,6,2,1,2
46,No,Travel_Rarely,717,Research & Development,13,4,Life Sciences,1,1727,3,03f8c1273e3d,34,3,2,Healthcare Representative,2,Single,b903eceaae46,9697,6,Y,No,8527a891e224,3,4b227777d4dd,80,0,19,3,3,10,7,0,9
35,No,Travel_Rarely,1370,Research & Development,27,4,Life Sciences,1,1728,4,03f8c1273e3d,49,3,2,Manufacturing Director,3,Married,63bb46a927b1,5151,2,Y,No,b17ef6d19c7a,3,d4735e3a265e,80,1,17,3,3,7,7,0,7
30,No,Travel_Rarely,793,Research & Development,16,1,Life Sciences,1,1729,2,03f8c1273e3d,33,3,1,Research Scientist,4,Married,a7452d4e5f24,3811,1,Y,No,6b51d431df5d,3,d4735e3a265e,80,1,10,2,2,10,0,0,8
47,No,Non-Travel,543,Sales,2,4,Marketing,1,1731,3,03f8c1273e3d,87,3,2,Sales Executive,2,Married,a233f1dd105f,3536,7,Y,No,4fc82b26aecb,3,4b227777d4dd,80,1,4,3,1,1,0,0,0
46,No,Travel_Rarely,1277,Sales,2,3,Life Sciences,1,1732,3,03f8c1273e3d,74,3,3,Sales Executive,4,Divorced,42a730d54adf,5596,4,Y,Yes,6b51d431df5d,3,d4735e3a265e,80,1,13,5,2,10,6,0,3
36,Yes,Travel_Rarely,1456,Sales,13,5,Marketing,1,1733,2,03f8c1273e3d,96,2,2,Sales Executive,1,Divorced,d00e9ccf9be4,8658,5,Y,Yes,3fdba35f04dc,3,d4735e3a265e,80,3,16,3,3,2,2,2,2
32,Yes,Travel_Rarely,964,Sales,1,2,Life Sciences,1,1734,1,03f8c1273e3d,34,1,2,Sales Executive,2,Single,e4ac3c6df79b,12147,6,Y,No,e629fa6598d7,3,d4735e3a265e,80,0,10,2,3,0,0,0,0
23,No,Travel_Rarely,160,Research & Development,4,1,Medical,1,1735,3,e8cca808ae5a,51,3,1,Laboratory Technician,2,Single,a1e1e86414fd,12862,1,Y,No,3fdba35f04dc,3,4e07408562be,80,0,3,3,1,3,2,1,2
31,No,Travel_Frequently,163,Research & Development,24,1,Technical Degree,1,1736,4,e8cca808ae5a,30,3,2,Manufacturing Director,4,Single,f34eb9d345d7,6670,2,Y,No,f5ca38f748a1,4,4b227777d4dd,80,0,9,3,2,5,4,1,4
39,No,Non-Travel,792,Research & Development,1,3,Life Sciences,1,1737,4,03f8c1273e3d,77,3,2,Laboratory Technician,4,Married,a058442fa0f6,8989,1,Y,Yes,e629fa6598d7,3,4b227777d4dd,80,1,9,2,3,9,8,5,8
32,No,Travel_Rarely,371,Sales,19,3,Life Sciences,1,1739,4,03f8c1273e3d,80,1,3,Sales Executive,3,Married,ccddcd7ec696,3840,3,Y,No,3fdba35f04dc,3,4e07408562be,80,1,10,2,1,4,3,0,2
40,No,Travel_Rarely,611,Sales,7,4,Medical,1,1740,2,03f8c1273e3d,88,3,5,Manager,2,Single,5ca38a8cb4b2,4349,1,Y,No,8527a891e224,3,d4735e3a265e,80,0,21,3,2,21,8,12,8
45,No,Travel_Rarely,176,Human Resources,4,3,Life Sciences,1,1744,3,e8cca808ae5a,56,1,3,Human Resources,3,Married,07e1906a4c41,6595,4,Y,No,6f4b6612125f,4,4e07408562be,80,2,9,2,4,5,0,0,3
30,No,Travel_Frequently,1312,Research & Development,2,4,Technical Degree,1,1745,4,e8cca808ae5a,78,2,1,Research Scientist,1,Single,914a6de7d899,26427,0,Y,No,b17ef6d19c7a,3,4b227777d4dd,80,0,10,2,3,9,7,0,7
24,No,Travel_Frequently,897,Human Resources,10,3,Medical,1,1746,1,03f8c1273e3d,59,3,1,Human Resources,4,Married,41332273b091,2097,0,Y,No,8527a891e224,3,4b227777d4dd,80,1,3,2,3,2,2,2,1
30,Yes,Travel_Frequently,600,Human Resources,8,3,Human Resources,1,1747,3,e8cca808ae5a,66,2,1,Human Resources,4,Divorced,25dbd7ca6d95,9732,6,Y,No,4fc82b26aecb,3,4e07408562be,80,1,6,0,2,4,2,1,2
31,No,Travel_Rarely,1003,Sales,5,3,Technical Degree,1,1749,1,03f8c1273e3d,51,3,2,Sales Executive,3,Married,0c943b6adf66,20943,1,Y,No,9400f1b21cb5,3,4e07408562be,80,1,6,3,3,5,2,0,2
27,No,Travel_Rarely,1054,Research & Development,8,3,Medical,1,1751,3,e8cca808ae5a,67,3,1,Research Scientist,4,Single,8a835b9bf9c1,6152,1,Y,No,4fc82b26aecb,3,4e07408562be,80,0,6,5,2,6,2,1,4
29,Yes,Travel_Rarely,428,Sales,9,3,Marketing,1,1752,2,e8cca808ae5a,52,1,1,Sales Representative,2,Single,5fff864d2723,14630,1,Y,No,3fdba35f04dc,3,4e07408562be,80,0,2,3,3,2,2,2,2
29,No,Travel_Frequently,461,Research & Development,1,3,Life Sciences,1,1753,4,03f8c1273e3d,70,4,2,Healthcare Representative,3,Single,4050734752b3,23060,8,Y,Yes,6b51d431df5d,3,4b227777d4dd,80,0,10,5,4,3,2,0,2
30,No,Travel_Rarely,979,Sales,15,2,Marketing,1,1754,3,03f8c1273e3d,94,2,3,Sales Executive,1,Divorced,65a98449f077,3088,2,Y,No,4fc82b26aecb,3,6b86b273ff34,80,1,12,2,3,7,7,1,7
34,No,Travel_Rarely,181,Research & Development,2,4,Medical,1,1755,4,03f8c1273e3d,97,4,1,Research Scientist,4,Married,15cfbe902e41,5586,0,Y,Yes,8527a891e224,3,6b86b273ff34,80,3,6,3,3,5,0,1,2
33,No,Non-Travel,1283,Sales,2,3,Marketing,1,1756,4,e8cca808ae5a,62,3,2,Sales Executive,2,Single,2a8ae6164678,10697,8,Y,No,e629fa6598d7,3,4b227777d4dd,80,0,13,2,2,11,7,1,7
49,No,Travel_Rarely,1313,Sales,11,4,Marketing,1,1757,4,e8cca808ae5a,80,3,2,Sales Executive,4,Single,a27d23ba8048,8191,3,Y,No,6b51d431df5d,3,4e07408562be,80,0,8,1,4,5,1,0,4
33,Yes,Travel_Rarely,211,Sales,16,3,Life Sciences,1,1758,1,e8cca808ae5a,74,3,3,Sales Executive,1,Single,8c8699214133,10092,2,Y,Yes,f5ca38f748a1,4,4e07408562be,80,0,11,2,2,0,0,0,0
38,No,Travel_Frequently,594,Research & Development,2,2,Medical,1,1760,3,e8cca808ae5a,75,2,1,Laboratory Technician,2,Married,a1fb4e703a9e,15963,4,Y,No,8527a891e224,3,d4735e3a265e,80,1,9,4,2,6,1,0,5
31,Yes,Travel_Rarely,1079,Sales,16,4,Marketing,1,1761,1,03f8c1273e3d,70,3,3,Sales Executive,3,Married,0b0829e2c111,19002,2,Y,No,3fdba35f04dc,3,6b86b273ff34,80,3,10,2,3,1,0,0,0
29,No,Travel_Rarely,590,Research & Development,4,3,Technical Degree,1,1762,4,e8cca808ae5a,91,2,1,Research Scientist,1,Divorced,62fb418140a7,10007,1,Y,No,3fdba35f04dc,3,4e07408562be,80,1,1,2,3,1,0,0,0
30,No,Travel_Rarely,305,Research & Development,16,3,Life Sciences,1,1763,3,03f8c1273e3d,58,4,2,Healthcare Representative,3,Married,e71d3cc1a484,9128,3,Y,No,b17ef6d19c7a,3,4e07408562be,80,1,10,3,3,7,0,1,7
32,No,Non-Travel,953,Research & Development,5,4,Technical Degree,1,1764,2,03f8c1273e3d,65,3,1,Research Scientist,2,Single,c47e82e01e20,17674,2,Y,No,8527a891e224,3,d4735e3a265e,80,0,12,3,3,7,7,0,7
38,No,Travel_Rarely,833,Research & Development,18,3,Medical,1,1766,2,03f8c1273e3d,60,1,2,Healthcare Representative,4,Married,ccfce015ab78,24539,3,Y,Yes,b17ef6d19c7a,3,4e07408562be,80,1,15,2,3,1,0,1,0
43,Yes,Travel_Frequently,807,Research & Development,17,3,Technical Degree,1,1767,3,03f8c1273e3d,38,2,1,Research Scientist,3,Married,c8510e576de1,15587,9,Y,Yes,b17ef6d19c7a,3,4b227777d4dd,80,1,6,4,3,1,0,0,0
42,No,Travel_Rarely,855,Research & Development,12,3,Medical,1,1768,2,03f8c1273e3d,57,3,1,Laboratory Technician,2,Divorced,40771a76e874,8952,8,Y,No,785f3ec7eb32,4,d4735e3a265e,80,3,7,6,2,5,3,0,4
55,No,Travel_Rarely,478,Research & Development,2,3,Medical,1,1770,3,03f8c1273e3d,60,2,5,Research Director,1,Married,f6cd1a170f65,19805,8,Y,No,6b51d431df5d,3,d4735e3a265e,80,3,34,2,3,1,0,0,0
33,No,Non-Travel,775,Research & Development,4,3,Technical Degree,1,1771,4,03f8c1273e3d,90,3,2,Research Scientist,2,Divorced,4c36c775b818,6194,5,Y,No,e629fa6598d7,3,4b227777d4dd,80,2,11,2,2,9,8,1,7
41,No,Travel_Rarely,548,Research & Development,9,4,Life Sciences,1,1772,3,03f8c1273e3d,94,3,1,Laboratory Technician,1,Divorced,b830921ffa70,20520,1,Y,No,f5ca38f748a1,4,d4735e3a265e,80,2,5,2,3,5,3,0,4
34,No,Non-Travel,1375,Sales,10,3,Life Sciences,1,1774,4,03f8c1273e3d,87,3,2,Sales Executive,3,Divorced,b0efc797ea75,12313,1,Y,Yes,8527a891e224,3,4e07408562be,80,1,15,3,3,15,14,0,7
53,No,Non-Travel,661,Research & Development,1,4,Medical,1,1775,1,e8cca808ae5a,60,2,4,Manufacturing Director,3,Married,a73d28f9664e,22308,4,Y,Yes,f5ca38f748a1,4,4b227777d4dd,80,3,27,2,2,3,2,0,2
43,No,Travel_Rarely,244,Human Resources,2,3,Life Sciences,1,1778,2,03f8c1273e3d,97,3,1,Human Resources,4,Single,e07aa27bdc10,5033,0,Y,No,3fdba35f04dc,3,d4735e3a265e,80,0,10,5,3,9,7,1,8
34,No,Travel_Rarely,511,Sales,3,2,Life Sciences,1,1779,4,e8cca808ae5a,32,1,2,Sales Executive,4,Single,fb14971deacd,25353,5,Y,No,6b51d431df5d,3,6b86b273ff34,80,0,6,3,3,2,2,2,2
21,Yes,Travel_Rarely,337,Sales,7,1,Marketing,1,1780,2,03f8c1273e3d,31,3,1,Sales Representative,2,Single,d0ea28283d46,4567,1,Y,No,3fdba35f04dc,3,d4735e3a265e,80,0,1,3,3,1,0,1,0
38,No,Travel_Rarely,1153,Research & Development,6,2,Other,1,1782,4,e8cca808ae5a,40,2,1,Laboratory Technician,3,Married,998c225a0b7b,16376,1,Y,No,4fc82b26aecb,3,d4735e3a265e,80,1,5,3,3,5,4,0,4
22,Yes,Travel_Rarely,1294,Research & Development,8,1,Medical,1,1783,3,e8cca808ae5a,79,3,1,Laboratory Technician,1,Married,02f7cd8e067c,15999,1,Y,Yes,4523540f1504,3,4e07408562be,80,0,1,6,3,1,0,0,0
31,No,Travel_Rarely,196,Sales,29,4,Marketing,1,1784,1,e8cca808ae5a,91,2,2,Sales Executive,4,Married,e1638e7a3cb9,13402,1,Y,No,8527a891e224,3,6b86b273ff34,80,2,13,3,3,12,7,5,7
51,No,Travel_Rarely,942,Research & Development,3,3,Technical Degree,1,1786,1,e8cca808ae5a,53,3,3,Manager,3,Married,22067cf703f3,22984,2,Y,No,4fc82b26aecb,3,4b227777d4dd,80,0,15,2,3,2,2,2,2
37,No,Travel_Rarely,589,Sales,9,2,Marketing,1,1787,2,03f8c1273e3d,46,2,2,Sales Executive,2,Married,ec8b19be39eb,8800,1,Y,No,8527a891e224,3,6b86b273ff34,80,2,5,2,3,5,2,0,3
46,No,Travel_Rarely,734,Research & Development,2,4,Medical,1,1789,3,03f8c1273e3d,46,3,5,Research Director,4,Divorced,ed14c5413b54,14218,7,Y,Yes,4523540f1504,3,4e07408562be,80,1,24,3,3,2,1,2,2
36,No,Travel_Rarely,1383,Research & Development,10,3,Life Sciences,1,1790,4,03f8c1273e3d,90,3,3,Healthcare Representative,1,Married,64cd896af0df,25949,7,Y,Yes,3fdba35f04dc,3,4b227777d4dd,80,1,15,1,3,12,8,5,7
44,Yes,Travel_Frequently,429,Research & Development,1,2,Medical,1,1792,3,03f8c1273e3d,99,3,1,Research Scientist,2,Divorced,93a2b2c62298,11092,1,Y,Yes,6b51d431df5d,3,4e07408562be,80,3,6,2,2,5,3,2,3
37,No,Travel_Rarely,1239,Human Resources,8,2,Other,1,1794,3,03f8c1273e3d,89,3,2,Human Resources,2,Divorced,b55184dec351,12832,2,Y,No,3fdba35f04dc,3,4e07408562be,80,0,19,4,2,10,0,4,7
35,Yes,Travel_Rarely,303,Sales,27,3,Life Sciences,1,1797,3,03f8c1273e3d,84,3,2,Sales Executive,4,Single,c4beddcf557f,13492,1,Y,Yes,4ec9599fc203,3,4b227777d4dd,80,0,10,2,3,10,7,7,7
33,No,Travel_Rarely,867,Research & Development,8,4,Life Sciences,1,1798,4,03f8c1273e3d,90,4,1,Research Scientist,1,Married,7dbc9e01698f,6076,6,Y,No,9400f1b21cb5,3,d4735e3a265e,80,1,14,1,3,10,8,7,6
28,No,Travel_Rarely,1181,Research & Development,1,3,Life Sciences,1,1799,3,03f8c1273e3d,82,3,1,Research Scientist,4,Married,2920b9489aa3,5531,1,Y,No,4fc82b26aecb,3,4e07408562be,80,1,5,6,4,5,3,0,3
39,No,Travel_Rarely,1253,Research & Development,10,1,Medical,1,1800,3,03f8c1273e3d,65,3,3,Research Director,3,Single,4b54ef7bfca5,7914,7,Y,No,6f4b6612125f,4,4e07408562be,80,0,9,3,3,4,3,2,2
46,No,Non-Travel,849,Sales,26,2,Life Sciences,1,1801,2,03f8c1273e3d,98,2,2,Sales Executive,2,Single,c2f593c98b64,25166,8,Y,No,e629fa6598d7,3,4e07408562be,80,0,6,3,3,2,2,2,2
40,No,Travel_Rarely,616,Research & Development,2,2,Life Sciences,1,1802,3,e8cca808ae5a,99,3,1,Laboratory Technician,1,Married,6c95b7b73f16,25605,4,Y,No,4523540f1504,3,4b227777d4dd,80,1,7,5,2,4,3,0,2
42,No,Travel_Rarely,1128,Research & Development,13,3,Medical,1,1803,2,03f8c1273e3d,95,4,2,Healthcare Representative,1,Married,9162dedf2f66,5696,5,Y,No,4ec9599fc203,3,4e07408562be,80,2,10,2,2,0,0,0,0
35,No,Non-Travel,1180,Research & Development,2,2,Medical,1,1804,2,03f8c1273e3d,90,3,2,Manufacturing Director,4,Divorced,748595a8693a,24442,2,Y,No,8527a891e224,3,4e07408562be,80,1,15,6,3,7,7,1,7
38,No,Non-Travel,1336,Human Resources,2,3,Human Resources,1,1805,1,03f8c1273e3d,100,3,1,Human Resources,2,Divorced,f6142d191a2f,7129,5,Y,No,3fdba35f04dc,3,4b227777d4dd,80,3,13,3,3,11,10,3,8
34,Yes,Travel_Frequently,234,Research & Development,9,4,Life Sciences,1,1807,4,03f8c1273e3d,93,3,2,Laboratory Technician,1,Married,bfbbc7d8940c,6208,4,Y,No,4523540f1504,3,4e07408562be,80,1,11,3,2,7,1,0,7
37,Yes,Travel_Rarely,370,Research & Development,10,4,Medical,1,1809,4,03f8c1273e3d,58,3,2,Manufacturing Director,1,Single,28789a01958b,4992,1,Y,No,e629fa6598d7,3,d4735e3a265e,80,0,10,4,1,10,3,0,8
39,No,Travel_Frequently,766,Sales,20,3,Life Sciences,1,1812,3,03f8c1273e3d,83,3,2,Sales Executive,4,Divorced,f0f92eb79cec,19188,2,Y,No,4ec9599fc203,3,4b227777d4dd,80,1,7,6,3,2,1,2,2
43,No,Non-Travel,343,Research & Development,9,3,Life Sciences,1,1813,1,03f8c1273e3d,52,3,1,Research Scientist,3,Single,68c0d237214c,24978,4,Y,No,3fdba35f04dc,3,4e07408562be,80,0,7,2,2,3,2,1,2
41,No,Travel_Rarely,447,Research & Development,5,3,Life Sciences,1,1814,2,03f8c1273e3d,85,4,2,Healthcare Representative,2,Single,e9ab8bc5c350,15530,3,Y,No,6b51d431df5d,3,6b86b273ff34,80,0,11,3,1,3,2,1,2
41,No,Travel_Rarely,796,Sales,4,1,Marketing,1,1815,3,e8cca808ae5a,81,3,3,Sales Executive,3,Divorced,bb10a5ad4db1,26458,0,Y,Yes,3fdba35f04dc,3,4b227777d4dd,80,1,23,3,4,22,14,13,5
30,No,Travel_Rarely,1092,Research & Development,10,3,Medical,1,1816,1,e8cca808ae5a,64,3,3,Manufacturing Director,3,Single,f93cf7884ae4,2739,9,Y,No,8527a891e224,3,d4735e3a265e,80,0,9,3,3,7,7,0,2
26,Yes,Travel_Rarely,920,Human Resources,20,2,Medical,1,1818,4,e8cca808ae5a,69,3,1,Human Resources,2,Married,2c6499976963,6889,0,Y,Yes,4fc82b26aecb,3,4e07408562be,80,0,6,3,3,5,1,1,4
46,Yes,Travel_Rarely,261,Research & Development,21,2,Medical,1,1821,4,e8cca808ae5a,66,3,2,Healthcare Representative,2,Married,a38a75fc4ac6,10842,4,Y,No,785f3ec7eb32,4,4b227777d4dd,80,1,13,2,4,9,7,3,7
40,No,Travel_Rarely,1194,Research & Development,1,3,Life Sciences,1,1822,3,e8cca808ae5a,52,3,2,Healthcare Representative,4,Divorced,6e29d690a3e1,9060,4,Y,No,4523540f1504,3,4b227777d4dd,80,1,12,3,3,5,3,0,3
34,No,Travel_Rarely,810,Sales,8,2,Technical Degree,1,1823,2,03f8c1273e3d,92,4,2,Sales Executive,3,Married,cb317a98d402,22128,1,Y,No,6f4b6612125f,4,4e07408562be,80,2,10,5,3,10,8,4,8
58,No,Non-Travel,350,Sales,2,3,Medical,1,1824,2,03f8c1273e3d,52,3,4,Manager,2,Divorced,4b2937fadff4,22577,4,Y,No,785f3ec7eb32,4,4b227777d4dd,80,1,37,0,2,16,9,14,14
35,No,Travel_Rarely,185,Research & Development,23,4,Medical,1,1826,2,03f8c1273e3d,91,1,1,Laboratory Technician,3,Married,66d714cbcd03,9696,0,Y,No,b17ef6d19c7a,3,d4735e3a265e,80,1,6,2,4,5,4,0,3
47,No,Travel_Rarely,1001,Research & Development,4,3,Life Sciences,1,1827,3,e8cca808ae5a,92,2,3,Manufacturing Director,2,Divorced,34c4365a9897,19271,8,Y,Yes,6b51d431df5d,3,4e07408562be,80,1,28,4,3,22,11,14,10
40,No,Travel_Rarely,750,Research & Development,12,3,Life Sciences,1,1829,2,e8cca808ae5a,47,3,2,Healthcare Representative,1,Divorced,3fc9188c732d,10748,2,Y,No,6b51d431df5d,3,d4735e3a265e,80,1,15,3,3,7,4,7,7
54,No,Travel_Rarely,431,Research & Development,7,4,Medical,1,1830,4,e8cca808ae5a,68,3,2,Research Scientist,4,Married,d16d9428a3ee,15696,4,Y,No,e629fa6598d7,3,d4735e3a265e,80,1,14,2,2,7,1,1,7
31,No,Travel_Frequently,1125,Sales,7,4,Marketing,1,1833,1,e8cca808ae5a,68,3,3,Sales Executive,1,Married,82db6e33f1c5,8277,2,Y,No,8527a891e224,3,4b227777d4dd,80,2,9,3,3,3,2,2,2
28,No,Travel_Rarely,1217,Research & Development,1,3,Medical,1,1834,3,e8cca808ae5a,67,3,1,Research Scientist,1,Married,572878043bef,12719,1,Y,No,b7a56873cd77,4,4e07408562be,80,1,3,3,3,3,2,1,2
38,No,Travel_Rarely,723,Sales,2,4,Marketing,1,1835,2,e8cca808ae5a,77,1,2,Sales Representative,4,Married,193dfde4a2d3,4244,2,Y,Yes,f5ca38f748a1,4,6b86b273ff34,80,2,20,4,2,4,2,0,3
26,No,Travel_Rarely,572,Sales,10,3,Medical,1,1836,3,03f8c1273e3d,46,3,2,Sales Executive,4,Single,4f2e3c02d4f0,9125,1,Y,No,3fdba35f04dc,3,6b86b273ff34,80,0,5,4,3,5,3,1,2
58,No,Travel_Frequently,1216,Research & Development,15,4,Life Sciences,1,1837,1,03f8c1273e3d,87,3,4,Research Director,3,Married,0cf33875009f,21624,2,Y,Yes,8527a891e224,3,d4735e3a265e,80,0,23,3,3,2,2,2,2
18,No,Non-Travel,1431,Research & Development,14,3,Medical,1,1839,2,e8cca808ae5a,33,3,1,Research Scientist,3,Single,c8f5600f3eb7,8018,1,Y,No,b17ef6d19c7a,3,4e07408562be,80,0,0,4,1,0,0,0,0
31,Yes,Travel_Rarely,359,Human Resources,18,5,Human Resources,1,1842,4,03f8c1273e3d,89,4,1,Human Resources,1,Married,468344ce1f2e,21495,0,Y,No,4523540f1504,3,4e07408562be,80,0,2,4,3,1,0,0,0
29,Yes,Travel_Rarely,350,Human Resources,13,3,Human Resources,1,1844,1,03f8c1273e3d,56,2,1,Human Resources,1,Divorced,de74413100cf,3157,4,Y,Yes,e629fa6598d7,3,4b227777d4dd,80,3,4,3,3,2,2,2,0
45,No,Non-Travel,589,Sales,2,4,Life Sciences,1,1845,3,e8cca808ae5a,67,3,2,Sales Executive,3,Married,b0cc7072ef8a,19665,4,Y,No,785f3ec7eb32,4,d4735e3a265e,80,2,10,3,4,8,7,5,7
36,No,Travel_Rarely,430,Research & Development,2,4,Other,1,1847,4,e8cca808ae5a,73,3,2,Research Scientist,2,Married,e43f9246b35b,19573,4,Y,Yes,785f3ec7eb32,4,4b227777d4dd,80,1,15,2,3,1,0,0,0
43,No,Travel_Frequently,1422,Sales,2,4,Life Sciences,1,1849,1,03f8c1273e3d,92,3,2,Sales Executive,4,Married,3105e40f90f4,19246,1,Y,No,f5ca38f748a1,4,4e07408562be,80,1,7,5,3,7,7,7,7
27,No,Travel_Frequently,1297,Research & Development,5,2,Life Sciences,1,1850,4,e8cca808ae5a,53,3,1,Laboratory Technician,4,Single,011ba6714bb6,19826,0,Y,Yes,8527a891e224,3,4e07408562be,80,0,6,3,2,5,4,0,2
29,No,Travel_Frequently,574,Research & Development,20,1,Medical,1,1852,4,03f8c1273e3d,40,3,1,Laboratory Technician,4,Married,460143e6473f,7003,1,Y,No,3fdba35f04dc,3,d4735e3a265e,80,0,11,3,4,11,8,3,10
32,No,Travel_Frequently,1318,Sales,10,4,Marketing,1,1853,4,03f8c1273e3d,79,3,2,Sales Executive,4,Single,fff6d685ea1a,26075,8,Y,No,3fdba35f04dc,3,4e07408562be,80,0,4,2,4,0,0,0,0
42,No,Non-Travel,355,Research & Development,10,4,Technical Degree,1,1854,3,03f8c1273e3d,38,3,1,Research Scientist,3,Married,a93706e865c2,6161,3,Y,No,785f3ec7eb32,4,d4735e3a265e,80,2,10,1,2,6,3,3,3
47,No,Travel_Rarely,207,Research & Development,9,4,Life Sciences,1,1856,2,e8cca808ae5a,64,3,1,Laboratory Technician,3,Single,9c93522c01b6,5411,4,Y,No,6b51d431df5d,3,4e07408562be,80,0,7,2,3,2,2,2,0
46,No,Travel_Rarely,706,Research & Development,2,2,Life Sciences,1,1857,4,03f8c1273e3d,82,3,3,Manufacturing Director,4,Divorced,abc1ff388270,19989,3,Y,No,8527a891e224,3,4e07408562be,80,1,12,4,2,9,8,4,7
28,No,Non-Travel,280,Human Resources,1,2,Life Sciences,1,1858,3,03f8c1273e3d,43,3,1,Human Resources,4,Divorced,f5e9b69ce10f,10494,1,Y,No,e629fa6598d7,3,d4735e3a265e,80,1,3,2,3,3,2,2,2
29,No,Travel_Rarely,726,Research & Development,29,1,Life Sciences,1,1859,4,03f8c1273e3d,93,1,2,Healthcare Representative,3,Divorced,31a6549f9c47,21143,8,Y,No,4523540f1504,3,4b227777d4dd,80,2,11,3,3,7,0,1,6
42,No,Travel_Rarely,1142,Research & Development,8,3,Life Sciences,1,1860,4,03f8c1273e3d,81,3,1,Laboratory Technician,3,Single,dac455b49f73,13624,4,Y,No,3fdba35f04dc,3,4b227777d4dd,80,0,8,3,3,0,0,0,0
32,Yes,Travel_Rarely,414,Sales,2,4,Marketing,1,1862,3,03f8c1273e3d,82,2,2,Sales Executive,2,Single,980da124d80c,26186,7,Y,Yes,6b51d431df5d,3,4e07408562be,80,0,7,3,2,2,2,2,2
46,No,Travel_Rarely,1319,Sales,3,3,Technical Degree,1,1863,1,e8cca808ae5a,45,4,4,Sales Executive,1,Divorced,81eff02dc644,7739,2,Y,No,6b51d431df5d,3,4b227777d4dd,80,1,25,5,3,19,17,2,8
27,No,Travel_Rarely,728,Sales,23,1,Medical,1,1864,2,e8cca808ae5a,36,2,2,Sales Representative,3,Married,1df8153c919b,7018,1,Y,No,6f4b6612125f,4,4b227777d4dd,80,1,9,5,3,9,8,5,8
29,No,Travel_Rarely,352,Human Resources,6,1,Medical,1,1865,4,03f8c1273e3d,87,2,1,Human Resources,2,Married,322ac9c5f39f,15434,1,Y,No,4fc82b26aecb,3,4b227777d4dd,80,0,1,3,3,1,0,0,0
43,No,Travel_Rarely,823,Research & Development,6,3,Medical,1,1866,1,e8cca808ae5a,81,2,5,Manager,3,Married,b5b33965cdfa,22539,7,Y,No,3fdba35f04dc,3,4b227777d4dd,80,0,21,2,3,16,12,6,14
48,No,Travel_Rarely,1224,Research & Development,10,3,Life Sciences,1,1867,4,03f8c1273e3d,91,2,5,Research Director,2,Married,c8ca94734c5f,13583,4,Y,No,6b51d431df5d,3,4b227777d4dd,80,0,29,3,3,22,10,12,9
29,Yes,Travel_Frequently,459,Research & Development,24,2,Life Sciences,1,1868,4,03f8c1273e3d,73,2,1,Research Scientist,4,Single,d376881f5bd0,14753,1,Y,Yes,c2356069e9d1,4,d4735e3a265e,80,0,1,3,2,1,0,1,0
46,Yes,Travel_Rarely,1254,Sales,10,3,Life Sciences,1,1869,3,e8cca808ae5a,64,3,3,Sales Executive,2,Married,b6f6b6715fae,14011,5,Y,No,6f4b6612125f,4,4e07408562be,80,3,14,2,3,8,7,0,7
27,No,Travel_Frequently,1131,Research & Development,15,3,Life Sciences,1,1870,4,e8cca808ae5a,77,2,1,Research Scientist,1,Married,e5b82b15c2c2,23844,0,Y,No,9400f1b21cb5,3,4b227777d4dd,80,1,8,2,2,7,6,7,3
39,No,Travel_Rarely,835,Research & Development,19,4,Other,1,1871,4,03f8c1273e3d,41,3,2,Research Scientist,4,Divorced,800822114110,5141,8,Y,No,8527a891e224,3,d4735e3a265e,80,3,7,2,3,2,2,2,2
55,No,Travel_Rarely,836,Research & Development,2,4,Technical Degree,1,1873,2,03f8c1273e3d,98,2,1,Research Scientist,4,Married,61b1dbc91985,7975,8,Y,No,f5ca38f748a1,4,d4735e3a265e,80,1,19,2,4,5,2,0,4
28,No,Travel_Rarely,1172,Sales,3,3,Medical,1,1875,2,e8cca808ae5a,78,3,1,Sales Representative,2,Married,b1c04228b439,3692,1,Y,No,9400f1b21cb5,3,4b227777d4dd,80,1,1,3,3,1,0,0,0
30,Yes,Travel_Rarely,945,Sales,9,3,Medical,1,1876,2,03f8c1273e3d,89,3,1,Sales Representative,4,Single,e18037f42fd0,16019,1,Y,No,3fdba35f04dc,3,4e07408562be,80,0,1,3,2,1,0,0,0
22,Yes,Travel_Rarely,391,Research & Development,7,1,Life Sciences,1,1878,4,03f8c1273e3d,75,3,1,Research Scientist,2,Single,1ab607843173,26092,1,Y,Yes,535fa30d7e25,4,6b86b273ff34,80,0,1,2,3,1,0,0,0
36,No,Travel_Rarely,1266,Sales,10,4,Technical Degree,1,1880,2,e8cca808ae5a,63,2,2,Sales Executive,3,Married,b5bba040290c,6060,1,Y,Yes,3fdba35f04dc,3,6b86b273ff34,80,1,10,4,3,10,9,1,7
31,No,Travel_Rarely,311,Research & Development,20,3,Life Sciences,1,1881,2,03f8c1273e3d,89,3,2,Laboratory Technician,3,Divorced,9b6dc42334a8,18624,1,Y,No,4fc82b26aecb,3,6b86b273ff34,80,1,10,2,3,10,8,0,2
34,No,Travel_Rarely,1480,Sales,4,3,Life Sciences,1,1882,3,03f8c1273e3d,64,3,3,Sales Executive,4,Married,75567d38a76f,24444,2,Y,Yes,3fdba35f04dc,3,4b227777d4dd,80,3,9,3,3,5,3,1,0
29,No,Travel_Rarely,592,Research & Development,7,3,Life Sciences,1,1883,4,03f8c1273e3d,59,3,1,Laboratory Technician,1,Single,8efb3a60255d,19384,3,Y,No,8527a891e224,3,d4735e3a265e,80,0,11,2,3,3,2,1,2
37,No,Travel_Rarely,783,Research & Development,7,4,Medical,1,1885,4,03f8c1273e3d,78,3,2,Research Scientist,1,Married,1ce7bdf71376,13588,5,Y,Yes,785f3ec7eb32,4,4e07408562be,80,1,16,2,3,5,3,0,4
35,No,Travel_Rarely,219,Research & Development,16,2,Other,1,1886,4,e8cca808ae5a,44,2,2,Manufacturing Director,2,Married,e26f3716adbe,25388,0,Y,Yes,4fc82b26aecb,3,4b227777d4dd,80,0,4,2,3,3,2,0,2
45,No,Travel_Rarely,556,Research & Development,25,2,Life Sciences,1,1888,2,e8cca808ae5a,93,2,2,Manufacturing Director,4,Married,ecdd7308565e,23888,0,Y,No,3fdba35f04dc,3,4b227777d4dd,80,2,10,2,2,9,8,3,8
36,No,Travel_Frequently,1213,Human Resources,2,1,Human Resources,1,1890,2,03f8c1273e3d,94,2,2,Human Resources,4,Single,5bba8f46cded,4223,1,Y,No,6f4b6612125f,4,4b227777d4dd,80,0,10,2,2,10,1,0,8
40,No,Travel_Rarely,1137,Research & Development,1,4,Life Sciences,1,1892,1,03f8c1273e3d,98,3,4,Manager,1,Divorced,f422ed11d6ed,18991,2,Y,No,4fc82b26aecb,3,6b86b273ff34,80,1,22,3,3,19,7,11,16
26,No,Travel_Rarely,482,Research & Development,1,2,Life Sciences,1,1893,2,e8cca808ae5a,90,2,1,Research Scientist,3,Married,3426ecc31ce5,14908,1,Y,Yes,3fdba35f04dc,3,4e07408562be,80,1,1,3,2,1,0,1,0
27,No,Travel_Rarely,511,Sales,2,2,Medical,1,1898,1,e8cca808ae5a,89,4,2,Sales Executive,3,Single,01375f53651c,26997,0,Y,No,8527a891e224,3,d4735e3a265e,80,0,9,5,2,8,7,0,7
48,No,Travel_Frequently,117,Research & Development,22,3,Medical,1,1900,4,e8cca808ae5a,58,3,4,Manager,4,Divorced,b6a6ee194967,2437,3,Y,No,4fc82b26aecb,3,d4735e3a265e,80,1,24,3,3,22,17,4,7
44,No,Travel_Rarely,170,Research & Development,1,4,Life Sciences,1,1903,2,03f8c1273e3d,78,4,2,Healthcare Representative,1,Married,822fb7b543bf,9364,2,Y,No,e629fa6598d7,3,4b227777d4dd,80,1,10,5,3,2,0,2,2
34,Yes,Non-Travel,967,Research & Development,16,4,Technical Degree,1,1905,4,03f8c1273e3d,85,1,1,Research Scientist,1,Married,07aa2015d482,14460,1,Y,Yes,535fa30d7e25,4,d4735e3a265e,80,1,5,2,3,5,2,3,0
56,Yes,Travel_Rarely,1162,Research & Development,24,2,Life Sciences,1,1907,1,03f8c1273e3d,97,3,1,Laboratory Technician,4,Single,576a0f27a454,10261,1,Y,No,b17ef6d19c7a,3,4b227777d4dd,80,0,5,3,3,4,2,1,0
36,No,Travel_Rarely,335,Sales,17,2,Marketing,1,1908,3,03f8c1273e3d,33,2,2,Sales Executive,2,Married,a33b9df1b504,16822,2,Y,No,b17ef6d19c7a,3,4e07408562be,80,2,12,1,1,4,2,1,3
41,No,Travel_Rarely,337,Sales,8,3,Marketing,1,1909,3,e8cca808ae5a,54,3,2,Sales Executive,2,Married,5c3dafc293f7,26841,5,Y,No,6f4b6612125f,4,4e07408562be,80,1,14,3,3,5,4,1,4
42,No,Travel_Rarely,1396,Research & Development,6,3,Medical,1,1911,3,03f8c1273e3d,83,3,3,Research Director,1,Married,74a6f94777c0,14842,9,Y,No,3fdba35f04dc,3,d4735e3a265e,80,1,18,3,4,13,7,5,7
31,No,Travel_Rarely,1079,Sales,10,2,Medical,1,1912,3,e8cca808ae5a,86,3,2,Sales Executive,4,Divorced,060c9d7a1205,20115,2,Y,Yes,4fc82b26aecb,3,4b227777d4dd,80,1,8,2,3,5,2,1,4
34,No,Travel_Rarely,735,Sales,3,1,Medical,1,1915,4,e8cca808ae5a,75,2,2,Sales Executive,4,Married,b530add70afb,16495,3,Y,Yes,6b51d431df5d,3,4e07408562be,80,0,9,3,2,4,2,0,1
31,No,Travel_Rarely,471,Research & Development,4,3,Medical,1,1916,1,e8cca808ae5a,62,4,1,Laboratory Technician,3,Divorced,cb5032bdf834,16031,8,Y,No,6b51d431df5d,3,d4735e3a265e,80,1,4,0,2,2,2,2,2
26,No,Travel_Frequently,1096,Research & Development,6,3,Other,1,1918,3,03f8c1273e3d,61,4,1,Laboratory Technician,4,Married,18177338c366,7102,0,Y,No,4ec9599fc203,3,6b86b273ff34,80,1,8,3,3,7,7,7,7
45,No,Travel_Frequently,1297,Research & Development,1,4,Medical,1,1922,2,03f8c1273e3d,44,3,2,Healthcare Representative,3,Single,5b7fb45e8435,14511,4,Y,No,6b51d431df5d,3,4e07408562be,80,0,12,3,3,4,2,0,3
33,No,Travel_Rarely,217,Sales,10,4,Marketing,1,1924,2,03f8c1273e3d,43,3,2,Sales Executive,3,Single,612eeab9024b,10410,1,Y,No,8527a891e224,3,d4735e3a265e,80,0,10,2,2,10,4,0,9
28,No,Travel_Frequently,783,Sales,1,2,Life Sciences,1,1927,3,03f8c1273e3d,42,2,2,Sales Executive,4,Married,6254b8c1df9e,19255,1,Y,Yes,6b51d431df5d,3,4e07408562be,80,1,7,2,3,7,7,0,7
29,Yes,Travel_Frequently,746,Sales,24,3,Technical Degree,1,1928,3,03f8c1273e3d,45,4,1,Sales Representative,1,Single,11bde34a6593,10642,1,Y,No,4523540f1504,3,4b227777d4dd,80,0,1,3,3,1,0,0,0
39,No,Non-Travel,1251,Sales,21,4,Life Sciences,1,1929,1,e8cca808ae5a,32,1,2,Sales Executive,3,Married,5354c67c9c2a,3987,6,Y,No,9400f1b21cb5,3,4e07408562be,80,1,10,1,3,3,2,1,2
27,No,Travel_Rarely,1354,Research & Development,2,4,Technical Degree,1,1931,2,03f8c1273e3d,41,3,1,Research Scientist,2,Married,cf2661b79280,6073,1,Y,No,4fc82b26aecb,3,4e07408562be,80,1,6,3,2,5,3,1,2
34,No,Travel_Frequently,735,Research & Development,22,4,Other,1,1932,3,03f8c1273e3d,86,2,2,Research Scientist,4,Married,128e7339aeb8,26496,1,Y,Yes,e629fa6598d7,3,d4735e3a265e,80,0,16,3,3,15,10,6,11
28,Yes,Travel_Rarely,1475,Sales,13,2,Marketing,1,1933,4,e8cca808ae5a,84,3,2,Sales Executive,3,Single,4168d192b5bb,23352,3,Y,Yes,4fc82b26aecb,3,4b227777d4dd,80,0,6,0,3,2,0,2,2
47,No,Non-Travel,1169,Research & Development,14,4,Technical Degree,1,1934,3,03f8c1273e3d,64,3,2,Research Scientist,2,Married,6339497c1ac5,2125,8,Y,No,4ec9599fc203,3,4e07408562be,80,1,16,4,4,8,7,1,7
56,No,Travel_Rarely,1443,Sales,11,5,Marketing,1,1935,4,e8cca808ae5a,89,2,2,Sales Executive,1,Married,4b9fd282c24e,20328,4,Y,No,b17ef6d19c7a,3,4e07408562be,80,1,6,3,3,0,0,0,0
39,No,Travel_Rarely,867,Research & Development,9,2,Medical,1,1936,1,03f8c1273e3d,87,3,2,Manufacturing Director,1,Married,236e5fcfd216,12315,1,Y,No,b7a56873cd77,4,4b227777d4dd,80,1,10,3,3,10,0,7,9
38,No,Travel_Frequently,1394,Research & Development,8,3,Medical,1,1937,4,e8cca808ae5a,58,2,2,Research Scientist,2,Divorced,3c1d9213f876,18115,1,Y,Yes,b17ef6d19c7a,3,4e07408562be,80,1,20,3,3,20,11,0,7
58,No,Travel_Rarely,605,Sales,21,3,Life Sciences,1,1938,4,e8cca808ae5a,72,3,4,Manager,4,Married,275839578ec6,11761,4,Y,Yes,3fdba35f04dc,3,4e07408562be,80,1,29,2,2,1,0,0,0
32,Yes,Travel_Frequently,238,Research & Development,5,2,Life Sciences,1,1939,1,e8cca808ae5a,47,4,1,Research Scientist,3,Single,b553e6af4fb1,15318,3,Y,Yes,8527a891e224,3,6b86b273ff34,80,0,8,2,3,4,1,0,3
38,No,Travel_Rarely,1206,Research & Development,9,2,Life Sciences,1,1940,2,03f8c1273e3d,71,3,1,Research Scientist,4,Divorced,544cc7394fc5,14293,2,Y,No,9400f1b21cb5,3,4b227777d4dd,80,2,10,0,4,5,2,0,3
49,No,Travel_Frequently,1064,Research & Development,2,1,Life Sciences,1,1941,2,03f8c1273e3d,42,3,5,Research Director,4,Married,bf027b5c0242,13738,3,Y,No,e629fa6598d7,3,4b227777d4dd,80,0,28,3,3,5,4,4,3
42,No,Travel_Rarely,419,Sales,12,4,Marketing,1,1943,2,03f8c1273e3d,77,3,2,Sales Executive,4,Divorced,0d5a75339f4b,2900,3,Y,Yes,6b51d431df5d,3,4e07408562be,80,2,14,4,3,0,0,0,0
27,Yes,Travel_Frequently,1337,Human Resources,22,3,Human Resources,1,1944,1,e8cca808ae5a,58,2,1,Human Resources,2,Married,1d10cfa4a998,19555,1,Y,No,6b51d431df5d,3,6b86b273ff34,80,0,1,2,3,1,0,0,0
35,No,Travel_Rarely,682,Sales,18,4,Medical,1,1945,2,03f8c1273e3d,71,3,2,Sales Executive,1,Married,f3058bcbb026,15975,0,Y,No,b17ef6d19c7a,3,4b227777d4dd,80,1,6,2,1,5,3,0,4
28,No,Non-Travel,1103,Research & Development,16,3,Medical,1,1947,3,03f8c1273e3d,49,3,1,Research Scientist,3,Single,db6529e972a4,2122,1,Y,No,8527a891e224,3,4e07408562be,80,0,5,3,2,5,3,1,4
31,No,Non-Travel,976,Research & Development,3,2,Medical,1,1948,3,03f8c1273e3d,48,3,1,Research Scientist,1,Divorced,bedd4ae33228,3995,1,Y,Yes,3fdba35f04dc,3,4b227777d4dd,80,1,4,3,4,4,2,2,3
36,No,Non-Travel,1351,Research & Development,9,4,Life Sciences,1,1949,1,03f8c1273e3d,66,4,1,Laboratory Technician,2,Married,67be10d98e9a,9238,1,Y,No,785f3ec7eb32,4,d4735e3a265e,80,0,5,3,3,5,4,0,2
34,No,Travel_Rarely,937,Sales,1,3,Marketing,1,1950,1,03f8c1273e3d,32,3,3,Sales Executive,4,Single,824823867acb,6770,1,Y,No,6f4b6612125f,4,6b86b273ff34,80,0,14,3,2,14,8,2,1
34,No,Travel_Rarely,1239,Sales,13,4,Medical,1,1951,4,03f8c1273e3d,39,3,3,Sales Executive,3,Divorced,8322608869c4,22914,1,Y,No,4ec9599fc203,3,4e07408562be,80,1,9,2,2,8,7,1,1
26,No,Travel_Rarely,157,Research & Development,1,3,Medical,1,1952,3,03f8c1273e3d,95,3,1,Laboratory Technician,1,Single,abcc98cc68f8,20006,0,Y,No,3fdba35f04dc,3,4b227777d4dd,80,0,8,6,2,7,7,7,6
29,No,Travel_Rarely,136,Research & Development,1,3,Life Sciences,1,1954,1,03f8c1273e3d,89,3,2,Healthcare Representative,1,Married,93919581b931,6225,0,Y,No,6b51d431df5d,3,6b86b273ff34,80,1,6,5,2,5,3,0,2
32,No,Non-Travel,1146,Research & Development,15,4,Medical,1,1955,3,e8cca808ae5a,34,3,2,Healthcare Representative,4,Divorced,073d53bacb8f,16542,5,Y,No,4ec9599fc203,3,d4735e3a265e,80,1,9,6,3,5,1,1,2
31,No,Travel_Frequently,1125,Research & Development,1,3,Life Sciences,1,1956,4,03f8c1273e3d,48,1,2,Research Scientist,1,Married,5ca452a03e3d,5771,1,Y,No,6f4b6612125f,4,d4735e3a265e,80,0,10,6,3,10,8,8,7
28,Yes,Travel_Rarely,1404,Research & Development,17,3,Technical Degree,1,1960,3,03f8c1273e3d,32,2,1,Laboratory Technician,4,Divorced,cb5611d87825,18779,5,Y,No,6b51d431df5d,3,6b86b273ff34,80,1,6,2,2,4,1,0,3
38,No,Travel_Rarely,1404,Sales,1,3,Life Sciences,1,1961,1,03f8c1273e3d,59,2,1,Sales Representative,1,Single,cf46eed0371a,11473,4,Y,No,8527a891e224,3,6b86b273ff34,80,0,20,3,2,1,0,0,0
35,No,Travel_Rarely,1224,Sales,7,4,Life Sciences,1,1962,3,e8cca808ae5a,55,3,2,Sales Executive,4,Married,b7b598d56a50,13586,1,Y,Yes,4fc82b26aecb,3,4b227777d4dd,80,0,10,2,3,10,8,0,9
27,No,Travel_Rarely,954,Sales,9,3,Marketing,1,1965,4,03f8c1273e3d,44,3,2,Sales Executive,4,Single,550b182719f3,5099,1,Y,No,8527a891e224,3,6b86b273ff34,80,0,7,5,3,7,7,0,7
32,No,Travel_Rarely,1373,Research & Development,5,4,Life Sciences,1,1966,4,03f8c1273e3d,56,2,2,Manufacturing Director,4,Single,781cc9c31365,10138,8,Y,No,c2356069e9d1,4,d4735e3a265e,80,0,8,1,3,1,0,0,0
31,Yes,Travel_Frequently,754,Sales,26,4,Marketing,1,1967,1,03f8c1273e3d,63,3,2,Sales Executive,4,Married,fca1bf3940c0,21075,1,Y,Yes,4fc82b26aecb,3,4e07408562be,80,0,10,4,3,10,7,0,8
53,Yes,Travel_Rarely,1168,Sales,24,4,Life Sciences,1,1968,1,03f8c1273e3d,66,3,3,Sales Executive,1,Single,4e27404e0027,5843,6,Y,Yes,3fdba35f04dc,3,d4735e3a265e,80,0,15,2,2,2,2,2,2
54,No,Travel_Rarely,155,Research & Development,9,2,Life Sciences,1,1969,1,e8cca808ae5a,67,3,2,Research Scientist,3,Married,c1715e13eade,22474,3,Y,No,4fc82b26aecb,3,4e07408562be,80,2,9,6,2,4,3,2,3
33,No,Travel_Frequently,1303,Research & Development,7,2,Life Sciences,1,1970,4,03f8c1273e3d,36,3,2,Healthcare Representative,3,Divorced,2b5359e179b0,18079,1,Y,No,f5ca38f748a1,4,4e07408562be,80,3,9,2,3,9,7,2,8
43,No,Travel_Rarely,574,Research & Development,11,3,Life Sciences,1,1971,1,03f8c1273e3d,30,3,3,Healthcare Representative,3,Married,856aca9a7224,16873,1,Y,No,4523540f1504,3,d4735e3a265e,80,1,10,1,3,10,9,0,9
38,No,Travel_Frequently,1444,Human Resources,1,4,Other,1,1972,4,03f8c1273e3d,88,3,1,Human Resources,2,Married,ef689ce8aaf8,5224,0,Y,Yes,4fc82b26aecb,3,d4735e3a265e,80,1,7,2,3,6,2,1,2
55,No,Travel_Rarely,189,Human Resources,26,4,Human Resources,1,1973,3,03f8c1273e3d,71,4,5,Manager,2,Married,deaeee50e8ad,25811,4,Y,Yes,4ec9599fc203,3,6b86b273ff34,80,1,35,0,3,10,9,1,4
31,No,Travel_Rarely,1276,Research & Development,2,1,Medical,1,1974,4,e8cca808ae5a,59,1,1,Laboratory Technician,4,Divorced,e9ab39f01d43,17536,1,Y,Yes,4fc82b26aecb,3,4e07408562be,80,3,1,4,3,1,0,0,0
39,No,Travel_Rarely,119,Sales,15,4,Marketing,1,1975,2,03f8c1273e3d,77,3,4,Sales Executive,1,Single,31943fca4fea,25098,0,Y,No,6b51d431df5d,3,6b86b273ff34,80,0,21,3,3,20,8,11,10
42,No,Non-Travel,335,Research & Development,23,2,Life Sciences,1,1976,4,03f8c1273e3d,37,2,2,Research Scientist,3,Single,2b013929a3a4,14811,1,Y,No,6b51d431df5d,3,4b227777d4dd,80,0,20,2,3,20,9,3,7
31,No,Non-Travel,697,Research & Development,10,3,Medical,1,1979,3,e8cca808ae5a,40,3,3,Research Director,3,Married,5fa545cedfe5,26862,4,Y,No,f5ca38f748a1,4,4e07408562be,80,1,13,2,4,11,7,4,8
54,No,Travel_Rarely,157,Research & Development,10,3,Medical,1,1980,3,e8cca808ae5a,77,3,2,Manufacturing Director,1,Single,bc45def81515,25198,6,Y,Yes,9400f1b21cb5,3,4b227777d4dd,80,0,9,3,3,5,2,1,4
24,No,Travel_Rarely,771,Research & Development,1,2,Life Sciences,1,1981,2,03f8c1273e3d,45,2,2,Healthcare Representative,3,Single,d6da8b1e3b24,14120,1,Y,No,6b51d431df5d,3,d4735e3a265e,80,0,4,2,2,4,3,1,2
23,No,Travel_Rarely,571,Research & Development,12,2,Other,1,1982,4,03f8c1273e3d,78,3,1,Laboratory Technician,4,Single,23aadc4582d4,13672,1,Y,No,3fdba35f04dc,3,4e07408562be,80,0,5,6,4,5,2,1,4
40,No,Travel_Frequently,692,Research & Development,11,3,Technical Degree,1,1985,4,e8cca808ae5a,73,3,2,Laboratory Technician,3,Married,37428ab36250,26849,1,Y,No,4fc82b26aecb,3,6b86b273ff34,80,1,10,2,4,10,9,9,4
40,No,Travel_Rarely,444,Sales,2,2,Marketing,1,1986,2,e8cca808ae5a,92,3,2,Sales Executive,2,Married,ae6cce4b004d,4258,3,Y,No,8527a891e224,3,4e07408562be,80,1,15,4,3,11,8,5,10
25,No,Travel_Rarely,309,Human Resources,2,3,Human Resources,1,1987,3,e8cca808ae5a,82,3,1,Human Resources,2,Married,2d2c33c52e3d,19655,4,Y,No,8527a891e224,3,4e07408562be,80,0,6,3,3,2,0,1,2
30,No,Travel_Rarely,911,Research & Development,1,2,Medical,1,1989,4,03f8c1273e3d,76,3,1,Laboratory Technician,2,Married,8d7c658f9476,4077,1,Y,No,3fdba35f04dc,3,4e07408562be,80,0,12,6,2,12,8,1,7
25,No,Travel_Rarely,977,Research & Development,2,1,Other,1,1992,4,03f8c1273e3d,57,3,1,Laboratory Technician,3,Divorced,ea3aaf091973,7298,6,Y,Yes,9400f1b21cb5,3,4e07408562be,80,1,7,2,2,2,2,0,2
47,No,Travel_Rarely,1180,Research & Development,25,3,Medical,1,1993,1,03f8c1273e3d,84,3,3,Healthcare Representative,3,Single,690b0ff208b0,13084,2,Y,No,535fa30d7e25,4,d4735e3a265e,80,0,25,3,3,17,14,12,11
33,No,Non-Travel,1313,Research & Development,1,2,Medical,1,1994,2,03f8c1273e3d,59,2,1,Laboratory Technician,3,Divorced,e5e53c784d5d,20439,1,Y,No,6b51d431df5d,3,4e07408562be,80,3,1,2,2,1,1,0,0
38,No,Travel_Rarely,1321,Sales,1,4,Life Sciences,1,1995,4,03f8c1273e3d,86,3,2,Sales Executive,2,Married,bc45def81515,7636,0,Y,No,e629fa6598d7,3,6b86b273ff34,80,2,16,3,3,15,13,5,8
31,No,Travel_Rarely,1154,Sales,2,2,Life Sciences,1,1996,1,03f8c1273e3d,54,3,1,Sales Representative,3,Married,77ac7d024218,6393,0,Y,No,9400f1b21cb5,3,4e07408562be,80,1,3,1,3,2,2,1,2
38,No,Travel_Frequently,508,Research & Development,6,4,Life Sciences,1,1997,1,03f8c1273e3d,72,2,2,Manufacturing Director,3,Married,b7375a47bf38,14284,2,Y,No,4fc82b26aecb,3,4b227777d4dd,80,1,10,1,3,8,3,7,7
42,No,Travel_Rarely,557,Research & Development,18,4,Life Sciences,1,1998,4,03f8c1273e3d,35,3,2,Research Scientist,1,Divorced,9d95bba70236,11189,6,Y,Yes,4523540f1504,3,4e07408562be,80,1,9,3,2,4,3,1,2
41,No,Travel_Rarely,642,Research & Development,1,3,Life Sciences,1,1999,4,03f8c1273e3d,76,3,1,Research Scientist,4,Married,ec23bffbd830,21412,3,Y,No,785f3ec7eb32,4,6b86b273ff34,80,1,12,3,3,5,3,1,0
47,No,Non-Travel,1162,Research & Development,1,1,Medical,1,2000,3,e8cca808ae5a,98,3,3,Research Director,2,Married,ef090134e19f,17231,0,Y,No,4ec9599fc203,3,6b86b273ff34,80,2,14,3,1,13,8,5,12
35,No,Travel_Rarely,1490,Research & Development,11,4,Medical,1,2003,4,03f8c1273e3d,43,3,1,Laboratory Technician,3,Married,a4167766b94b,20232,7,Y,Yes,4fc82b26aecb,3,4e07408562be,80,1,5,3,3,2,2,2,2
22,No,Travel_Rarely,581,Research & Development,1,2,Life Sciences,1,2007,4,03f8c1273e3d,63,3,1,Research Scientist,3,Single,cb54dc2b78ef,17624,0,Y,No,6b51d431df5d,3,4b227777d4dd,80,0,4,2,4,3,2,1,2
35,No,Travel_Rarely,1395,Research & Development,9,4,Medical,1,2008,2,03f8c1273e3d,48,3,2,Research Scientist,3,Single,28479e269858,18698,1,Y,No,9400f1b21cb5,3,d4735e3a265e,80,0,10,5,3,10,7,0,8
33,No,Travel_Rarely,501,Research & Development,15,2,Medical,1,2009,2,e8cca808ae5a,95,3,2,Healthcare Representative,4,Married,621c052f2f82,21653,0,Y,Yes,3fdba35f04dc,3,6b86b273ff34,80,1,10,6,3,9,7,8,1
32,No,Travel_Rarely,267,Research & Development,29,4,Life Sciences,1,2010,3,e8cca808ae5a,49,2,1,Laboratory Technician,2,Single,3b063d4c746d,15919,1,Y,No,3fdba35f04dc,3,4e07408562be,80,0,6,3,3,6,2,4,1
40,No,Travel_Rarely,543,Research & Development,1,4,Life Sciences,1,2012,1,03f8c1273e3d,83,3,1,Laboratory Technician,4,Married,d2b7fb53758a,4060,8,Y,No,9400f1b21cb5,3,4e07408562be,80,2,8,3,2,1,0,0,0
32,No,Travel_Rarely,234,Sales,1,4,Medical,1,2013,2,03f8c1273e3d,68,2,1,Sales Representative,2,Married,5292478e83f6,18024,0,Y,No,8527a891e224,3,d4735e3a265e,80,1,3,2,3,2,2,2,2
39,No,Travel_Rarely,116,Research & Development,24,1,Life Sciences,1,2014,1,03f8c1273e3d,52,3,2,Research Scientist,4,Single,50202bdf2944,5340,7,Y,No,3fdba35f04dc,3,6b86b273ff34,80,0,18,2,3,7,7,1,7
38,No,Travel_Rarely,201,Research & Development,10,3,Medical,1,2015,2,e8cca808ae5a,99,1,3,Research Director,3,Married,d5654ec1bd39,3376,3,Y,No,6b51d431df5d,3,6b86b273ff34,80,1,20,3,3,18,16,1,11
32,No,Travel_Rarely,801,Sales,1,4,Marketing,1,2016,3,e8cca808ae5a,48,3,3,Sales Executive,4,Married,1794d646056a,24032,1,Y,No,9400f1b21cb5,3,4e07408562be,80,2,14,3,3,14,10,5,7
37,No,Travel_Rarely,161,Research & Development,10,3,Life Sciences,1,2017,3,e8cca808ae5a,42,4,3,Research Director,4,Married,ee4e410c9ca2,15471,1,Y,Yes,b7a56873cd77,4,6b86b273ff34,80,1,16,2,3,16,11,6,8
25,No,Travel_Rarely,1382,Sales,8,2,Other,1,2018,1,e8cca808ae5a,85,3,2,Sales Executive,3,Divorced,5a54ac537c15,13684,0,Y,Yes,785f3ec7eb32,4,d4735e3a265e,80,1,6,3,2,5,3,0,4
52,No,Non-Travel,585,Sales,29,4,Life Sciences,1,2019,1,03f8c1273e3d,40,3,1,Sales Representative,4,Divorced,0dc5713ce820,19788,2,Y,No,e629fa6598d7,3,d4735e3a265e,80,2,16,3,2,9,8,0,0
44,No,Travel_Rarely,1037,Research & Development,1,3,Medical,1,2020,2,03f8c1273e3d,42,3,1,Research Scientist,4,Single,14326baf5937,13422,6,Y,Yes,6b51d431df5d,3,4e07408562be,80,0,6,2,3,4,3,1,2
21,No,Travel_Rarely,501,Sales,5,1,Medical,1,2021,3,03f8c1273e3d,58,3,1,Sales Representative,1,Single,86af1a4e8605,25479,1,Y,Yes,4fc82b26aecb,3,4b227777d4dd,80,0,2,6,3,2,2,1,2
39,No,Non-Travel,105,Research & Development,9,3,Life Sciences,1,2022,4,03f8c1273e3d,87,3,5,Manager,4,Single,591d3186283c,15302,2,Y,No,3fdba35f04dc,3,4e07408562be,80,0,21,3,2,6,0,1,3
23,Yes,Travel_Frequently,638,Sales,9,3,Marketing,1,2023,4,03f8c1273e3d,33,3,1,Sales Representative,1,Married,61dd8cd59a50,26956,1,Y,No,9400f1b21cb5,3,6b86b273ff34,80,1,1,3,2,1,0,1,0
36,No,Travel_Rarely,557,Sales,3,3,Medical,1,2024,1,e8cca808ae5a,94,2,3,Sales Executive,4,Married,263b20fc4cb4,12695,0,Y,No,9400f1b21cb5,3,4e07408562be,80,2,10,2,3,9,7,3,4
36,No,Travel_Frequently,688,Research & Development,4,2,Life Sciences,1,2025,4,e8cca808ae5a,97,3,2,Manufacturing Director,2,Divorced,a79a343aec58,9192,7,Y,No,3fdba35f04dc,3,d4735e3a265e,80,3,18,3,3,4,2,0,2
56,No,Non-Travel,667,Research & Development,1,4,Life Sciences,1,2026,3,03f8c1273e3d,57,3,2,Healthcare Representative,3,Divorced,01eab8520dfa,26236,1,Y,No,6f4b6612125f,4,6b86b273ff34,80,1,13,2,2,13,12,1,9
29,Yes,Travel_Rarely,1092,Research & Development,1,4,Medical,1,2027,1,03f8c1273e3d,36,3,1,Research Scientist,4,Married,22046fca3d05,26124,9,Y,Yes,8527a891e224,3,d4735e3a265e,80,3,4,3,4,2,2,2,2
42,No,Travel_Rarely,300,Research & Development,2,3,Life Sciences,1,2031,1,03f8c1273e3d,56,3,5,Manager,3,Married,f045e6249c47,17312,5,Y,No,4fc82b26aecb,3,6b86b273ff34,80,0,24,2,2,22,6,4,14
56,Yes,Travel_Rarely,310,Research & Development,7,2,Technical Degree,1,2032,4,03f8c1273e3d,72,3,1,Laboratory Technician,3,Married,ab7e67e9480c,3666,8,Y,No,4fc82b26aecb,3,4b227777d4dd,80,1,14,4,1,10,9,9,8
41,No,Travel_Rarely,582,Research & Development,28,4,Life Sciences,1,2034,1,e8cca808ae5a,60,2,4,Manufacturing Director,2,Married,38e2810d3b12,5640,0,Y,No,535fa30d7e25,4,4e07408562be,80,1,21,3,3,20,7,0,10
34,No,Travel_Rarely,704,Sales,28,3,Marketing,1,2035,4,e8cca808ae5a,95,2,2,Sales Executive,3,Married,815573775e96,8978,1,Y,No,6f4b6612125f,4,4b227777d4dd,80,2,8,2,3,8,7,1,7
36,No,Non-Travel,301,Sales,15,4,Marketing,1,2036,4,03f8c1273e3d,88,1,2,Sales Executive,4,Divorced,dab6e4672321,10436,1,Y,No,c2356069e9d1,4,6b86b273ff34,80,1,15,4,2,15,12,11,11
41,No,Travel_Rarely,930,Sales,3,3,Life Sciences,1,2037,3,03f8c1273e3d,57,2,2,Sales Executive,2,Divorced,8eff417a0ed7,12227,2,Y,No,4fc82b26aecb,3,4e07408562be,80,1,14,5,3,5,4,0,4
32,No,Travel_Rarely,529,Research & Development,2,3,Technical Degree,1,2038,4,03f8c1273e3d,78,3,1,Research Scientist,1,Single,d376881f5bd0,11288,1,Y,No,8527a891e224,3,4b227777d4dd,80,0,4,4,3,4,2,1,2
35,No,Travel_Rarely,1146,Human Resources,26,4,Life Sciences,1,2040,3,e8cca808ae5a,31,3,3,Human Resources,4,Single,e922a9e73b66,16642,1,Y,Yes,b17ef6d19c7a,3,4e07408562be,80,0,9,2,3,9,0,1,7
38,No,Travel_Rarely,345,Sales,10,2,Life Sciences,1,2041,1,e8cca808ae5a,100,3,2,Sales Executive,4,Married,d9a108ca35d8,5982,1,Y,No,4fc82b26aecb,3,4e07408562be,80,1,10,1,3,10,7,1,9
50,Yes,Travel_Frequently,878,Sales,1,4,Life Sciences,1,2044,2,03f8c1273e3d,94,3,2,Sales Executive,3,Divorced,ad90e4646871,14255,7,Y,No,6b51d431df5d,3,4b227777d4dd,80,2,12,3,3,6,3,0,1
36,No,Travel_Rarely,1120,Sales,11,4,Marketing,1,2045,2,e8cca808ae5a,100,2,2,Sales Executive,4,Married,97fdcbef7534,14369,4,Y,No,3fdba35f04dc,3,6b86b273ff34,80,1,8,2,2,6,3,0,0
45,No,Travel_Rarely,374,Sales,20,3,Life Sciences,1,2046,4,e8cca808ae5a,50,3,2,Sales Executive,3,Single,13d182f2d860,23333,8,Y,No,e629fa6598d7,3,4e07408562be,80,0,8,3,3,5,3,0,1
40,No,Travel_Rarely,1322,Research & Development,2,4,Life Sciences,1,2048,3,03f8c1273e3d,52,2,1,Research Scientist,3,Single,2d87bf8c9d80,2725,2,Y,No,8527a891e224,3,4b227777d4dd,80,0,8,2,3,2,2,2,2
35,No,Travel_Frequently,1199,Research & Development,18,4,Life Sciences,1,2049,3,03f8c1273e3d,80,3,2,Healthcare Representative,3,Married,d8bed4cdd252,24594,1,Y,Yes,8527a891e224,3,4b227777d4dd,80,2,10,2,4,10,2,0,2
40,No,Travel_Rarely,1194,Research & Development,2,4,Medical,1,2051,3,e8cca808ae5a,98,3,1,Research Scientist,3,Married,85d6385b945c,12549,2,Y,No,8527a891e224,3,d4735e3a265e,80,3,20,2,3,5,3,0,2
35,No,Travel_Rarely,287,Research & Development,1,4,Life Sciences,1,2052,3,e8cca808ae5a,62,1,1,Research Scientist,4,Married,33d1b80a149c,8952,1,Y,No,6b51d431df5d,3,4b227777d4dd,80,1,4,5,3,4,3,1,1
29,No,Travel_Rarely,1378,Research & Development,13,2,Other,1,2053,4,03f8c1273e3d,46,2,2,Laboratory Technician,2,Married,d2572ef35614,23679,4,Y,Yes,3fdba35f04dc,3,6b86b273ff34,80,1,10,2,3,4,3,0,3
29,No,Travel_Rarely,468,Research & Development,28,4,Medical,1,2054,4,e8cca808ae5a,73,2,1,Research Scientist,1,Single,c69f0baaa1af,8489,1,Y,No,8527a891e224,3,d4735e3a265e,80,0,5,3,1,5,4,0,4
50,Yes,Travel_Rarely,410,Sales,28,3,Marketing,1,2055,4,03f8c1273e3d,39,2,3,Sales Executive,1,Divorced,9087412ddad3,16586,4,Y,Yes,3fdba35f04dc,3,d4735e3a265e,80,1,20,3,3,3,2,2,0
39,No,Travel_Rarely,722,Sales,24,1,Marketing,1,2056,2,e8cca808ae5a,60,2,4,Sales Executive,4,Married,03e4a812c809,8828,0,Y,No,4fc82b26aecb,3,6b86b273ff34,80,1,21,2,2,20,9,9,6
31,No,Non-Travel,325,Research & Development,5,3,Medical,1,2057,2,03f8c1273e3d,74,3,2,Manufacturing Director,1,Single,f06736b00310,3787,0,Y,No,9400f1b21cb5,3,d4735e3a265e,80,0,10,2,3,9,4,1,7
26,No,Travel_Rarely,1167,Sales,5,3,Other,1,2060,4,e8cca808ae5a,30,2,1,Sales Representative,3,Single,0ca1dddf3819,21378,0,Y,No,4ec9599fc203,3,4b227777d4dd,80,0,5,2,3,4,2,0,0
36,No,Travel_Frequently,884,Research & Development,23,2,Medical,1,2061,3,03f8c1273e3d,41,4,2,Laboratory Technician,4,Married,e001dad6f306,12290,4,Y,No,4523540f1504,3,4e07408562be,80,1,17,3,3,5,2,0,3
39,No,Travel_Rarely,613,Research & Development,6,1,Medical,1,2062,4,03f8c1273e3d,42,2,3,Healthcare Representative,1,Married,8f9376a94475,21457,4,Y,No,e629fa6598d7,3,6b86b273ff34,80,1,9,5,3,7,7,1,7
27,No,Travel_Rarely,155,Research & Development,4,3,Life Sciences,1,2064,2,03f8c1273e3d,87,4,2,Manufacturing Director,2,Married,af276dd998e0,5174,1,Y,Yes,f5ca38f748a1,4,d4735e3a265e,80,1,6,0,3,6,2,0,3
49,No,Travel_Frequently,1023,Sales,2,3,Medical,1,2065,4,03f8c1273e3d,63,2,2,Sales Executive,2,Married,1db01826cf7f,13243,2,Y,No,8527a891e224,3,4b227777d4dd,80,0,17,3,2,9,6,0,8
34,No,Travel_Rarely,628,Research & Development,8,3,Medical,1,2068,2,03f8c1273e3d,82,4,2,Laboratory Technician,3,Married,3b96c7da8a60,10228,2,Y,No,6b51d431df5d,3,6b86b273ff34,80,0,6,3,4,4,3,1,2
,,,,,,,,,,,,,,,,,,,,,,,,,,,,,,,,,,